time="2026-09-23T12:22:25+01:00" level=info msg="Running main config from specified file" @service=redpanda-connect benthos_version="" path=./benchmark_config_scnbump_scnwindow.yaml
time="2026-09-23T12:22:25+01:00" level=debug msg="Loading explicitly defined Redpanda Enterprise license" @service=redpanda-connect
time="2026-09-23T12:22:25+01:00" level=info msg="Listening for HTTP requests at: http://0.0.0.0:4195" @service=redpanda-connect
time="2026-09-23T12:22:25+01:00" level=info msg="Successfully loaded Redpanda license" @service=redpanda-connect expires_at="2026-12-10T09:33:10Z" license_org="Redpanda Data" license_type=enterprise
time="2026-09-23T12:22:25+01:00" level=info msg="Launching a Redpanda Connect instance, use CTRL+C to close" @service=redpanda-connect
time="2026-09-23T12:22:25+01:00" level=info msg="Output type stdout is now active" @service=redpanda-connect label="" path=root.output
time="2026-09-23T12:22:25+01:00" level=info msg="Connected to Oracle container: CDB$ROOT" @service=redpanda-connect label="" path=root.input
time="2026-09-23T12:22:25+01:00" level=info msg="CDB-mode: will use ALTER SESSION SET CONTAINER = TESTPDB for catalog queries" @service=redpanda-connect label="" path=root.input
time="2026-09-23T12:22:25+01:00" level=info msg="Found existing checkpoint cache table 'C##RPCN.CDC_CHECKPOINT_TESTPDB'" @service=redpanda-connect label="" path=root.input
time="2026-09-23T12:22:25+01:00" level=info msg="Found user table 'TESTDB.CART'" @service=redpanda-connect label="" path=root.input
time="2026-09-23T12:22:25+01:00" level=info msg="Found user table 'TESTDB.PRODUCTS'" @service=redpanda-connect label="" path=root.input
time="2026-09-23T12:22:25+01:00" level=info msg="Found user table 'TESTDB.USERS'" @service=redpanda-connect label="" path=root.input
time="2026-09-23T12:22:25+01:00" level=info msg="Resuming from cached SCN value: 5113453" @service=redpanda-connect label="" path=root.input
time="2026-09-23T12:22:25+01:00" level=info msg="Snapshotting disabled, skipping..." @service=redpanda-connect label="" path=root.input
time="2026-09-23T12:22:25+01:00" level=info msg="Input type oracledb_cdc is now active" @service=redpanda-connect label="" path=root.input
time="2026-09-23T12:22:25+01:00" level=info msg="Starting streaming change events for 3 table(s) beginning from SCN: 5113453" @service=redpanda-connect label="" path=root.input
time="2026-09-23T12:22:25+01:00" level=debug msg="Collected 16 redo log file(s) for LogMiner: [ARCHIVED ARCHIVED ARCHIVED ARCHIVED ARCHIVED ARCHIVED ARCHIVED ARCHIVED ARCHIVED ARCHIVED ARCHIVED ARCHIVED ARCHIVED ARCHIVED ARCHIVED ARCHIVED]" @service=redpanda-connect label="" path=root.input
time="2026-09-23T12:22:25+01:00" level=debug msg="Loaded ARCHIVED redo log file '/opt/oracle/oradata/recovery_area/FREE/archivelog/2026_09_14/o1_mf_1_6_obhtvg6v_.arc' into LogMiner" @service=redpanda-connect label="" path=root.input
time="2026-09-23T12:22:25+01:00" level=debug msg="Loaded ARCHIVED redo log file '/opt/oracle/oradata/recovery_area/FREE/archivelog/2026_09_14/o1_mf_1_7_obhtxb84_.arc' into LogMiner" @service=redpanda-connect label="" path=root.input
time="2026-09-23T12:22:25+01:00" level=debug msg="Loaded ARCHIVED redo log file '/opt/oracle/oradata/recovery_area/FREE/archivelog/2026_09_14/o1_mf_1_8_obhtz9bo_.arc' into LogMiner" @service=redpanda-connect label="" path=root.input
time="2026-09-23T12:22:25+01:00" level=debug msg="Loaded ARCHIVED redo log file '/opt/oracle/oradata/recovery_area/FREE/archivelog/2026_09_14/o1_mf_1_9_obhv15q1_.arc' into LogMiner" @service=redpanda-connect label="" path=root.input
time="2026-09-23T12:22:25+01:00" level=debug msg="Loaded ARCHIVED redo log file '/opt/oracle/oradata/recovery_area/FREE/archivelog/2026_09_14/o1_mf_1_10_obhv31rs_.arc' into LogMiner" @service=redpanda-connect label="" path=root.input
time="2026-09-23T12:22:25+01:00" level=debug msg="Loaded ARCHIVED redo log file '/opt/oracle/oradata/recovery_area/FREE/archivelog/2026_09_14/o1_mf_1_11_obhv4xvd_.arc' into LogMiner" @service=redpanda-connect label="" path=root.input
time="2026-09-23T12:22:25+01:00" level=debug msg="Loaded ARCHIVED redo log file '/opt/oracle/oradata/recovery_area/FREE/archivelog/2026_09_14/o1_mf_1_12_obhv6sxn_.arc' into LogMiner" @service=redpanda-connect label="" path=root.input
time="2026-09-23T12:22:25+01:00" level=debug msg="Loaded ARCHIVED redo log file '/opt/oracle/oradata/recovery_area/FREE/archivelog/2026_09_14/o1_mf_1_13_obhv8oyy_.arc' into LogMiner" @service=redpanda-connect label="" path=root.input
time="2026-09-23T12:22:25+01:00" level=debug msg="Loaded ARCHIVED redo log file '/opt/oracle/oradata/recovery_area/FREE/archivelog/2026_09_14/o1_mf_1_14_obhvbl1g_.arc' into LogMiner" @service=redpanda-connect label="" path=root.input
time="2026-09-23T12:22:25+01:00" level=debug msg="Loaded ARCHIVED redo log file '/opt/oracle/oradata/recovery_area/FREE/archivelog/2026_09_14/o1_mf_1_15_obhvdg34_.arc' into LogMiner" @service=redpanda-connect label="" path=root.input
time="2026-09-23T12:22:25+01:00" level=debug msg="Loaded ARCHIVED redo log file '/opt/oracle/oradata/recovery_area/FREE/archivelog/2026_09_14/o1_mf_1_16_obhvgb5d_.arc' into LogMiner" @service=redpanda-connect label="" path=root.input
time="2026-09-23T12:22:25+01:00" level=debug msg="Loaded ARCHIVED redo log file '/opt/oracle/oradata/recovery_area/FREE/archivelog/2026_09_14/o1_mf_1_17_obhvj67b_.arc' into LogMiner" @service=redpanda-connect label="" path=root.input
time="2026-09-23T12:22:25+01:00" level=debug msg="Loaded ARCHIVED redo log file '/opt/oracle/oradata/recovery_area/FREE/archivelog/2026_09_14/o1_mf_1_18_obhvl2b6_.arc' into LogMiner" @service=redpanda-connect label="" path=root.input
time="2026-09-23T12:22:25+01:00" level=debug msg="Loaded ARCHIVED redo log file '/opt/oracle/oradata/recovery_area/FREE/archivelog/2026_09_14/o1_mf_1_19_obhvmyf1_.arc' into LogMiner" @service=redpanda-connect label="" path=root.input
time="2026-09-23T12:22:25+01:00" level=debug msg="Loaded ARCHIVED redo log file '/opt/oracle/oradata/recovery_area/FREE/archivelog/2026_09_14/o1_mf_1_20_obhvothm_.arc' into LogMiner" @service=redpanda-connect label="" path=root.input
time="2026-09-23T12:22:25+01:00" level=debug msg="Loaded ARCHIVED redo log file '/opt/oracle/oradata/recovery_area/FREE/archivelog/2026_09_14/o1_mf_1_21_obhvqpkj_.arc' into LogMiner" @service=redpanda-connect label="" path=root.input
time="2026-09-23T12:22:25+01:00" level=debug msg="Started LogMiner session from SCN 5113453 to SCN 5123453" @service=redpanda-connect label="" path=root.input
time="2026-09-23T12:22:25+01:00" level=debug msg="Executing LogMiner query with SCN range (scn=5113453 to 5123453 with window 10000)" @service=redpanda-connect label="" path=root.input
time="2026-09-23T12:22:25+01:00" level=debug msg="LogMiner query returned first row after 21.739125ms (scn=5113453 to 5123453)" @service=redpanda-connect label="" path=root.input
time="2026-09-23T12:22:26+01:00" level=debug msg="Collected 15 redo log file(s) for LogMiner: [ARCHIVED ARCHIVED ARCHIVED ARCHIVED ARCHIVED ARCHIVED ARCHIVED ARCHIVED ARCHIVED ARCHIVED ARCHIVED ARCHIVED ARCHIVED ARCHIVED ARCHIVED]" @service=redpanda-connect label="" path=root.input
time="2026-09-23T12:22:26+01:00" level=debug msg="Loaded ARCHIVED redo log file '/opt/oracle/oradata/recovery_area/FREE/archivelog/2026_09_14/o1_mf_1_21_obhvqpkj_.arc' into LogMiner" @service=redpanda-connect label="" path=root.input
time="2026-09-23T12:22:26+01:00" level=debug msg="Loaded ARCHIVED redo log file '/opt/oracle/oradata/recovery_area/FREE/archivelog/2026_09_14/o1_mf_1_22_obhvslnj_.arc' into LogMiner" @service=redpanda-connect label="" path=root.input
time="2026-09-23T12:22:26+01:00" level=debug msg="Loaded ARCHIVED redo log file '/opt/oracle/oradata/recovery_area/FREE/archivelog/2026_09_14/o1_mf_1_23_obhvvgq2_.arc' into LogMiner" @service=redpanda-connect label="" path=root.input
time="2026-09-23T12:22:26+01:00" level=debug msg="Loaded ARCHIVED redo log file '/opt/oracle/oradata/recovery_area/FREE/archivelog/2026_09_14/o1_mf_1_24_obhvxbrz_.arc' into LogMiner" @service=redpanda-connect label="" path=root.input
time="2026-09-23T12:22:26+01:00" level=debug msg="Loaded ARCHIVED redo log file '/opt/oracle/oradata/recovery_area/FREE/archivelog/2026_09_14/o1_mf_1_25_obhvz6tz_.arc' into LogMiner" @service=redpanda-connect label="" path=root.input
time="2026-09-23T12:22:26+01:00" level=debug msg="Loaded ARCHIVED redo log file '/opt/oracle/oradata/recovery_area/FREE/archivelog/2026_09_14/o1_mf_1_26_obhw12wy_.arc' into LogMiner" @service=redpanda-connect label="" path=root.input
time="2026-09-23T12:22:26+01:00" level=debug msg="Loaded ARCHIVED redo log file '/opt/oracle/oradata/recovery_area/FREE/archivelog/2026_09_14/o1_mf_1_27_obhw2yz3_.arc' into LogMiner" @service=redpanda-connect label="" path=root.input
time="2026-09-23T12:22:26+01:00" level=debug msg="Loaded ARCHIVED redo log file '/opt/oracle/oradata/recovery_area/FREE/archivelog/2026_09_14/o1_mf_1_28_obhw4v2b_.arc' into LogMiner" @service=redpanda-connect label="" path=root.input
time="2026-09-23T12:22:26+01:00" level=debug msg="Loaded ARCHIVED redo log file '/opt/oracle/oradata/recovery_area/FREE/archivelog/2026_09_14/o1_mf_1_29_obhw6q4q_.arc' into LogMiner" @service=redpanda-connect label="" path=root.input
time="2026-09-23T12:22:26+01:00" level=debug msg="Loaded ARCHIVED redo log file '/opt/oracle/oradata/recovery_area/FREE/archivelog/2026_09_14/o1_mf_1_30_obhw8m65_.arc' into LogMiner" @service=redpanda-connect label="" path=root.input
time="2026-09-23T12:22:26+01:00" level=debug msg="Loaded ARCHIVED redo log file '/opt/oracle/oradata/recovery_area/FREE/archivelog/2026_09_14/o1_mf_1_31_obhwbg41_.arc' into LogMiner" @service=redpanda-connect label="" path=root.input
time="2026-09-23T12:22:26+01:00" level=debug msg="Loaded ARCHIVED redo log file '/opt/oracle/oradata/recovery_area/FREE/archivelog/2026_09_14/o1_mf_1_32_obhwdby8_.arc' into LogMiner" @service=redpanda-connect label="" path=root.input
time="2026-09-23T12:22:26+01:00" level=debug msg="Loaded ARCHIVED redo log file '/opt/oracle/oradata/recovery_area/FREE/archivelog/2026_09_14/o1_mf_1_33_obhwg7wd_.arc' into LogMiner" @service=redpanda-connect label="" path=root.input
time="2026-09-23T12:22:26+01:00" level=debug msg="Loaded ARCHIVED redo log file '/opt/oracle/oradata/recovery_area/FREE/archivelog/2026_09_14/o1_mf_1_34_obhwj3wp_.arc' into LogMiner" @service=redpanda-connect label="" path=root.input
time="2026-09-23T12:22:26+01:00" level=debug msg="Loaded ARCHIVED redo log file '/opt/oracle/oradata/recovery_area/FREE/archivelog/2026_09_14/o1_mf_1_35_obhwkzy5_.arc' into LogMiner" @service=redpanda-connect label="" path=root.input
time="2026-09-23T12:22:26+01:00" level=debug msg="Started LogMiner session from SCN 5123453 to SCN 5143453" @service=redpanda-connect label="" path=root.input
time="2026-09-23T12:22:26+01:00" level=debug msg="Executing LogMiner query with SCN range (scn=5123453 to 5143453 with window 20000)" @service=redpanda-connect label="" path=root.input
time="2026-09-23T12:22:26+01:00" level=debug msg="LogMiner query returned first row after 17.710291ms (scn=5123453 to 5143453)" @service=redpanda-connect label="" path=root.input
time="2026-09-23T12:22:27+01:00" level=debug msg="Collected 1 redo log file(s) for LogMiner: [ARCHIVED]" @service=redpanda-connect label="" path=root.input
time="2026-09-23T12:22:27+01:00" level=debug msg="Loaded ARCHIVED redo log file '/opt/oracle/oradata/recovery_area/FREE/archivelog/2026_09_14/o1_mf_1_35_obhwkzy5_.arc' into LogMiner" @service=redpanda-connect label="" path=root.input
time="2026-09-23T12:22:27+01:00" level=debug msg="Started LogMiner session from SCN 5143453 to SCN 5173453" @service=redpanda-connect label="" path=root.input
time="2026-09-23T12:22:27+01:00" level=debug msg="Executing LogMiner query with SCN range (scn=5143453 to 5173453 with window 30000)" @service=redpanda-connect label="" path=root.input
time="2026-09-23T12:22:27+01:00" level=debug msg="LogMiner query returned no rows after 10.902333ms (scn=5143453 to 5173453)" @service=redpanda-connect label="" path=root.input
time="2026-09-23T12:22:27+01:00" level=debug msg="Collected 1 redo log file(s) for LogMiner: [ARCHIVED]" @service=redpanda-connect label="" path=root.input
time="2026-09-23T12:22:27+01:00" level=debug msg="Started LogMiner session from SCN 5173453 to SCN 5213453" @service=redpanda-connect label="" path=root.input
time="2026-09-23T12:22:27+01:00" level=debug msg="Executing LogMiner query with SCN range (scn=5173453 to 5213453 with window 40000)" @service=redpanda-connect label="" path=root.input
time="2026-09-23T12:22:27+01:00" level=debug msg="LogMiner query returned no rows after 11.848083ms (scn=5173453 to 5213453)" @service=redpanda-connect label="" path=root.input
time="2026-09-23T12:22:27+01:00" level=debug msg="Collected 1 redo log file(s) for LogMiner: [ARCHIVED]" @service=redpanda-connect label="" path=root.input
time="2026-09-23T12:22:27+01:00" level=debug msg="Started LogMiner session from SCN 5213453 to SCN 5263453" @service=redpanda-connect label="" path=root.input
time="2026-09-23T12:22:27+01:00" level=debug msg="Executing LogMiner query with SCN range (scn=5213453 to 5263453 with window 50000)" @service=redpanda-connect label="" path=root.input
time="2026-09-23T12:22:27+01:00" level=debug msg="LogMiner query returned no rows after 12.271959ms (scn=5213453 to 5263453)" @service=redpanda-connect label="" path=root.input
time="2026-09-23T12:22:27+01:00" level=debug msg="Collected 1 redo log file(s) for LogMiner: [ARCHIVED]" @service=redpanda-connect label="" path=root.input
time="2026-09-23T12:22:27+01:00" level=debug msg="Started LogMiner session from SCN 5263453 to SCN 5323453" @service=redpanda-connect label="" path=root.input
time="2026-09-23T12:22:27+01:00" level=debug msg="Executing LogMiner query with SCN range (scn=5263453 to 5323453 with window 60000)" @service=redpanda-connect label="" path=root.input
time="2026-09-23T12:22:27+01:00" level=debug msg="LogMiner query returned no rows after 12.340417ms (scn=5263453 to 5323453)" @service=redpanda-connect label="" path=root.input
time="2026-09-23T12:22:27+01:00" level=debug msg="Collected 1 redo log file(s) for LogMiner: [ARCHIVED]" @service=redpanda-connect label="" path=root.input
time="2026-09-23T12:22:27+01:00" level=debug msg="Started LogMiner session from SCN 5323453 to SCN 5393453" @service=redpanda-connect label="" path=root.input
time="2026-09-23T12:22:27+01:00" level=debug msg="Executing LogMiner query with SCN range (scn=5323453 to 5393453 with window 70000)" @service=redpanda-connect label="" path=root.input
time="2026-09-23T12:22:27+01:00" level=debug msg="LogMiner query returned no rows after 10.573542ms (scn=5323453 to 5393453)" @service=redpanda-connect label="" path=root.input
time="2026-09-23T12:22:27+01:00" level=debug msg="Collected 1 redo log file(s) for LogMiner: [ARCHIVED]" @service=redpanda-connect label="" path=root.input
time="2026-09-23T12:22:27+01:00" level=debug msg="Started LogMiner session from SCN 5393453 to SCN 5473453" @service=redpanda-connect label="" path=root.input
time="2026-09-23T12:22:27+01:00" level=debug msg="Executing LogMiner query with SCN range (scn=5393453 to 5473453 with window 80000)" @service=redpanda-connect label="" path=root.input
time="2026-09-23T12:22:27+01:00" level=debug msg="LogMiner query returned no rows after 11.126333ms (scn=5393453 to 5473453)" @service=redpanda-connect label="" path=root.input
time="2026-09-23T12:22:27+01:00" level=debug msg="Collected 1 redo log file(s) for LogMiner: [ARCHIVED]" @service=redpanda-connect label="" path=root.input
time="2026-09-23T12:22:27+01:00" level=debug msg="Started LogMiner session from SCN 5473453 to SCN 5563453" @service=redpanda-connect label="" path=root.input
time="2026-09-23T12:22:27+01:00" level=debug msg="Executing LogMiner query with SCN range (scn=5473453 to 5563453 with window 90000)" @service=redpanda-connect label="" path=root.input
time="2026-09-23T12:22:27+01:00" level=debug msg="LogMiner query returned no rows after 8.692791ms (scn=5473453 to 5563453)" @service=redpanda-connect label="" path=root.input
time="2026-09-23T12:22:28+01:00" level=debug msg="Collected 1 redo log file(s) for LogMiner: [ARCHIVED]" @service=redpanda-connect label="" path=root.input
time="2026-09-23T12:22:28+01:00" level=debug msg="Started LogMiner session from SCN 5563453 to SCN 5663453" @service=redpanda-connect label="" path=root.input
time="2026-09-23T12:22:28+01:00" level=debug msg="Executing LogMiner query with SCN range (scn=5563453 to 5663453 with window 100000)" @service=redpanda-connect label="" path=root.input
time="2026-09-23T12:22:28+01:00" level=debug msg="LogMiner query returned no rows after 11.182875ms (scn=5563453 to 5663453)" @service=redpanda-connect label="" path=root.input
time="2026-09-23T12:22:28+01:00" level=debug msg="Collected 1 redo log file(s) for LogMiner: [ARCHIVED]" @service=redpanda-connect label="" path=root.input
time="2026-09-23T12:22:28+01:00" level=debug msg="Started LogMiner session from SCN 5663453 to SCN 5773453" @service=redpanda-connect label="" path=root.input
time="2026-09-23T12:22:28+01:00" level=debug msg="Executing LogMiner query with SCN range (scn=5663453 to 5773453 with window 110000)" @service=redpanda-connect label="" path=root.input
time="2026-09-23T12:22:28+01:00" level=debug msg="LogMiner query returned no rows after 8.043708ms (scn=5663453 to 5773453)" @service=redpanda-connect label="" path=root.input
time="2026-09-23T12:22:28+01:00" level=debug msg="Collected 1 redo log file(s) for LogMiner: [ARCHIVED]" @service=redpanda-connect label="" path=root.input
time="2026-09-23T12:22:28+01:00" level=debug msg="Started LogMiner session from SCN 5773453 to SCN 5893453" @service=redpanda-connect label="" path=root.input
time="2026-09-23T12:22:28+01:00" level=debug msg="Executing LogMiner query with SCN range (scn=5773453 to 5893453 with window 120000)" @service=redpanda-connect label="" path=root.input
time="2026-09-23T12:22:28+01:00" level=debug msg="LogMiner query returned no rows after 12.752542ms (scn=5773453 to 5893453)" @service=redpanda-connect label="" path=root.input
time="2026-09-23T12:22:28+01:00" level=debug msg="Collected 1 redo log file(s) for LogMiner: [ARCHIVED]" @service=redpanda-connect label="" path=root.input
time="2026-09-23T12:22:28+01:00" level=debug msg="Started LogMiner session from SCN 5893453 to SCN 6023453" @service=redpanda-connect label="" path=root.input
time="2026-09-23T12:22:28+01:00" level=debug msg="Executing LogMiner query with SCN range (scn=5893453 to 6023453 with window 130000)" @service=redpanda-connect label="" path=root.input
time="2026-09-23T12:22:28+01:00" level=debug msg="LogMiner query returned no rows after 12.715208ms (scn=5893453 to 6023453)" @service=redpanda-connect label="" path=root.input
time="2026-09-23T12:22:28+01:00" level=debug msg="Collected 1 redo log file(s) for LogMiner: [ARCHIVED]" @service=redpanda-connect label="" path=root.input
time="2026-09-23T12:22:28+01:00" level=debug msg="Started LogMiner session from SCN 6023453 to SCN 6163453" @service=redpanda-connect label="" path=root.input
time="2026-09-23T12:22:28+01:00" level=debug msg="Executing LogMiner query with SCN range (scn=6023453 to 6163453 with window 140000)" @service=redpanda-connect label="" path=root.input
time="2026-09-23T12:22:28+01:00" level=debug msg="LogMiner query returned no rows after 13.361625ms (scn=6023453 to 6163453)" @service=redpanda-connect label="" path=root.input
time="2026-09-23T12:22:28+01:00" level=debug msg="Collected 1 redo log file(s) for LogMiner: [ARCHIVED]" @service=redpanda-connect label="" path=root.input
time="2026-09-23T12:22:28+01:00" level=debug msg="Started LogMiner session from SCN 6163453 to SCN 6313453" @service=redpanda-connect label="" path=root.input
time="2026-09-23T12:22:28+01:00" level=debug msg="Executing LogMiner query with SCN range (scn=6163453 to 6313453 with window 150000)" @service=redpanda-connect label="" path=root.input
time="2026-09-23T12:22:28+01:00" level=debug msg="LogMiner query returned no rows after 12.815708ms (scn=6163453 to 6313453)" @service=redpanda-connect label="" path=root.input
time="2026-09-23T12:22:28+01:00" level=debug msg="Collected 1 redo log file(s) for LogMiner: [ARCHIVED]" @service=redpanda-connect label="" path=root.input
time="2026-09-23T12:22:28+01:00" level=debug msg="Started LogMiner session from SCN 6313453 to SCN 6473453" @service=redpanda-connect label="" path=root.input
time="2026-09-23T12:22:28+01:00" level=debug msg="Executing LogMiner query with SCN range (scn=6313453 to 6473453 with window 160000)" @service=redpanda-connect label="" path=root.input
time="2026-09-23T12:22:28+01:00" level=debug msg="LogMiner query returned no rows after 13.333791ms (scn=6313453 to 6473453)" @service=redpanda-connect label="" path=root.input
time="2026-09-23T12:22:28+01:00" level=debug msg="Collected 1 redo log file(s) for LogMiner: [ARCHIVED]" @service=redpanda-connect label="" path=root.input
time="2026-09-23T12:22:28+01:00" level=debug msg="Started LogMiner session from SCN 6473453 to SCN 6643453" @service=redpanda-connect label="" path=root.input
time="2026-09-23T12:22:28+01:00" level=debug msg="Executing LogMiner query with SCN range (scn=6473453 to 6643453 with window 170000)" @service=redpanda-connect label="" path=root.input
time="2026-09-23T12:22:28+01:00" level=debug msg="LogMiner query returned no rows after 12.074458ms (scn=6473453 to 6643453)" @service=redpanda-connect label="" path=root.input
time="2026-09-23T12:22:29+01:00" level=debug msg="Collected 1 redo log file(s) for LogMiner: [ARCHIVED]" @service=redpanda-connect label="" path=root.input
time="2026-09-23T12:22:29+01:00" level=debug msg="Started LogMiner session from SCN 6643453 to SCN 6823453" @service=redpanda-connect label="" path=root.input
time="2026-09-23T12:22:29+01:00" level=debug msg="Executing LogMiner query with SCN range (scn=6643453 to 6823453 with window 180000)" @service=redpanda-connect label="" path=root.input
time="2026-09-23T12:22:29+01:00" level=debug msg="LogMiner query returned no rows after 12.895333ms (scn=6643453 to 6823453)" @service=redpanda-connect label="" path=root.input
time="2026-09-23T12:22:29+01:00" level=debug msg="Collected 1 redo log file(s) for LogMiner: [ARCHIVED]" @service=redpanda-connect label="" path=root.input
time="2026-09-23T12:22:29+01:00" level=debug msg="Started LogMiner session from SCN 6823453 to SCN 7013453" @service=redpanda-connect label="" path=root.input
time="2026-09-23T12:22:29+01:00" level=debug msg="Executing LogMiner query with SCN range (scn=6823453 to 7013453 with window 190000)" @service=redpanda-connect label="" path=root.input
time="2026-09-23T12:22:29+01:00" level=debug msg="LogMiner query returned no rows after 13.583333ms (scn=6823453 to 7013453)" @service=redpanda-connect label="" path=root.input
time="2026-09-23T12:22:29+01:00" level=debug msg="Collected 1 redo log file(s) for LogMiner: [ARCHIVED]" @service=redpanda-connect label="" path=root.input
time="2026-09-23T12:22:29+01:00" level=debug msg="Started LogMiner session from SCN 7013453 to SCN 7213453" @service=redpanda-connect label="" path=root.input
time="2026-09-23T12:22:29+01:00" level=debug msg="Executing LogMiner query with SCN range (scn=7013453 to 7213453 with window 200000)" @service=redpanda-connect label="" path=root.input
time="2026-09-23T12:22:29+01:00" level=debug msg="LogMiner query returned no rows after 14.22275ms (scn=7013453 to 7213453)" @service=redpanda-connect label="" path=root.input
time="2026-09-23T12:22:29+01:00" level=debug msg="Collected 1 redo log file(s) for LogMiner: [ARCHIVED]" @service=redpanda-connect label="" path=root.input
time="2026-09-23T12:22:29+01:00" level=debug msg="Started LogMiner session from SCN 7213453 to SCN 7413453" @service=redpanda-connect label="" path=root.input
time="2026-09-23T12:22:29+01:00" level=debug msg="Executing LogMiner query with SCN range (scn=7213453 to 7413453 with window 200000)" @service=redpanda-connect label="" path=root.input
time="2026-09-23T12:22:29+01:00" level=debug msg="LogMiner query returned no rows after 13.804666ms (scn=7213453 to 7413453)" @service=redpanda-connect label="" path=root.input
time="2026-09-23T12:22:29+01:00" level=debug msg="Collected 1 redo log file(s) for LogMiner: [ARCHIVED]" @service=redpanda-connect label="" path=root.input
time="2026-09-23T12:22:29+01:00" level=debug msg="Started LogMiner session from SCN 7413453 to SCN 7613453" @service=redpanda-connect label="" path=root.input
time="2026-09-23T12:22:29+01:00" level=debug msg="Executing LogMiner query with SCN range (scn=7413453 to 7613453 with window 200000)" @service=redpanda-connect label="" path=root.input
time="2026-09-23T12:22:29+01:00" level=debug msg="LogMiner query returned no rows after 13.427375ms (scn=7413453 to 7613453)" @service=redpanda-connect label="" path=root.input
time="2026-09-23T12:22:29+01:00" level=debug msg="Collected 1 redo log file(s) for LogMiner: [ARCHIVED]" @service=redpanda-connect label="" path=root.input
time="2026-09-23T12:22:29+01:00" level=debug msg="Started LogMiner session from SCN 7613453 to SCN 7813453" @service=redpanda-connect label="" path=root.input
time="2026-09-23T12:22:29+01:00" level=debug msg="Executing LogMiner query with SCN range (scn=7613453 to 7813453 with window 200000)" @service=redpanda-connect label="" path=root.input
time="2026-09-23T12:22:29+01:00" level=debug msg="LogMiner query returned no rows after 9.724625ms (scn=7613453 to 7813453)" @service=redpanda-connect label="" path=root.input
time="2026-09-23T12:22:29+01:00" level=debug msg="Collected 1 redo log file(s) for LogMiner: [ARCHIVED]" @service=redpanda-connect label="" path=root.input
time="2026-09-23T12:22:29+01:00" level=debug msg="Started LogMiner session from SCN 7813453 to SCN 8013453" @service=redpanda-connect label="" path=root.input
time="2026-09-23T12:22:29+01:00" level=debug msg="Executing LogMiner query with SCN range (scn=7813453 to 8013453 with window 200000)" @service=redpanda-connect label="" path=root.input
time="2026-09-23T12:22:29+01:00" level=debug msg="LogMiner query returned no rows after 9.832417ms (scn=7813453 to 8013453)" @service=redpanda-connect label="" path=root.input
time="2026-09-23T12:22:30+01:00" level=debug msg="Collected 1 redo log file(s) for LogMiner: [ARCHIVED]" @service=redpanda-connect label="" path=root.input
time="2026-09-23T12:22:30+01:00" level=debug msg="Started LogMiner session from SCN 8013453 to SCN 8213453" @service=redpanda-connect label="" path=root.input
time="2026-09-23T12:22:30+01:00" level=debug msg="Executing LogMiner query with SCN range (scn=8013453 to 8213453 with window 200000)" @service=redpanda-connect label="" path=root.input
time="2026-09-23T12:22:30+01:00" level=debug msg="LogMiner query returned no rows after 13.859542ms (scn=8013453 to 8213453)" @service=redpanda-connect label="" path=root.input
time="2026-09-23T12:22:30+01:00" level=debug msg="Collected 1 redo log file(s) for LogMiner: [ARCHIVED]" @service=redpanda-connect label="" path=root.input
time="2026-09-23T12:22:30+01:00" level=debug msg="Started LogMiner session from SCN 8213453 to SCN 8413453" @service=redpanda-connect label="" path=root.input
time="2026-09-23T12:22:30+01:00" level=debug msg="Executing LogMiner query with SCN range (scn=8213453 to 8413453 with window 200000)" @service=redpanda-connect label="" path=root.input
time="2026-09-23T12:22:30+01:00" level=debug msg="LogMiner query returned no rows after 13.61175ms (scn=8213453 to 8413453)" @service=redpanda-connect label="" path=root.input
time="2026-09-23T12:22:30+01:00" level=debug msg="Collected 1 redo log file(s) for LogMiner: [ARCHIVED]" @service=redpanda-connect label="" path=root.input
time="2026-09-23T12:22:30+01:00" level=debug msg="Started LogMiner session from SCN 8413453 to SCN 8613453" @service=redpanda-connect label="" path=root.input
time="2026-09-23T12:22:30+01:00" level=debug msg="Executing LogMiner query with SCN range (scn=8413453 to 8613453 with window 200000)" @service=redpanda-connect label="" path=root.input
time="2026-09-23T12:22:30+01:00" level=debug msg="LogMiner query returned no rows after 12.4865ms (scn=8413453 to 8613453)" @service=redpanda-connect label="" path=root.input
time="2026-09-23T12:22:30+01:00" level=debug msg="Collected 1 redo log file(s) for LogMiner: [ARCHIVED]" @service=redpanda-connect label="" path=root.input
time="2026-09-23T12:22:30+01:00" level=debug msg="Started LogMiner session from SCN 8613453 to SCN 8813453" @service=redpanda-connect label="" path=root.input
time="2026-09-23T12:22:30+01:00" level=debug msg="Executing LogMiner query with SCN range (scn=8613453 to 8813453 with window 200000)" @service=redpanda-connect label="" path=root.input
time="2026-09-23T12:22:30+01:00" level=debug msg="LogMiner query returned no rows after 14.033292ms (scn=8613453 to 8813453)" @service=redpanda-connect label="" path=root.input
time="2026-09-23T12:22:30+01:00" level=debug msg="Collected 1 redo log file(s) for LogMiner: [ARCHIVED]" @service=redpanda-connect label="" path=root.input
time="2026-09-23T12:22:30+01:00" level=debug msg="Started LogMiner session from SCN 8813453 to SCN 9013453" @service=redpanda-connect label="" path=root.input
time="2026-09-23T12:22:30+01:00" level=debug msg="Executing LogMiner query with SCN range (scn=8813453 to 9013453 with window 200000)" @service=redpanda-connect label="" path=root.input
time="2026-09-23T12:22:30+01:00" level=debug msg="LogMiner query returned no rows after 12.458041ms (scn=8813453 to 9013453)" @service=redpanda-connect label="" path=root.input
time="2026-09-23T12:22:30+01:00" level=debug msg="Collected 1 redo log file(s) for LogMiner: [ARCHIVED]" @service=redpanda-connect label="" path=root.input
time="2026-09-23T12:22:30+01:00" level=debug msg="Started LogMiner session from SCN 9013453 to SCN 9213453" @service=redpanda-connect label="" path=root.input
time="2026-09-23T12:22:30+01:00" level=debug msg="Executing LogMiner query with SCN range (scn=9013453 to 9213453 with window 200000)" @service=redpanda-connect label="" path=root.input
time="2026-09-23T12:22:30+01:00" level=debug msg="LogMiner query returned no rows after 11.727083ms (scn=9013453 to 9213453)" @service=redpanda-connect label="" path=root.input
time="2026-09-23T12:22:30+01:00" level=debug msg="Collected 1 redo log file(s) for LogMiner: [ARCHIVED]" @service=redpanda-connect label="" path=root.input
time="2026-09-23T12:22:30+01:00" level=debug msg="Started LogMiner session from SCN 9213453 to SCN 9413453" @service=redpanda-connect label="" path=root.input
time="2026-09-23T12:22:30+01:00" level=debug msg="Executing LogMiner query with SCN range (scn=9213453 to 9413453 with window 200000)" @service=redpanda-connect label="" path=root.input
time="2026-09-23T12:22:30+01:00" level=debug msg="LogMiner query returned no rows after 12.608583ms (scn=9213453 to 9413453)" @service=redpanda-connect label="" path=root.input
time="2026-09-23T12:22:31+01:00" level=debug msg="Collected 1 redo log file(s) for LogMiner: [ARCHIVED]" @service=redpanda-connect label="" path=root.input
time="2026-09-23T12:22:31+01:00" level=debug msg="Started LogMiner session from SCN 9413453 to SCN 9613453" @service=redpanda-connect label="" path=root.input
time="2026-09-23T12:22:31+01:00" level=debug msg="Executing LogMiner query with SCN range (scn=9413453 to 9613453 with window 200000)" @service=redpanda-connect label="" path=root.input
time="2026-09-23T12:22:31+01:00" level=debug msg="LogMiner query returned no rows after 13.512292ms (scn=9413453 to 9613453)" @service=redpanda-connect label="" path=root.input
time="2026-09-23T12:22:31+01:00" level=debug msg="Collected 1 redo log file(s) for LogMiner: [ARCHIVED]" @service=redpanda-connect label="" path=root.input
time="2026-09-23T12:22:31+01:00" level=debug msg="Started LogMiner session from SCN 9613453 to SCN 9813453" @service=redpanda-connect label="" path=root.input
time="2026-09-23T12:22:31+01:00" level=debug msg="Executing LogMiner query with SCN range (scn=9613453 to 9813453 with window 200000)" @service=redpanda-connect label="" path=root.input
time="2026-09-23T12:22:31+01:00" level=debug msg="LogMiner query returned no rows after 12.323083ms (scn=9613453 to 9813453)" @service=redpanda-connect label="" path=root.input
time="2026-09-23T12:22:31+01:00" level=debug msg="Collected 1 redo log file(s) for LogMiner: [ARCHIVED]" @service=redpanda-connect label="" path=root.input
time="2026-09-23T12:22:31+01:00" level=debug msg="Started LogMiner session from SCN 9813453 to SCN 10013453" @service=redpanda-connect label="" path=root.input
time="2026-09-23T12:22:31+01:00" level=debug msg="Executing LogMiner query with SCN range (scn=9813453 to 10013453 with window 200000)" @service=redpanda-connect label="" path=root.input
time="2026-09-23T12:22:31+01:00" level=debug msg="LogMiner query returned no rows after 13.112333ms (scn=9813453 to 10013453)" @service=redpanda-connect label="" path=root.input
time="2026-09-23T12:22:31+01:00" level=debug msg="Collected 1 redo log file(s) for LogMiner: [ARCHIVED]" @service=redpanda-connect label="" path=root.input
time="2026-09-23T12:22:31+01:00" level=debug msg="Started LogMiner session from SCN 10013453 to SCN 10213453" @service=redpanda-connect label="" path=root.input
time="2026-09-23T12:22:31+01:00" level=debug msg="Executing LogMiner query with SCN range (scn=10013453 to 10213453 with window 200000)" @service=redpanda-connect label="" path=root.input
time="2026-09-23T12:22:31+01:00" level=debug msg="LogMiner query returned no rows after 13.08375ms (scn=10013453 to 10213453)" @service=redpanda-connect label="" path=root.input
time="2026-09-23T12:22:31+01:00" level=debug msg="Collected 1 redo log file(s) for LogMiner: [ARCHIVED]" @service=redpanda-connect label="" path=root.input
time="2026-09-23T12:22:31+01:00" level=debug msg="Started LogMiner session from SCN 10213453 to SCN 10413453" @service=redpanda-connect label="" path=root.input
time="2026-09-23T12:22:31+01:00" level=debug msg="Executing LogMiner query with SCN range (scn=10213453 to 10413453 with window 200000)" @service=redpanda-connect label="" path=root.input
time="2026-09-23T12:22:31+01:00" level=debug msg="LogMiner query returned no rows after 13.136041ms (scn=10213453 to 10413453)" @service=redpanda-connect label="" path=root.input
time="2026-09-23T12:22:31+01:00" level=debug msg="Collected 1 redo log file(s) for LogMiner: [ARCHIVED]" @service=redpanda-connect label="" path=root.input
time="2026-09-23T12:22:31+01:00" level=debug msg="Started LogMiner session from SCN 10413453 to SCN 10613453" @service=redpanda-connect label="" path=root.input
time="2026-09-23T12:22:31+01:00" level=debug msg="Executing LogMiner query with SCN range (scn=10413453 to 10613453 with window 200000)" @service=redpanda-connect label="" path=root.input
time="2026-09-23T12:22:31+01:00" level=debug msg="LogMiner query returned no rows after 12.7505ms (scn=10413453 to 10613453)" @service=redpanda-connect label="" path=root.input
time="2026-09-23T12:22:31+01:00" level=debug msg="Collected 1 redo log file(s) for LogMiner: [ARCHIVED]" @service=redpanda-connect label="" path=root.input
time="2026-09-23T12:22:31+01:00" level=debug msg="Started LogMiner session from SCN 10613453 to SCN 10813453" @service=redpanda-connect label="" path=root.input
time="2026-09-23T12:22:31+01:00" level=debug msg="Executing LogMiner query with SCN range (scn=10613453 to 10813453 with window 200000)" @service=redpanda-connect label="" path=root.input
time="2026-09-23T12:22:31+01:00" level=debug msg="LogMiner query returned no rows after 10.924083ms (scn=10613453 to 10813453)" @service=redpanda-connect label="" path=root.input
time="2026-09-23T12:22:32+01:00" level=debug msg="Collected 1 redo log file(s) for LogMiner: [ARCHIVED]" @service=redpanda-connect label="" path=root.input
time="2026-09-23T12:22:32+01:00" level=debug msg="Started LogMiner session from SCN 10813453 to SCN 11013453" @service=redpanda-connect label="" path=root.input
time="2026-09-23T12:22:32+01:00" level=debug msg="Executing LogMiner query with SCN range (scn=10813453 to 11013453 with window 200000)" @service=redpanda-connect label="" path=root.input
time="2026-09-23T12:22:32+01:00" level=debug msg="LogMiner query returned no rows after 13.241625ms (scn=10813453 to 11013453)" @service=redpanda-connect label="" path=root.input
time="2026-09-23T12:22:32+01:00" level=debug msg="Collected 1 redo log file(s) for LogMiner: [ARCHIVED]" @service=redpanda-connect label="" path=root.input
time="2026-09-23T12:22:32+01:00" level=debug msg="Started LogMiner session from SCN 11013453 to SCN 11213453" @service=redpanda-connect label="" path=root.input
time="2026-09-23T12:22:32+01:00" level=debug msg="Executing LogMiner query with SCN range (scn=11013453 to 11213453 with window 200000)" @service=redpanda-connect label="" path=root.input
time="2026-09-23T12:22:32+01:00" level=debug msg="LogMiner query returned no rows after 13.3365ms (scn=11013453 to 11213453)" @service=redpanda-connect label="" path=root.input
time="2026-09-23T12:22:32+01:00" level=debug msg="Collected 1 redo log file(s) for LogMiner: [ARCHIVED]" @service=redpanda-connect label="" path=root.input
time="2026-09-23T12:22:32+01:00" level=debug msg="Started LogMiner session from SCN 11213453 to SCN 11413453" @service=redpanda-connect label="" path=root.input
time="2026-09-23T12:22:32+01:00" level=debug msg="Executing LogMiner query with SCN range (scn=11213453 to 11413453 with window 200000)" @service=redpanda-connect label="" path=root.input
time="2026-09-23T12:22:32+01:00" level=debug msg="LogMiner query returned no rows after 13.444083ms (scn=11213453 to 11413453)" @service=redpanda-connect label="" path=root.input
time="2026-09-23T12:22:32+01:00" level=debug msg="Collected 1 redo log file(s) for LogMiner: [ARCHIVED]" @service=redpanda-connect label="" path=root.input
time="2026-09-23T12:22:32+01:00" level=debug msg="Started LogMiner session from SCN 11413453 to SCN 11613453" @service=redpanda-connect label="" path=root.input
time="2026-09-23T12:22:32+01:00" level=debug msg="Executing LogMiner query with SCN range (scn=11413453 to 11613453 with window 200000)" @service=redpanda-connect label="" path=root.input
time="2026-09-23T12:22:32+01:00" level=debug msg="LogMiner query returned no rows after 13.730416ms (scn=11413453 to 11613453)" @service=redpanda-connect label="" path=root.input
time="2026-09-23T12:22:32+01:00" level=debug msg="Collected 1 redo log file(s) for LogMiner: [ARCHIVED]" @service=redpanda-connect label="" path=root.input
time="2026-09-23T12:22:32+01:00" level=debug msg="Started LogMiner session from SCN 11613453 to SCN 11813453" @service=redpanda-connect label="" path=root.input
time="2026-09-23T12:22:32+01:00" level=debug msg="Executing LogMiner query with SCN range (scn=11613453 to 11813453 with window 200000)" @service=redpanda-connect label="" path=root.input
time="2026-09-23T12:22:32+01:00" level=debug msg="LogMiner query returned no rows after 9.102917ms (scn=11613453 to 11813453)" @service=redpanda-connect label="" path=root.input
time="2026-09-23T12:22:32+01:00" level=debug msg="Collected 1 redo log file(s) for LogMiner: [ARCHIVED]" @service=redpanda-connect label="" path=root.input
time="2026-09-23T12:22:32+01:00" level=debug msg="Started LogMiner session from SCN 11813453 to SCN 12013453" @service=redpanda-connect label="" path=root.input
time="2026-09-23T12:22:32+01:00" level=debug msg="Executing LogMiner query with SCN range (scn=11813453 to 12013453 with window 200000)" @service=redpanda-connect label="" path=root.input
time="2026-09-23T12:22:32+01:00" level=debug msg="LogMiner query returned no rows after 7.903792ms (scn=11813453 to 12013453)" @service=redpanda-connect label="" path=root.input
time="2026-09-23T12:22:32+01:00" level=debug msg="Collected 1 redo log file(s) for LogMiner: [ARCHIVED]" @service=redpanda-connect label="" path=root.input
time="2026-09-23T12:22:32+01:00" level=debug msg="Started LogMiner session from SCN 12013453 to SCN 12213453" @service=redpanda-connect label="" path=root.input
time="2026-09-23T12:22:32+01:00" level=debug msg="Executing LogMiner query with SCN range (scn=12013453 to 12213453 with window 200000)" @service=redpanda-connect label="" path=root.input
time="2026-09-23T12:22:32+01:00" level=debug msg="LogMiner query returned no rows after 10.351167ms (scn=12013453 to 12213453)" @service=redpanda-connect label="" path=root.input
time="2026-09-23T12:22:33+01:00" level=debug msg="Collected 1 redo log file(s) for LogMiner: [ARCHIVED]" @service=redpanda-connect label="" path=root.input
time="2026-09-23T12:22:33+01:00" level=debug msg="Started LogMiner session from SCN 12213453 to SCN 12413453" @service=redpanda-connect label="" path=root.input
time="2026-09-23T12:22:33+01:00" level=debug msg="Executing LogMiner query with SCN range (scn=12213453 to 12413453 with window 200000)" @service=redpanda-connect label="" path=root.input
time="2026-09-23T12:22:33+01:00" level=debug msg="LogMiner query returned no rows after 11.503708ms (scn=12213453 to 12413453)" @service=redpanda-connect label="" path=root.input
time="2026-09-23T12:22:33+01:00" level=debug msg="Collected 1 redo log file(s) for LogMiner: [ARCHIVED]" @service=redpanda-connect label="" path=root.input
time="2026-09-23T12:22:33+01:00" level=debug msg="Started LogMiner session from SCN 12413453 to SCN 12613453" @service=redpanda-connect label="" path=root.input
time="2026-09-23T12:22:33+01:00" level=debug msg="Executing LogMiner query with SCN range (scn=12413453 to 12613453 with window 200000)" @service=redpanda-connect label="" path=root.input
time="2026-09-23T12:22:33+01:00" level=debug msg="LogMiner query returned no rows after 9.76025ms (scn=12413453 to 12613453)" @service=redpanda-connect label="" path=root.input
time="2026-09-23T12:22:33+01:00" level=debug msg="Collected 1 redo log file(s) for LogMiner: [ARCHIVED]" @service=redpanda-connect label="" path=root.input
time="2026-09-23T12:22:33+01:00" level=debug msg="Started LogMiner session from SCN 12613453 to SCN 12813453" @service=redpanda-connect label="" path=root.input
time="2026-09-23T12:22:33+01:00" level=debug msg="Executing LogMiner query with SCN range (scn=12613453 to 12813453 with window 200000)" @service=redpanda-connect label="" path=root.input
time="2026-09-23T12:22:33+01:00" level=debug msg="LogMiner query returned no rows after 11.2215ms (scn=12613453 to 12813453)" @service=redpanda-connect label="" path=root.input
time="2026-09-23T12:22:33+01:00" level=debug msg="Collected 1 redo log file(s) for LogMiner: [ARCHIVED]" @service=redpanda-connect label="" path=root.input
time="2026-09-23T12:22:33+01:00" level=debug msg="Started LogMiner session from SCN 12813453 to SCN 13013453" @service=redpanda-connect label="" path=root.input
time="2026-09-23T12:22:33+01:00" level=debug msg="Executing LogMiner query with SCN range (scn=12813453 to 13013453 with window 200000)" @service=redpanda-connect label="" path=root.input
time="2026-09-23T12:22:33+01:00" level=debug msg="LogMiner query returned no rows after 9.441792ms (scn=12813453 to 13013453)" @service=redpanda-connect label="" path=root.input
time="2026-09-23T12:22:33+01:00" level=debug msg="Collected 1 redo log file(s) for LogMiner: [ARCHIVED]" @service=redpanda-connect label="" path=root.input
time="2026-09-23T12:22:33+01:00" level=debug msg="Started LogMiner session from SCN 13013453 to SCN 13213453" @service=redpanda-connect label="" path=root.input
time="2026-09-23T12:22:33+01:00" level=debug msg="Executing LogMiner query with SCN range (scn=13013453 to 13213453 with window 200000)" @service=redpanda-connect label="" path=root.input
time="2026-09-23T12:22:33+01:00" level=debug msg="LogMiner query returned no rows after 10.358625ms (scn=13013453 to 13213453)" @service=redpanda-connect label="" path=root.input
time="2026-09-23T12:22:33+01:00" level=debug msg="Collected 1 redo log file(s) for LogMiner: [ARCHIVED]" @service=redpanda-connect label="" path=root.input
time="2026-09-23T12:22:33+01:00" level=debug msg="Started LogMiner session from SCN 13213453 to SCN 13413453" @service=redpanda-connect label="" path=root.input
time="2026-09-23T12:22:33+01:00" level=debug msg="Executing LogMiner query with SCN range (scn=13213453 to 13413453 with window 200000)" @service=redpanda-connect label="" path=root.input
time="2026-09-23T12:22:33+01:00" level=debug msg="LogMiner query returned no rows after 13.049084ms (scn=13213453 to 13413453)" @service=redpanda-connect label="" path=root.input
time="2026-09-23T12:22:33+01:00" level=debug msg="Collected 1 redo log file(s) for LogMiner: [ARCHIVED]" @service=redpanda-connect label="" path=root.input
time="2026-09-23T12:22:33+01:00" level=debug msg="Started LogMiner session from SCN 13413453 to SCN 13613453" @service=redpanda-connect label="" path=root.input
time="2026-09-23T12:22:33+01:00" level=debug msg="Executing LogMiner query with SCN range (scn=13413453 to 13613453 with window 200000)" @service=redpanda-connect label="" path=root.input
time="2026-09-23T12:22:33+01:00" level=debug msg="LogMiner query returned no rows after 9.893208ms (scn=13413453 to 13613453)" @service=redpanda-connect label="" path=root.input
time="2026-09-23T12:22:33+01:00" level=debug msg="Collected 1 redo log file(s) for LogMiner: [ARCHIVED]" @service=redpanda-connect label="" path=root.input
time="2026-09-23T12:22:33+01:00" level=debug msg="Started LogMiner session from SCN 13613453 to SCN 13813453" @service=redpanda-connect label="" path=root.input
time="2026-09-23T12:22:33+01:00" level=debug msg="Executing LogMiner query with SCN range (scn=13613453 to 13813453 with window 200000)" @service=redpanda-connect label="" path=root.input
time="2026-09-23T12:22:33+01:00" level=debug msg="LogMiner query returned no rows after 8.06025ms (scn=13613453 to 13813453)" @service=redpanda-connect label="" path=root.input
time="2026-09-23T12:22:34+01:00" level=debug msg="Collected 1 redo log file(s) for LogMiner: [ARCHIVED]" @service=redpanda-connect label="" path=root.input
time="2026-09-23T12:22:34+01:00" level=debug msg="Started LogMiner session from SCN 13813453 to SCN 14013453" @service=redpanda-connect label="" path=root.input
time="2026-09-23T12:22:34+01:00" level=debug msg="Executing LogMiner query with SCN range (scn=13813453 to 14013453 with window 200000)" @service=redpanda-connect label="" path=root.input
time="2026-09-23T12:22:34+01:00" level=debug msg="LogMiner query returned no rows after 8.702417ms (scn=13813453 to 14013453)" @service=redpanda-connect label="" path=root.input
time="2026-09-23T12:22:34+01:00" level=debug msg="Collected 1 redo log file(s) for LogMiner: [ARCHIVED]" @service=redpanda-connect label="" path=root.input
time="2026-09-23T12:22:34+01:00" level=debug msg="Started LogMiner session from SCN 14013453 to SCN 14213453" @service=redpanda-connect label="" path=root.input
time="2026-09-23T12:22:34+01:00" level=debug msg="Executing LogMiner query with SCN range (scn=14013453 to 14213453 with window 200000)" @service=redpanda-connect label="" path=root.input
time="2026-09-23T12:22:34+01:00" level=debug msg="LogMiner query returned no rows after 10.805167ms (scn=14013453 to 14213453)" @service=redpanda-connect label="" path=root.input
time="2026-09-23T12:22:34+01:00" level=debug msg="Collected 1 redo log file(s) for LogMiner: [ARCHIVED]" @service=redpanda-connect label="" path=root.input
time="2026-09-23T12:22:34+01:00" level=debug msg="Started LogMiner session from SCN 14213453 to SCN 14413453" @service=redpanda-connect label="" path=root.input
time="2026-09-23T12:22:34+01:00" level=debug msg="Executing LogMiner query with SCN range (scn=14213453 to 14413453 with window 200000)" @service=redpanda-connect label="" path=root.input
time="2026-09-23T12:22:34+01:00" level=debug msg="LogMiner query returned no rows after 8.444084ms (scn=14213453 to 14413453)" @service=redpanda-connect label="" path=root.input
time="2026-09-23T12:22:34+01:00" level=debug msg="Collected 1 redo log file(s) for LogMiner: [ARCHIVED]" @service=redpanda-connect label="" path=root.input
time="2026-09-23T12:22:34+01:00" level=debug msg="Started LogMiner session from SCN 14413453 to SCN 14613453" @service=redpanda-connect label="" path=root.input
time="2026-09-23T12:22:34+01:00" level=debug msg="Executing LogMiner query with SCN range (scn=14413453 to 14613453 with window 200000)" @service=redpanda-connect label="" path=root.input
time="2026-09-23T12:22:34+01:00" level=debug msg="LogMiner query returned no rows after 10.593459ms (scn=14413453 to 14613453)" @service=redpanda-connect label="" path=root.input
time="2026-09-23T12:22:34+01:00" level=debug msg="Collected 1 redo log file(s) for LogMiner: [ARCHIVED]" @service=redpanda-connect label="" path=root.input
time="2026-09-23T12:22:34+01:00" level=debug msg="Started LogMiner session from SCN 14613453 to SCN 14813453" @service=redpanda-connect label="" path=root.input
time="2026-09-23T12:22:34+01:00" level=debug msg="Executing LogMiner query with SCN range (scn=14613453 to 14813453 with window 200000)" @service=redpanda-connect label="" path=root.input
time="2026-09-23T12:22:34+01:00" level=debug msg="LogMiner query returned no rows after 10.993459ms (scn=14613453 to 14813453)" @service=redpanda-connect label="" path=root.input
time="2026-09-23T12:22:34+01:00" level=debug msg="Collected 1 redo log file(s) for LogMiner: [ARCHIVED]" @service=redpanda-connect label="" path=root.input
time="2026-09-23T12:22:34+01:00" level=debug msg="Started LogMiner session from SCN 14813453 to SCN 15013453" @service=redpanda-connect label="" path=root.input
time="2026-09-23T12:22:34+01:00" level=debug msg="Executing LogMiner query with SCN range (scn=14813453 to 15013453 with window 200000)" @service=redpanda-connect label="" path=root.input
time="2026-09-23T12:22:34+01:00" level=debug msg="LogMiner query returned no rows after 10.315875ms (scn=14813453 to 15013453)" @service=redpanda-connect label="" path=root.input
time="2026-09-23T12:22:34+01:00" level=debug msg="Collected 1 redo log file(s) for LogMiner: [ARCHIVED]" @service=redpanda-connect label="" path=root.input
time="2026-09-23T12:22:34+01:00" level=debug msg="Started LogMiner session from SCN 15013453 to SCN 15213453" @service=redpanda-connect label="" path=root.input
time="2026-09-23T12:22:34+01:00" level=debug msg="Executing LogMiner query with SCN range (scn=15013453 to 15213453 with window 200000)" @service=redpanda-connect label="" path=root.input
time="2026-09-23T12:22:34+01:00" level=debug msg="LogMiner query returned no rows after 12.813292ms (scn=15013453 to 15213453)" @service=redpanda-connect label="" path=root.input
time="2026-09-23T12:22:35+01:00" level=debug msg="Collected 1 redo log file(s) for LogMiner: [ARCHIVED]" @service=redpanda-connect label="" path=root.input
time="2026-09-23T12:22:35+01:00" level=debug msg="Started LogMiner session from SCN 15213453 to SCN 15413453" @service=redpanda-connect label="" path=root.input
time="2026-09-23T12:22:35+01:00" level=debug msg="Executing LogMiner query with SCN range (scn=15213453 to 15413453 with window 200000)" @service=redpanda-connect label="" path=root.input
time="2026-09-23T12:22:35+01:00" level=debug msg="LogMiner query returned no rows after 11.285875ms (scn=15213453 to 15413453)" @service=redpanda-connect label="" path=root.input
time="2026-09-23T12:22:35+01:00" level=debug msg="Collected 1 redo log file(s) for LogMiner: [ARCHIVED]" @service=redpanda-connect label="" path=root.input
time="2026-09-23T12:22:35+01:00" level=debug msg="Started LogMiner session from SCN 15413453 to SCN 15613453" @service=redpanda-connect label="" path=root.input
time="2026-09-23T12:22:35+01:00" level=debug msg="Executing LogMiner query with SCN range (scn=15413453 to 15613453 with window 200000)" @service=redpanda-connect label="" path=root.input
time="2026-09-23T12:22:35+01:00" level=debug msg="LogMiner query returned no rows after 11.604291ms (scn=15413453 to 15613453)" @service=redpanda-connect label="" path=root.input
time="2026-09-23T12:22:35+01:00" level=debug msg="Collected 1 redo log file(s) for LogMiner: [ARCHIVED]" @service=redpanda-connect label="" path=root.input
time="2026-09-23T12:22:35+01:00" level=debug msg="Started LogMiner session from SCN 15613453 to SCN 15813453" @service=redpanda-connect label="" path=root.input
time="2026-09-23T12:22:35+01:00" level=debug msg="Executing LogMiner query with SCN range (scn=15613453 to 15813453 with window 200000)" @service=redpanda-connect label="" path=root.input
time="2026-09-23T12:22:35+01:00" level=debug msg="LogMiner query returned no rows after 13.044667ms (scn=15613453 to 15813453)" @service=redpanda-connect label="" path=root.input
time="2026-09-23T12:22:35+01:00" level=debug msg="Collected 1 redo log file(s) for LogMiner: [ARCHIVED]" @service=redpanda-connect label="" path=root.input
time="2026-09-23T12:22:35+01:00" level=debug msg="Started LogMiner session from SCN 15813453 to SCN 16013453" @service=redpanda-connect label="" path=root.input
time="2026-09-23T12:22:35+01:00" level=debug msg="Executing LogMiner query with SCN range (scn=15813453 to 16013453 with window 200000)" @service=redpanda-connect label="" path=root.input
time="2026-09-23T12:22:35+01:00" level=debug msg="LogMiner query returned no rows after 11.574708ms (scn=15813453 to 16013453)" @service=redpanda-connect label="" path=root.input
time="2026-09-23T12:22:35+01:00" level=debug msg="Collected 1 redo log file(s) for LogMiner: [ARCHIVED]" @service=redpanda-connect label="" path=root.input
time="2026-09-23T12:22:35+01:00" level=debug msg="Started LogMiner session from SCN 16013453 to SCN 16213453" @service=redpanda-connect label="" path=root.input
time="2026-09-23T12:22:35+01:00" level=debug msg="Executing LogMiner query with SCN range (scn=16013453 to 16213453 with window 200000)" @service=redpanda-connect label="" path=root.input
time="2026-09-23T12:22:35+01:00" level=debug msg="LogMiner query returned no rows after 13.113375ms (scn=16013453 to 16213453)" @service=redpanda-connect label="" path=root.input
time="2026-09-23T12:22:35+01:00" level=debug msg="Collected 1 redo log file(s) for LogMiner: [ARCHIVED]" @service=redpanda-connect label="" path=root.input
time="2026-09-23T12:22:35+01:00" level=debug msg="Started LogMiner session from SCN 16213453 to SCN 16413453" @service=redpanda-connect label="" path=root.input
time="2026-09-23T12:22:35+01:00" level=debug msg="Executing LogMiner query with SCN range (scn=16213453 to 16413453 with window 200000)" @service=redpanda-connect label="" path=root.input
time="2026-09-23T12:22:35+01:00" level=debug msg="LogMiner query returned no rows after 12.063667ms (scn=16213453 to 16413453)" @service=redpanda-connect label="" path=root.input
time="2026-09-23T12:22:35+01:00" level=debug msg="Collected 1 redo log file(s) for LogMiner: [ARCHIVED]" @service=redpanda-connect label="" path=root.input
time="2026-09-23T12:22:35+01:00" level=debug msg="Started LogMiner session from SCN 16413453 to SCN 16613453" @service=redpanda-connect label="" path=root.input
time="2026-09-23T12:22:35+01:00" level=debug msg="Executing LogMiner query with SCN range (scn=16413453 to 16613453 with window 200000)" @service=redpanda-connect label="" path=root.input
time="2026-09-23T12:22:35+01:00" level=debug msg="LogMiner query returned no rows after 12.377208ms (scn=16413453 to 16613453)" @service=redpanda-connect label="" path=root.input
time="2026-09-23T12:22:36+01:00" level=debug msg="Collected 1 redo log file(s) for LogMiner: [ARCHIVED]" @service=redpanda-connect label="" path=root.input
time="2026-09-23T12:22:36+01:00" level=debug msg="Started LogMiner session from SCN 16613453 to SCN 16813453" @service=redpanda-connect label="" path=root.input
time="2026-09-23T12:22:36+01:00" level=debug msg="Executing LogMiner query with SCN range (scn=16613453 to 16813453 with window 200000)" @service=redpanda-connect label="" path=root.input
time="2026-09-23T12:22:36+01:00" level=debug msg="LogMiner query returned no rows after 12.334958ms (scn=16613453 to 16813453)" @service=redpanda-connect label="" path=root.input
time="2026-09-23T12:22:36+01:00" level=debug msg="Collected 1 redo log file(s) for LogMiner: [ARCHIVED]" @service=redpanda-connect label="" path=root.input
time="2026-09-23T12:22:36+01:00" level=debug msg="Started LogMiner session from SCN 16813453 to SCN 17013453" @service=redpanda-connect label="" path=root.input
time="2026-09-23T12:22:36+01:00" level=debug msg="Executing LogMiner query with SCN range (scn=16813453 to 17013453 with window 200000)" @service=redpanda-connect label="" path=root.input
time="2026-09-23T12:22:36+01:00" level=debug msg="LogMiner query returned no rows after 11.230208ms (scn=16813453 to 17013453)" @service=redpanda-connect label="" path=root.input
time="2026-09-23T12:22:36+01:00" level=debug msg="Collected 1 redo log file(s) for LogMiner: [ARCHIVED]" @service=redpanda-connect label="" path=root.input
time="2026-09-23T12:22:36+01:00" level=debug msg="Started LogMiner session from SCN 17013453 to SCN 17213453" @service=redpanda-connect label="" path=root.input
time="2026-09-23T12:22:36+01:00" level=debug msg="Executing LogMiner query with SCN range (scn=17013453 to 17213453 with window 200000)" @service=redpanda-connect label="" path=root.input
time="2026-09-23T12:22:36+01:00" level=debug msg="LogMiner query returned no rows after 13.222167ms (scn=17013453 to 17213453)" @service=redpanda-connect label="" path=root.input
time="2026-09-23T12:22:36+01:00" level=debug msg="Collected 1 redo log file(s) for LogMiner: [ARCHIVED]" @service=redpanda-connect label="" path=root.input
time="2026-09-23T12:22:36+01:00" level=debug msg="Started LogMiner session from SCN 17213453 to SCN 17413453" @service=redpanda-connect label="" path=root.input
time="2026-09-23T12:22:36+01:00" level=debug msg="Executing LogMiner query with SCN range (scn=17213453 to 17413453 with window 200000)" @service=redpanda-connect label="" path=root.input
time="2026-09-23T12:22:36+01:00" level=debug msg="LogMiner query returned no rows after 11.612209ms (scn=17213453 to 17413453)" @service=redpanda-connect label="" path=root.input
time="2026-09-23T12:22:36+01:00" level=debug msg="Collected 1 redo log file(s) for LogMiner: [ARCHIVED]" @service=redpanda-connect label="" path=root.input
time="2026-09-23T12:22:36+01:00" level=debug msg="Started LogMiner session from SCN 17413453 to SCN 17613453" @service=redpanda-connect label="" path=root.input
time="2026-09-23T12:22:36+01:00" level=debug msg="Executing LogMiner query with SCN range (scn=17413453 to 17613453 with window 200000)" @service=redpanda-connect label="" path=root.input
time="2026-09-23T12:22:36+01:00" level=debug msg="LogMiner query returned no rows after 11.394417ms (scn=17413453 to 17613453)" @service=redpanda-connect label="" path=root.input
time="2026-09-23T12:22:36+01:00" level=debug msg="Collected 1 redo log file(s) for LogMiner: [ARCHIVED]" @service=redpanda-connect label="" path=root.input
time="2026-09-23T12:22:36+01:00" level=debug msg="Started LogMiner session from SCN 17613453 to SCN 17813453" @service=redpanda-connect label="" path=root.input
time="2026-09-23T12:22:36+01:00" level=debug msg="Executing LogMiner query with SCN range (scn=17613453 to 17813453 with window 200000)" @service=redpanda-connect label="" path=root.input
time="2026-09-23T12:22:36+01:00" level=debug msg="LogMiner query returned no rows after 13.228125ms (scn=17613453 to 17813453)" @service=redpanda-connect label="" path=root.input
time="2026-09-23T12:22:36+01:00" level=debug msg="Collected 1 redo log file(s) for LogMiner: [ARCHIVED]" @service=redpanda-connect label="" path=root.input
time="2026-09-23T12:22:36+01:00" level=debug msg="Started LogMiner session from SCN 17813453 to SCN 18013453" @service=redpanda-connect label="" path=root.input
time="2026-09-23T12:22:36+01:00" level=debug msg="Executing LogMiner query with SCN range (scn=17813453 to 18013453 with window 200000)" @service=redpanda-connect label="" path=root.input
time="2026-09-23T12:22:36+01:00" level=debug msg="LogMiner query returned no rows after 13.643542ms (scn=17813453 to 18013453)" @service=redpanda-connect label="" path=root.input
time="2026-09-23T12:22:37+01:00" level=debug msg="Collected 1 redo log file(s) for LogMiner: [ARCHIVED]" @service=redpanda-connect label="" path=root.input
time="2026-09-23T12:22:37+01:00" level=debug msg="Started LogMiner session from SCN 18013453 to SCN 18213453" @service=redpanda-connect label="" path=root.input
time="2026-09-23T12:22:37+01:00" level=debug msg="Executing LogMiner query with SCN range (scn=18013453 to 18213453 with window 200000)" @service=redpanda-connect label="" path=root.input
time="2026-09-23T12:22:37+01:00" level=debug msg="LogMiner query returned no rows after 11.346291ms (scn=18013453 to 18213453)" @service=redpanda-connect label="" path=root.input
time="2026-09-23T12:22:37+01:00" level=debug msg="Collected 1 redo log file(s) for LogMiner: [ARCHIVED]" @service=redpanda-connect label="" path=root.input
time="2026-09-23T12:22:37+01:00" level=debug msg="Started LogMiner session from SCN 18213453 to SCN 18413453" @service=redpanda-connect label="" path=root.input
time="2026-09-23T12:22:37+01:00" level=debug msg="Executing LogMiner query with SCN range (scn=18213453 to 18413453 with window 200000)" @service=redpanda-connect label="" path=root.input
time="2026-09-23T12:22:37+01:00" level=debug msg="LogMiner query returned no rows after 12.096ms (scn=18213453 to 18413453)" @service=redpanda-connect label="" path=root.input
time="2026-09-23T12:22:37+01:00" level=debug msg="Collected 1 redo log file(s) for LogMiner: [ARCHIVED]" @service=redpanda-connect label="" path=root.input
time="2026-09-23T12:22:37+01:00" level=debug msg="Started LogMiner session from SCN 18413453 to SCN 18613453" @service=redpanda-connect label="" path=root.input
time="2026-09-23T12:22:37+01:00" level=debug msg="Executing LogMiner query with SCN range (scn=18413453 to 18613453 with window 200000)" @service=redpanda-connect label="" path=root.input
time="2026-09-23T12:22:37+01:00" level=debug msg="LogMiner query returned no rows after 12.27975ms (scn=18413453 to 18613453)" @service=redpanda-connect label="" path=root.input
time="2026-09-23T12:22:37+01:00" level=debug msg="Collected 1 redo log file(s) for LogMiner: [ARCHIVED]" @service=redpanda-connect label="" path=root.input
time="2026-09-23T12:22:37+01:00" level=debug msg="Started LogMiner session from SCN 18613453 to SCN 18813453" @service=redpanda-connect label="" path=root.input
time="2026-09-23T12:22:37+01:00" level=debug msg="Executing LogMiner query with SCN range (scn=18613453 to 18813453 with window 200000)" @service=redpanda-connect label="" path=root.input
time="2026-09-23T12:22:37+01:00" level=debug msg="LogMiner query returned no rows after 14.142292ms (scn=18613453 to 18813453)" @service=redpanda-connect label="" path=root.input
time="2026-09-23T12:22:37+01:00" level=debug msg="Collected 1 redo log file(s) for LogMiner: [ARCHIVED]" @service=redpanda-connect label="" path=root.input
time="2026-09-23T12:22:37+01:00" level=debug msg="Started LogMiner session from SCN 18813453 to SCN 19013453" @service=redpanda-connect label="" path=root.input
time="2026-09-23T12:22:37+01:00" level=debug msg="Executing LogMiner query with SCN range (scn=18813453 to 19013453 with window 200000)" @service=redpanda-connect label="" path=root.input
time="2026-09-23T12:22:37+01:00" level=debug msg="LogMiner query returned no rows after 12.772583ms (scn=18813453 to 19013453)" @service=redpanda-connect label="" path=root.input
time="2026-09-23T12:22:37+01:00" level=debug msg="Collected 1 redo log file(s) for LogMiner: [ARCHIVED]" @service=redpanda-connect label="" path=root.input
time="2026-09-23T12:22:37+01:00" level=debug msg="Started LogMiner session from SCN 19013453 to SCN 19213453" @service=redpanda-connect label="" path=root.input
time="2026-09-23T12:22:37+01:00" level=debug msg="Executing LogMiner query with SCN range (scn=19013453 to 19213453 with window 200000)" @service=redpanda-connect label="" path=root.input
time="2026-09-23T12:22:37+01:00" level=debug msg="LogMiner query returned no rows after 12.6885ms (scn=19013453 to 19213453)" @service=redpanda-connect label="" path=root.input
time="2026-09-23T12:22:37+01:00" level=debug msg="Collected 1 redo log file(s) for LogMiner: [ARCHIVED]" @service=redpanda-connect label="" path=root.input
time="2026-09-23T12:22:37+01:00" level=debug msg="Started LogMiner session from SCN 19213453 to SCN 19413453" @service=redpanda-connect label="" path=root.input
time="2026-09-23T12:22:37+01:00" level=debug msg="Executing LogMiner query with SCN range (scn=19213453 to 19413453 with window 200000)" @service=redpanda-connect label="" path=root.input
time="2026-09-23T12:22:37+01:00" level=debug msg="LogMiner query returned no rows after 9.733084ms (scn=19213453 to 19413453)" @service=redpanda-connect label="" path=root.input
time="2026-09-23T12:22:37+01:00" level=debug msg="Collected 1 redo log file(s) for LogMiner: [ARCHIVED]" @service=redpanda-connect label="" path=root.input
time="2026-09-23T12:22:38+01:00" level=debug msg="Started LogMiner session from SCN 19413453 to SCN 19613453" @service=redpanda-connect label="" path=root.input
time="2026-09-23T12:22:38+01:00" level=debug msg="Executing LogMiner query with SCN range (scn=19413453 to 19613453 with window 200000)" @service=redpanda-connect label="" path=root.input
time="2026-09-23T12:22:38+01:00" level=debug msg="LogMiner query returned no rows after 8.749458ms (scn=19413453 to 19613453)" @service=redpanda-connect label="" path=root.input
time="2026-09-23T12:22:38+01:00" level=debug msg="Collected 1 redo log file(s) for LogMiner: [ARCHIVED]" @service=redpanda-connect label="" path=root.input
time="2026-09-23T12:22:38+01:00" level=debug msg="Started LogMiner session from SCN 19613453 to SCN 19813453" @service=redpanda-connect label="" path=root.input
time="2026-09-23T12:22:38+01:00" level=debug msg="Executing LogMiner query with SCN range (scn=19613453 to 19813453 with window 200000)" @service=redpanda-connect label="" path=root.input
time="2026-09-23T12:22:38+01:00" level=debug msg="LogMiner query returned no rows after 8.330292ms (scn=19613453 to 19813453)" @service=redpanda-connect label="" path=root.input
time="2026-09-23T12:22:38+01:00" level=debug msg="Collected 1 redo log file(s) for LogMiner: [ARCHIVED]" @service=redpanda-connect label="" path=root.input
time="2026-09-23T12:22:38+01:00" level=debug msg="Started LogMiner session from SCN 19813453 to SCN 20013453" @service=redpanda-connect label="" path=root.input
time="2026-09-23T12:22:38+01:00" level=debug msg="Executing LogMiner query with SCN range (scn=19813453 to 20013453 with window 200000)" @service=redpanda-connect label="" path=root.input
time="2026-09-23T12:22:38+01:00" level=debug msg="LogMiner query returned no rows after 9.307708ms (scn=19813453 to 20013453)" @service=redpanda-connect label="" path=root.input
time="2026-09-23T12:22:38+01:00" level=debug msg="Collected 1 redo log file(s) for LogMiner: [ARCHIVED]" @service=redpanda-connect label="" path=root.input
time="2026-09-23T12:22:38+01:00" level=debug msg="Started LogMiner session from SCN 20013453 to SCN 20213453" @service=redpanda-connect label="" path=root.input
time="2026-09-23T12:22:38+01:00" level=debug msg="Executing LogMiner query with SCN range (scn=20013453 to 20213453 with window 200000)" @service=redpanda-connect label="" path=root.input
time="2026-09-23T12:22:38+01:00" level=debug msg="LogMiner query returned no rows after 8.925833ms (scn=20013453 to 20213453)" @service=redpanda-connect label="" path=root.input
time="2026-09-23T12:22:38+01:00" level=debug msg="Collected 1 redo log file(s) for LogMiner: [ARCHIVED]" @service=redpanda-connect label="" path=root.input
time="2026-09-23T12:22:38+01:00" level=debug msg="Started LogMiner session from SCN 20213453 to SCN 20413453" @service=redpanda-connect label="" path=root.input
time="2026-09-23T12:22:38+01:00" level=debug msg="Executing LogMiner query with SCN range (scn=20213453 to 20413453 with window 200000)" @service=redpanda-connect label="" path=root.input
time="2026-09-23T12:22:38+01:00" level=debug msg="LogMiner query returned no rows after 11.701333ms (scn=20213453 to 20413453)" @service=redpanda-connect label="" path=root.input
time="2026-09-23T12:22:38+01:00" level=debug msg="Collected 1 redo log file(s) for LogMiner: [ARCHIVED]" @service=redpanda-connect label="" path=root.input
time="2026-09-23T12:22:38+01:00" level=debug msg="Started LogMiner session from SCN 20413453 to SCN 20613453" @service=redpanda-connect label="" path=root.input
time="2026-09-23T12:22:38+01:00" level=debug msg="Executing LogMiner query with SCN range (scn=20413453 to 20613453 with window 200000)" @service=redpanda-connect label="" path=root.input
time="2026-09-23T12:22:38+01:00" level=debug msg="LogMiner query returned no rows after 11.841333ms (scn=20413453 to 20613453)" @service=redpanda-connect label="" path=root.input
time="2026-09-23T12:22:38+01:00" level=debug msg="Collected 1 redo log file(s) for LogMiner: [ARCHIVED]" @service=redpanda-connect label="" path=root.input
time="2026-09-23T12:22:38+01:00" level=debug msg="Started LogMiner session from SCN 20613453 to SCN 20813453" @service=redpanda-connect label="" path=root.input
time="2026-09-23T12:22:38+01:00" level=debug msg="Executing LogMiner query with SCN range (scn=20613453 to 20813453 with window 200000)" @service=redpanda-connect label="" path=root.input
time="2026-09-23T12:22:38+01:00" level=debug msg="LogMiner query returned no rows after 13.279042ms (scn=20613453 to 20813453)" @service=redpanda-connect label="" path=root.input
time="2026-09-23T12:22:38+01:00" level=debug msg="Collected 1 redo log file(s) for LogMiner: [ARCHIVED]" @service=redpanda-connect label="" path=root.input
time="2026-09-23T12:22:38+01:00" level=debug msg="Started LogMiner session from SCN 20813453 to SCN 21013453" @service=redpanda-connect label="" path=root.input
time="2026-09-23T12:22:38+01:00" level=debug msg="Executing LogMiner query with SCN range (scn=20813453 to 21013453 with window 200000)" @service=redpanda-connect label="" path=root.input
time="2026-09-23T12:22:38+01:00" level=debug msg="LogMiner query returned no rows after 12.576959ms (scn=20813453 to 21013453)" @service=redpanda-connect label="" path=root.input
time="2026-09-23T12:22:39+01:00" level=debug msg="Collected 1 redo log file(s) for LogMiner: [ARCHIVED]" @service=redpanda-connect label="" path=root.input
time="2026-09-23T12:22:39+01:00" level=debug msg="Started LogMiner session from SCN 21013453 to SCN 21213453" @service=redpanda-connect label="" path=root.input
time="2026-09-23T12:22:39+01:00" level=debug msg="Executing LogMiner query with SCN range (scn=21013453 to 21213453 with window 200000)" @service=redpanda-connect label="" path=root.input
time="2026-09-23T12:22:39+01:00" level=debug msg="LogMiner query returned no rows after 13.802875ms (scn=21013453 to 21213453)" @service=redpanda-connect label="" path=root.input
time="2026-09-23T12:22:39+01:00" level=debug msg="Collected 1 redo log file(s) for LogMiner: [ARCHIVED]" @service=redpanda-connect label="" path=root.input
time="2026-09-23T12:22:39+01:00" level=debug msg="Started LogMiner session from SCN 21213453 to SCN 21413453" @service=redpanda-connect label="" path=root.input
time="2026-09-23T12:22:39+01:00" level=debug msg="Executing LogMiner query with SCN range (scn=21213453 to 21413453 with window 200000)" @service=redpanda-connect label="" path=root.input
time="2026-09-23T12:22:39+01:00" level=debug msg="LogMiner query returned no rows after 12.1655ms (scn=21213453 to 21413453)" @service=redpanda-connect label="" path=root.input
time="2026-09-23T12:22:39+01:00" level=debug msg="Collected 1 redo log file(s) for LogMiner: [ARCHIVED]" @service=redpanda-connect label="" path=root.input
time="2026-09-23T12:22:39+01:00" level=debug msg="Started LogMiner session from SCN 21413453 to SCN 21613453" @service=redpanda-connect label="" path=root.input
time="2026-09-23T12:22:39+01:00" level=debug msg="Executing LogMiner query with SCN range (scn=21413453 to 21613453 with window 200000)" @service=redpanda-connect label="" path=root.input
time="2026-09-23T12:22:39+01:00" level=debug msg="LogMiner query returned no rows after 7.197292ms (scn=21413453 to 21613453)" @service=redpanda-connect label="" path=root.input
time="2026-09-23T12:22:39+01:00" level=debug msg="Collected 1 redo log file(s) for LogMiner: [ARCHIVED]" @service=redpanda-connect label="" path=root.input
time="2026-09-23T12:22:39+01:00" level=debug msg="Started LogMiner session from SCN 21613453 to SCN 21813453" @service=redpanda-connect label="" path=root.input
time="2026-09-23T12:22:39+01:00" level=debug msg="Executing LogMiner query with SCN range (scn=21613453 to 21813453 with window 200000)" @service=redpanda-connect label="" path=root.input
time="2026-09-23T12:22:39+01:00" level=debug msg="LogMiner query returned no rows after 9.407583ms (scn=21613453 to 21813453)" @service=redpanda-connect label="" path=root.input
time="2026-09-23T12:22:39+01:00" level=debug msg="Collected 1 redo log file(s) for LogMiner: [ARCHIVED]" @service=redpanda-connect label="" path=root.input
time="2026-09-23T12:22:39+01:00" level=debug msg="Started LogMiner session from SCN 21813453 to SCN 22013453" @service=redpanda-connect label="" path=root.input
time="2026-09-23T12:22:39+01:00" level=debug msg="Executing LogMiner query with SCN range (scn=21813453 to 22013453 with window 200000)" @service=redpanda-connect label="" path=root.input
time="2026-09-23T12:22:39+01:00" level=debug msg="LogMiner query returned no rows after 12.0145ms (scn=21813453 to 22013453)" @service=redpanda-connect label="" path=root.input
time="2026-09-23T12:22:39+01:00" level=debug msg="Collected 1 redo log file(s) for LogMiner: [ARCHIVED]" @service=redpanda-connect label="" path=root.input
time="2026-09-23T12:22:39+01:00" level=debug msg="Started LogMiner session from SCN 22013453 to SCN 22213453" @service=redpanda-connect label="" path=root.input
time="2026-09-23T12:22:39+01:00" level=debug msg="Executing LogMiner query with SCN range (scn=22013453 to 22213453 with window 200000)" @service=redpanda-connect label="" path=root.input
time="2026-09-23T12:22:39+01:00" level=debug msg="LogMiner query returned no rows after 7.099917ms (scn=22013453 to 22213453)" @service=redpanda-connect label="" path=root.input
time="2026-09-23T12:22:39+01:00" level=debug msg="Collected 1 redo log file(s) for LogMiner: [ARCHIVED]" @service=redpanda-connect label="" path=root.input
time="2026-09-23T12:22:39+01:00" level=debug msg="Started LogMiner session from SCN 22213453 to SCN 22413453" @service=redpanda-connect label="" path=root.input
time="2026-09-23T12:22:39+01:00" level=debug msg="Executing LogMiner query with SCN range (scn=22213453 to 22413453 with window 200000)" @service=redpanda-connect label="" path=root.input
time="2026-09-23T12:22:39+01:00" level=debug msg="LogMiner query returned no rows after 9.627083ms (scn=22213453 to 22413453)" @service=redpanda-connect label="" path=root.input
time="2026-09-23T12:22:40+01:00" level=debug msg="Collected 1 redo log file(s) for LogMiner: [ARCHIVED]" @service=redpanda-connect label="" path=root.input
time="2026-09-23T12:22:40+01:00" level=debug msg="Started LogMiner session from SCN 22413453 to SCN 22613453" @service=redpanda-connect label="" path=root.input
time="2026-09-23T12:22:40+01:00" level=debug msg="Executing LogMiner query with SCN range (scn=22413453 to 22613453 with window 200000)" @service=redpanda-connect label="" path=root.input
time="2026-09-23T12:22:40+01:00" level=debug msg="LogMiner query returned no rows after 10.78775ms (scn=22413453 to 22613453)" @service=redpanda-connect label="" path=root.input
time="2026-09-23T12:22:40+01:00" level=debug msg="Collected 1 redo log file(s) for LogMiner: [ARCHIVED]" @service=redpanda-connect label="" path=root.input
time="2026-09-23T12:22:40+01:00" level=debug msg="Started LogMiner session from SCN 22613453 to SCN 22813453" @service=redpanda-connect label="" path=root.input
time="2026-09-23T12:22:40+01:00" level=debug msg="Executing LogMiner query with SCN range (scn=22613453 to 22813453 with window 200000)" @service=redpanda-connect label="" path=root.input
time="2026-09-23T12:22:40+01:00" level=debug msg="LogMiner query returned no rows after 9.187834ms (scn=22613453 to 22813453)" @service=redpanda-connect label="" path=root.input
time="2026-09-23T12:22:40+01:00" level=debug msg="Collected 1 redo log file(s) for LogMiner: [ARCHIVED]" @service=redpanda-connect label="" path=root.input
time="2026-09-23T12:22:40+01:00" level=debug msg="Started LogMiner session from SCN 22813453 to SCN 23013453" @service=redpanda-connect label="" path=root.input
time="2026-09-23T12:22:40+01:00" level=debug msg="Executing LogMiner query with SCN range (scn=22813453 to 23013453 with window 200000)" @service=redpanda-connect label="" path=root.input
time="2026-09-23T12:22:40+01:00" level=debug msg="LogMiner query returned no rows after 9.569958ms (scn=22813453 to 23013453)" @service=redpanda-connect label="" path=root.input
time="2026-09-23T12:22:40+01:00" level=debug msg="Collected 1 redo log file(s) for LogMiner: [ARCHIVED]" @service=redpanda-connect label="" path=root.input
time="2026-09-23T12:22:40+01:00" level=debug msg="Started LogMiner session from SCN 23013453 to SCN 23213453" @service=redpanda-connect label="" path=root.input
time="2026-09-23T12:22:40+01:00" level=debug msg="Executing LogMiner query with SCN range (scn=23013453 to 23213453 with window 200000)" @service=redpanda-connect label="" path=root.input
time="2026-09-23T12:22:40+01:00" level=debug msg="LogMiner query returned no rows after 7.808ms (scn=23013453 to 23213453)" @service=redpanda-connect label="" path=root.input
time="2026-09-23T12:22:40+01:00" level=debug msg="Collected 1 redo log file(s) for LogMiner: [ARCHIVED]" @service=redpanda-connect label="" path=root.input
time="2026-09-23T12:22:40+01:00" level=debug msg="Started LogMiner session from SCN 23213453 to SCN 23413453" @service=redpanda-connect label="" path=root.input
time="2026-09-23T12:22:40+01:00" level=debug msg="Executing LogMiner query with SCN range (scn=23213453 to 23413453 with window 200000)" @service=redpanda-connect label="" path=root.input
time="2026-09-23T12:22:40+01:00" level=debug msg="LogMiner query returned no rows after 11.699125ms (scn=23213453 to 23413453)" @service=redpanda-connect label="" path=root.input
time="2026-09-23T12:22:40+01:00" level=debug msg="Collected 1 redo log file(s) for LogMiner: [ARCHIVED]" @service=redpanda-connect label="" path=root.input
time="2026-09-23T12:22:40+01:00" level=debug msg="Started LogMiner session from SCN 23413453 to SCN 23613453" @service=redpanda-connect label="" path=root.input
time="2026-09-23T12:22:40+01:00" level=debug msg="Executing LogMiner query with SCN range (scn=23413453 to 23613453 with window 200000)" @service=redpanda-connect label="" path=root.input
time="2026-09-23T12:22:40+01:00" level=debug msg="LogMiner query returned no rows after 12.769291ms (scn=23413453 to 23613453)" @service=redpanda-connect label="" path=root.input
time="2026-09-23T12:22:40+01:00" level=debug msg="Collected 1 redo log file(s) for LogMiner: [ARCHIVED]" @service=redpanda-connect label="" path=root.input
time="2026-09-23T12:22:40+01:00" level=debug msg="Started LogMiner session from SCN 23613453 to SCN 23813453" @service=redpanda-connect label="" path=root.input
time="2026-09-23T12:22:40+01:00" level=debug msg="Executing LogMiner query with SCN range (scn=23613453 to 23813453 with window 200000)" @service=redpanda-connect label="" path=root.input
time="2026-09-23T12:22:40+01:00" level=debug msg="LogMiner query returned no rows after 9.793708ms (scn=23613453 to 23813453)" @service=redpanda-connect label="" path=root.input
time="2026-09-23T12:22:40+01:00" level=debug msg="Collected 1 redo log file(s) for LogMiner: [ARCHIVED]" @service=redpanda-connect label="" path=root.input
time="2026-09-23T12:22:40+01:00" level=debug msg="Started LogMiner session from SCN 23813453 to SCN 24013453" @service=redpanda-connect label="" path=root.input
time="2026-09-23T12:22:40+01:00" level=debug msg="Executing LogMiner query with SCN range (scn=23813453 to 24013453 with window 200000)" @service=redpanda-connect label="" path=root.input
time="2026-09-23T12:22:41+01:00" level=debug msg="LogMiner query returned no rows after 13.153708ms (scn=23813453 to 24013453)" @service=redpanda-connect label="" path=root.input
time="2026-09-23T12:22:41+01:00" level=debug msg="Collected 1 redo log file(s) for LogMiner: [ARCHIVED]" @service=redpanda-connect label="" path=root.input
time="2026-09-23T12:22:41+01:00" level=debug msg="Started LogMiner session from SCN 24013453 to SCN 24213453" @service=redpanda-connect label="" path=root.input
time="2026-09-23T12:22:41+01:00" level=debug msg="Executing LogMiner query with SCN range (scn=24013453 to 24213453 with window 200000)" @service=redpanda-connect label="" path=root.input
time="2026-09-23T12:22:41+01:00" level=debug msg="LogMiner query returned no rows after 8.279417ms (scn=24013453 to 24213453)" @service=redpanda-connect label="" path=root.input
time="2026-09-23T12:22:41+01:00" level=debug msg="Collected 1 redo log file(s) for LogMiner: [ARCHIVED]" @service=redpanda-connect label="" path=root.input
time="2026-09-23T12:22:41+01:00" level=debug msg="Started LogMiner session from SCN 24213453 to SCN 24413453" @service=redpanda-connect label="" path=root.input
time="2026-09-23T12:22:41+01:00" level=debug msg="Executing LogMiner query with SCN range (scn=24213453 to 24413453 with window 200000)" @service=redpanda-connect label="" path=root.input
time="2026-09-23T12:22:41+01:00" level=debug msg="LogMiner query returned no rows after 12.674459ms (scn=24213453 to 24413453)" @service=redpanda-connect label="" path=root.input
time="2026-09-23T12:22:41+01:00" level=debug msg="Collected 1 redo log file(s) for LogMiner: [ARCHIVED]" @service=redpanda-connect label="" path=root.input
time="2026-09-23T12:22:41+01:00" level=debug msg="Started LogMiner session from SCN 24413453 to SCN 24613453" @service=redpanda-connect label="" path=root.input
time="2026-09-23T12:22:41+01:00" level=debug msg="Executing LogMiner query with SCN range (scn=24413453 to 24613453 with window 200000)" @service=redpanda-connect label="" path=root.input
time="2026-09-23T12:22:41+01:00" level=debug msg="LogMiner query returned no rows after 11.877125ms (scn=24413453 to 24613453)" @service=redpanda-connect label="" path=root.input
time="2026-09-23T12:22:41+01:00" level=debug msg="Collected 1 redo log file(s) for LogMiner: [ARCHIVED]" @service=redpanda-connect label="" path=root.input
time="2026-09-23T12:22:41+01:00" level=debug msg="Started LogMiner session from SCN 24613453 to SCN 24813453" @service=redpanda-connect label="" path=root.input
time="2026-09-23T12:22:41+01:00" level=debug msg="Executing LogMiner query with SCN range (scn=24613453 to 24813453 with window 200000)" @service=redpanda-connect label="" path=root.input
time="2026-09-23T12:22:41+01:00" level=debug msg="LogMiner query returned no rows after 14.459208ms (scn=24613453 to 24813453)" @service=redpanda-connect label="" path=root.input
time="2026-09-23T12:22:41+01:00" level=debug msg="Collected 1 redo log file(s) for LogMiner: [ARCHIVED]" @service=redpanda-connect label="" path=root.input
time="2026-09-23T12:22:41+01:00" level=debug msg="Started LogMiner session from SCN 24813453 to SCN 25013453" @service=redpanda-connect label="" path=root.input
time="2026-09-23T12:22:41+01:00" level=debug msg="Executing LogMiner query with SCN range (scn=24813453 to 25013453 with window 200000)" @service=redpanda-connect label="" path=root.input
time="2026-09-23T12:22:41+01:00" level=debug msg="LogMiner query returned no rows after 14.103584ms (scn=24813453 to 25013453)" @service=redpanda-connect label="" path=root.input
time="2026-09-23T12:22:41+01:00" level=debug msg="Collected 29 redo log file(s) for LogMiner: [ARCHIVED ARCHIVED ARCHIVED ARCHIVED ARCHIVED ARCHIVED ARCHIVED ARCHIVED ARCHIVED ARCHIVED ARCHIVED ARCHIVED ARCHIVED ARCHIVED ARCHIVED ARCHIVED ARCHIVED ARCHIVED ARCHIVED ARCHIVED ARCHIVED ARCHIVED ARCHIVED ARCHIVED ARCHIVED ARCHIVED ARCHIVED ARCHIVED ARCHIVED]" @service=redpanda-connect label="" path=root.input
time="2026-09-23T12:22:41+01:00" level=debug msg="Loaded ARCHIVED redo log file '/opt/oracle/oradata/recovery_area/FREE/archivelog/2026_09_14/o1_mf_1_35_obhwkzy5_.arc' into LogMiner" @service=redpanda-connect label="" path=root.input
time="2026-09-23T12:22:41+01:00" level=debug msg="Loaded ARCHIVED redo log file '/opt/oracle/oradata/recovery_area/FREE/archivelog/2026_09_14/o1_mf_1_36_obhwmw0m_.arc' into LogMiner" @service=redpanda-connect label="" path=root.input
time="2026-09-23T12:22:41+01:00" level=debug msg="Loaded ARCHIVED redo log file '/opt/oracle/oradata/recovery_area/FREE/archivelog/2026_09_14/o1_mf_1_37_obhwor2n_.arc' into LogMiner" @service=redpanda-connect label="" path=root.input
time="2026-09-23T12:22:41+01:00" level=debug msg="Loaded ARCHIVED redo log file '/opt/oracle/oradata/recovery_area/FREE/archivelog/2026_09_14/o1_mf_1_38_obhwqn4l_.arc' into LogMiner" @service=redpanda-connect label="" path=root.input
time="2026-09-23T12:22:41+01:00" level=debug msg="Loaded ARCHIVED redo log file '/opt/oracle/oradata/recovery_area/FREE/archivelog/2026_09_14/o1_mf_1_39_obhwsf6y_.arc' into LogMiner" @service=redpanda-connect label="" path=root.input
time="2026-09-23T12:22:41+01:00" level=debug msg="Loaded ARCHIVED redo log file '/opt/oracle/oradata/recovery_area/FREE/archivelog/2026_09_14/o1_mf_1_40_obhwv998_.arc' into LogMiner" @service=redpanda-connect label="" path=root.input
time="2026-09-23T12:22:41+01:00" level=debug msg="Loaded ARCHIVED redo log file '/opt/oracle/oradata/recovery_area/FREE/archivelog/2026_09_14/o1_mf_1_41_obhwx5cd_.arc' into LogMiner" @service=redpanda-connect label="" path=root.input
time="2026-09-23T12:22:41+01:00" level=debug msg="Loaded ARCHIVED redo log file '/opt/oracle/oradata/recovery_area/FREE/archivelog/2026_09_14/o1_mf_1_42_obhwz1f8_.arc' into LogMiner" @service=redpanda-connect label="" path=root.input
time="2026-09-23T12:22:41+01:00" level=debug msg="Loaded ARCHIVED redo log file '/opt/oracle/oradata/recovery_area/FREE/archivelog/2026_09_14/o1_mf_1_43_obhx0xh5_.arc' into LogMiner" @service=redpanda-connect label="" path=root.input
time="2026-09-23T12:22:41+01:00" level=debug msg="Loaded ARCHIVED redo log file '/opt/oracle/oradata/recovery_area/FREE/archivelog/2026_09_14/o1_mf_1_44_obhx2sk3_.arc' into LogMiner" @service=redpanda-connect label="" path=root.input
time="2026-09-23T12:22:41+01:00" level=debug msg="Loaded ARCHIVED redo log file '/opt/oracle/oradata/recovery_area/FREE/archivelog/2026_09_14/o1_mf_1_45_obhx4okw_.arc' into LogMiner" @service=redpanda-connect label="" path=root.input
time="2026-09-23T12:22:41+01:00" level=debug msg="Loaded ARCHIVED redo log file '/opt/oracle/oradata/recovery_area/FREE/archivelog/2026_09_14/o1_mf_1_46_obhx6klp_.arc' into LogMiner" @service=redpanda-connect label="" path=root.input
time="2026-09-23T12:22:41+01:00" level=debug msg="Loaded ARCHIVED redo log file '/opt/oracle/oradata/recovery_area/FREE/archivelog/2026_09_14/o1_mf_1_47_obhx8g0v_.arc' into LogMiner" @service=redpanda-connect label="" path=root.input
time="2026-09-23T12:22:41+01:00" level=debug msg="Loaded ARCHIVED redo log file '/opt/oracle/oradata/recovery_area/FREE/archivelog/2026_09_14/o1_mf_1_48_obhxbb18_.arc' into LogMiner" @service=redpanda-connect label="" path=root.input
time="2026-09-23T12:22:41+01:00" level=debug msg="Loaded ARCHIVED redo log file '/opt/oracle/oradata/recovery_area/FREE/archivelog/2026_09_14/o1_mf_1_49_obhxd620_.arc' into LogMiner" @service=redpanda-connect label="" path=root.input
time="2026-09-23T12:22:41+01:00" level=debug msg="Loaded ARCHIVED redo log file '/opt/oracle/oradata/recovery_area/FREE/archivelog/2026_09_14/o1_mf_1_50_obhxg230_.arc' into LogMiner" @service=redpanda-connect label="" path=root.input
time="2026-09-23T12:22:41+01:00" level=debug msg="Loaded ARCHIVED redo log file '/opt/oracle/oradata/recovery_area/FREE/archivelog/2026_09_14/o1_mf_1_51_obhxhybs_.arc' into LogMiner" @service=redpanda-connect label="" path=root.input
time="2026-09-23T12:22:41+01:00" level=debug msg="Loaded ARCHIVED redo log file '/opt/oracle/oradata/recovery_area/FREE/archivelog/2026_09_14/o1_mf_1_52_obhxktcg_.arc' into LogMiner" @service=redpanda-connect label="" path=root.input
time="2026-09-23T12:22:41+01:00" level=debug msg="Loaded ARCHIVED redo log file '/opt/oracle/oradata/recovery_area/FREE/archivelog/2026_09_14/o1_mf_1_53_obhxmpf7_.arc' into LogMiner" @service=redpanda-connect label="" path=root.input
time="2026-09-23T12:22:41+01:00" level=debug msg="Loaded ARCHIVED redo log file '/opt/oracle/oradata/recovery_area/FREE/archivelog/2026_09_14/o1_mf_1_54_obhxolm2_.arc' into LogMiner" @service=redpanda-connect label="" path=root.input
time="2026-09-23T12:22:41+01:00" level=debug msg="Loaded ARCHIVED redo log file '/opt/oracle/oradata/recovery_area/FREE/archivelog/2026_09_14/o1_mf_1_55_obhxqgn8_.arc' into LogMiner" @service=redpanda-connect label="" path=root.input
time="2026-09-23T12:22:41+01:00" level=debug msg="Loaded ARCHIVED redo log file '/opt/oracle/oradata/recovery_area/FREE/archivelog/2026_09_14/o1_mf_1_56_obhxscwz_.arc' into LogMiner" @service=redpanda-connect label="" path=root.input
time="2026-09-23T12:22:41+01:00" level=debug msg="Loaded ARCHIVED redo log file '/opt/oracle/oradata/recovery_area/FREE/archivelog/2026_09_14/o1_mf_1_57_obhxv81g_.arc' into LogMiner" @service=redpanda-connect label="" path=root.input
time="2026-09-23T12:22:41+01:00" level=debug msg="Loaded ARCHIVED redo log file '/opt/oracle/oradata/recovery_area/FREE/archivelog/2026_09_14/o1_mf_1_58_obhxx43l_.arc' into LogMiner" @service=redpanda-connect label="" path=root.input
time="2026-09-23T12:22:41+01:00" level=debug msg="Loaded ARCHIVED redo log file '/opt/oracle/oradata/recovery_area/FREE/archivelog/2026_09_14/o1_mf_1_59_obhxz05z_.arc' into LogMiner" @service=redpanda-connect label="" path=root.input
time="2026-09-23T12:22:41+01:00" level=debug msg="Loaded ARCHIVED redo log file '/opt/oracle/oradata/recovery_area/FREE/archivelog/2026_09_14/o1_mf_1_60_obhy0s9w_.arc' into LogMiner" @service=redpanda-connect label="" path=root.input
time="2026-09-23T12:22:41+01:00" level=debug msg="Loaded ARCHIVED redo log file '/opt/oracle/oradata/recovery_area/FREE/archivelog/2026_09_14/o1_mf_1_61_obhy2p4p_.arc' into LogMiner" @service=redpanda-connect label="" path=root.input
time="2026-09-23T12:22:41+01:00" level=debug msg="Loaded ARCHIVED redo log file '/opt/oracle/oradata/recovery_area/FREE/archivelog/2026_09_14/o1_mf_1_62_obhy4lbo_.arc' into LogMiner" @service=redpanda-connect label="" path=root.input
time="2026-09-23T12:22:41+01:00" level=debug msg="Loaded ARCHIVED redo log file '/opt/oracle/oradata/recovery_area/FREE/archivelog/2026_09_14/o1_mf_1_63_obhy6gdz_.arc' into LogMiner" @service=redpanda-connect label="" path=root.input
time="2026-09-23T12:22:41+01:00" level=debug msg="Started LogMiner session from SCN 25013453 to SCN 25213453" @service=redpanda-connect label="" path=root.input
time="2026-09-23T12:22:41+01:00" level=debug msg="Executing LogMiner query with SCN range (scn=25013453 to 25213453 with window 200000)" @service=redpanda-connect label="" path=root.input
time="2026-09-23T12:22:42+01:00" level=debug msg="LogMiner query returned first row after 37.807167ms (scn=25013453 to 25213453)" @service=redpanda-connect label="" path=root.input
{"BALANCE":"0.00","CREATED_AT":"2026-09-14T13:10:05.053028Z","DATE_OF_BIRTH":"2026-09-14T13:10:05Z","EMAIL":"postjump1@example.com","ID":"5001","IS_ACTIVE":1,"JOIN_DATE":"2026-09-14T13:10:05Z","LOGIN_COUNT":"0","NAME":"post-jump-1","SURNAME":"surname-1"}
{"BALANCE":"0.00","CREATED_AT":"2026-09-14T13:10:05.053028Z","DATE_OF_BIRTH":"2026-09-14T13:10:05Z","EMAIL":"postjump2@example.com","ID":"5002","IS_ACTIVE":1,"JOIN_DATE":"2026-09-14T13:10:05Z","LOGIN_COUNT":"0","NAME":"post-jump-2","SURNAME":"surname-2"}
{"BALANCE":"0.00","CREATED_AT":"2026-09-14T13:10:05.053028Z","DATE_OF_BIRTH":"2026-09-14T13:10:05Z","EMAIL":"postjump3@example.com","ID":"5003","IS_ACTIVE":1,"JOIN_DATE":"2026-09-14T13:10:05Z","LOGIN_COUNT":"0","NAME":"post-jump-3","SURNAME":"surname-3"}
{"BALANCE":"0.00","CREATED_AT":"2026-09-14T13:10:05.053028Z","DATE_OF_BIRTH":"2026-09-14T13:10:05Z","EMAIL":"postjump4@example.com","ID":"5004","IS_ACTIVE":1,"JOIN_DATE":"2026-09-14T13:10:05Z","LOGIN_COUNT":"0","NAME":"post-jump-4","SURNAME":"surname-4"}
{"BALANCE":"0.00","CREATED_AT":"2026-09-14T13:10:05.053028Z","DATE_OF_BIRTH":"2026-09-14T13:10:05Z","EMAIL":"postjump5@example.com","ID":"5005","IS_ACTIVE":1,"JOIN_DATE":"2026-09-14T13:10:05Z","LOGIN_COUNT":"0","NAME":"post-jump-5","SURNAME":"surname-5"}
{"BALANCE":"0.00","CREATED_AT":"2026-09-14T13:10:05.053028Z","DATE_OF_BIRTH":"2026-09-14T13:10:05Z","EMAIL":"postjump6@example.com","ID":"5006","IS_ACTIVE":1,"JOIN_DATE":"2026-09-14T13:10:05Z","LOGIN_COUNT":"0","NAME":"post-jump-6","SURNAME":"surname-6"}
{"BALANCE":"0.00","CREATED_AT":"2026-09-14T13:10:05.053028Z","DATE_OF_BIRTH":"2026-09-14T13:10:05Z","EMAIL":"postjump7@example.com","ID":"5007","IS_ACTIVE":1,"JOIN_DATE":"2026-09-14T13:10:05Z","LOGIN_COUNT":"0","NAME":"post-jump-7","SURNAME":"surname-7"}
{"BALANCE":"0.00","CREATED_AT":"2026-09-14T13:10:05.053028Z","DATE_OF_BIRTH":"2026-09-14T13:10:05Z","EMAIL":"postjump8@example.com","ID":"5008","IS_ACTIVE":1,"JOIN_DATE":"2026-09-14T13:10:05Z","LOGIN_COUNT":"0","NAME":"post-jump-8","SURNAME":"surname-8"}
{"BALANCE":"0.00","CREATED_AT":"2026-09-14T13:10:05.053028Z","DATE_OF_BIRTH":"2026-09-14T13:10:05Z","EMAIL":"postjump9@example.com","ID":"5009","IS_ACTIVE":1,"JOIN_DATE":"2026-09-14T13:10:05Z","LOGIN_COUNT":"0","NAME":"post-jump-9","SURNAME":"surname-9"}
{"BALANCE":"0.00","CREATED_AT":"2026-09-14T13:10:05.053028Z","DATE_OF_BIRTH":"2026-09-14T13:10:05Z","EMAIL":"postjump10@example.com","ID":"5010","IS_ACTIVE":1,"JOIN_DATE":"2026-09-14T13:10:05Z","LOGIN_COUNT":"0","NAME":"post-jump-10","SURNAME":"surname-10"}
{"BALANCE":"0.00","CREATED_AT":"2026-09-14T13:10:05.053028Z","DATE_OF_BIRTH":"2026-09-14T13:10:05Z","EMAIL":"postjump11@example.com","ID":"5011","IS_ACTIVE":1,"JOIN_DATE":"2026-09-14T13:10:05Z","LOGIN_COUNT":"0","NAME":"post-jump-11","SURNAME":"surname-11"}
{"BALANCE":"0.00","CREATED_AT":"2026-09-14T13:10:05.053028Z","DATE_OF_BIRTH":"2026-09-14T13:10:05Z","EMAIL":"postjump12@example.com","ID":"5012","IS_ACTIVE":1,"JOIN_DATE":"2026-09-14T13:10:05Z","LOGIN_COUNT":"0","NAME":"post-jump-12","SURNAME":"surname-12"}
{"BALANCE":"0.00","CREATED_AT":"2026-09-14T13:10:05.053028Z","DATE_OF_BIRTH":"2026-09-14T13:10:05Z","EMAIL":"postjump13@example.com","ID":"5013","IS_ACTIVE":1,"JOIN_DATE":"2026-09-14T13:10:05Z","LOGIN_COUNT":"0","NAME":"post-jump-13","SURNAME":"surname-13"}
{"BALANCE":"0.00","CREATED_AT":"2026-09-14T13:10:05.053028Z","DATE_OF_BIRTH":"2026-09-14T13:10:05Z","EMAIL":"postjump14@example.com","ID":"5014","IS_ACTIVE":1,"JOIN_DATE":"2026-09-14T13:10:05Z","LOGIN_COUNT":"0","NAME":"post-jump-14","SURNAME":"surname-14"}
{"BALANCE":"0.00","CREATED_AT":"2026-09-14T13:10:05.053028Z","DATE_OF_BIRTH":"2026-09-14T13:10:05Z","EMAIL":"postjump15@example.com","ID":"5015","IS_ACTIVE":1,"JOIN_DATE":"2026-09-14T13:10:05Z","LOGIN_COUNT":"0","NAME":"post-jump-15","SURNAME":"surname-15"}
{"BALANCE":"0.00","CREATED_AT":"2026-09-14T13:10:05.053028Z","DATE_OF_BIRTH":"2026-09-14T13:10:05Z","EMAIL":"postjump16@example.com","ID":"5016","IS_ACTIVE":1,"JOIN_DATE":"2026-09-14T13:10:05Z","LOGIN_COUNT":"0","NAME":"post-jump-16","SURNAME":"surname-16"}
{"BALANCE":"0.00","CREATED_AT":"2026-09-14T13:10:05.053028Z","DATE_OF_BIRTH":"2026-09-14T13:10:05Z","EMAIL":"postjump17@example.com","ID":"5017","IS_ACTIVE":1,"JOIN_DATE":"2026-09-14T13:10:05Z","LOGIN_COUNT":"0","NAME":"post-jump-17","SURNAME":"surname-17"}
{"BALANCE":"0.00","CREATED_AT":"2026-09-14T13:10:05.053028Z","DATE_OF_BIRTH":"2026-09-14T13:10:05Z","EMAIL":"postjump18@example.com","ID":"5018","IS_ACTIVE":1,"JOIN_DATE":"2026-09-14T13:10:05Z","LOGIN_COUNT":"0","NAME":"post-jump-18","SURNAME":"surname-18"}
{"BALANCE":"0.00","CREATED_AT":"2026-09-14T13:10:05.053028Z","DATE_OF_BIRTH":"2026-09-14T13:10:05Z","EMAIL":"postjump19@example.com","ID":"5019","IS_ACTIVE":1,"JOIN_DATE":"2026-09-14T13:10:05Z","LOGIN_COUNT":"0","NAME":"post-jump-19","SURNAME":"surname-19"}
{"BALANCE":"0.00","CREATED_AT":"2026-09-14T13:10:05.053028Z","DATE_OF_BIRTH":"2026-09-14T13:10:05Z","EMAIL":"postjump20@example.com","ID":"5020","IS_ACTIVE":1,"JOIN_DATE":"2026-09-14T13:10:05Z","LOGIN_COUNT":"0","NAME":"post-jump-20","SURNAME":"surname-20"}
{"BALANCE":"0.00","CREATED_AT":"2026-09-14T13:10:05.053028Z","DATE_OF_BIRTH":"2026-09-14T13:10:05Z","EMAIL":"postjump21@example.com","ID":"5021","IS_ACTIVE":1,"JOIN_DATE":"2026-09-14T13:10:05Z","LOGIN_COUNT":"0","NAME":"post-jump-21","SURNAME":"surname-21"}
{"BALANCE":"0.00","CREATED_AT":"2026-09-14T13:10:05.053028Z","DATE_OF_BIRTH":"2026-09-14T13:10:05Z","EMAIL":"postjump22@example.com","ID":"5022","IS_ACTIVE":1,"JOIN_DATE":"2026-09-14T13:10:05Z","LOGIN_COUNT":"0","NAME":"post-jump-22","SURNAME":"surname-22"}
{"BALANCE":"0.00","CREATED_AT":"2026-09-14T13:10:05.053028Z","DATE_OF_BIRTH":"2026-09-14T13:10:05Z","EMAIL":"postjump23@example.com","ID":"5023","IS_ACTIVE":1,"JOIN_DATE":"2026-09-14T13:10:05Z","LOGIN_COUNT":"0","NAME":"post-jump-23","SURNAME":"surname-23"}
{"BALANCE":"0.00","CREATED_AT":"2026-09-14T13:10:05.053028Z","DATE_OF_BIRTH":"2026-09-14T13:10:05Z","EMAIL":"postjump24@example.com","ID":"5024","IS_ACTIVE":1,"JOIN_DATE":"2026-09-14T13:10:05Z","LOGIN_COUNT":"0","NAME":"post-jump-24","SURNAME":"surname-24"}
{"BALANCE":"0.00","CREATED_AT":"2026-09-14T13:10:05.053028Z","DATE_OF_BIRTH":"2026-09-14T13:10:05Z","EMAIL":"postjump25@example.com","ID":"5025","IS_ACTIVE":1,"JOIN_DATE":"2026-09-14T13:10:05Z","LOGIN_COUNT":"0","NAME":"post-jump-25","SURNAME":"surname-25"}
{"BALANCE":"0.00","CREATED_AT":"2026-09-14T13:10:05.053028Z","DATE_OF_BIRTH":"2026-09-14T13:10:05Z","EMAIL":"postjump26@example.com","ID":"5026","IS_ACTIVE":1,"JOIN_DATE":"2026-09-14T13:10:05Z","LOGIN_COUNT":"0","NAME":"post-jump-26","SURNAME":"surname-26"}
{"BALANCE":"0.00","CREATED_AT":"2026-09-14T13:10:05.053028Z","DATE_OF_BIRTH":"2026-09-14T13:10:05Z","EMAIL":"postjump27@example.com","ID":"5027","IS_ACTIVE":1,"JOIN_DATE":"2026-09-14T13:10:05Z","LOGIN_COUNT":"0","NAME":"post-jump-27","SURNAME":"surname-27"}
{"BALANCE":"0.00","CREATED_AT":"2026-09-14T13:10:05.053028Z","DATE_OF_BIRTH":"2026-09-14T13:10:05Z","EMAIL":"postjump28@example.com","ID":"5028","IS_ACTIVE":1,"JOIN_DATE":"2026-09-14T13:10:05Z","LOGIN_COUNT":"0","NAME":"post-jump-28","SURNAME":"surname-28"}
{"BALANCE":"0.00","CREATED_AT":"2026-09-14T13:10:05.053028Z","DATE_OF_BIRTH":"2026-09-14T13:10:05Z","EMAIL":"postjump29@example.com","ID":"5029","IS_ACTIVE":1,"JOIN_DATE":"2026-09-14T13:10:05Z","LOGIN_COUNT":"0","NAME":"post-jump-29","SURNAME":"surname-29"}
{"BALANCE":"0.00","CREATED_AT":"2026-09-14T13:10:05.053028Z","DATE_OF_BIRTH":"2026-09-14T13:10:05Z","EMAIL":"postjump30@example.com","ID":"5030","IS_ACTIVE":1,"JOIN_DATE":"2026-09-14T13:10:05Z","LOGIN_COUNT":"0","NAME":"post-jump-30","SURNAME":"surname-30"}
{"BALANCE":"0.00","CREATED_AT":"2026-09-14T13:10:05.053028Z","DATE_OF_BIRTH":"2026-09-14T13:10:05Z","EMAIL":"postjump31@example.com","ID":"5031","IS_ACTIVE":1,"JOIN_DATE":"2026-09-14T13:10:05Z","LOGIN_COUNT":"0","NAME":"post-jump-31","SURNAME":"surname-31"}
{"BALANCE":"0.00","CREATED_AT":"2026-09-14T13:10:05.053028Z","DATE_OF_BIRTH":"2026-09-14T13:10:05Z","EMAIL":"postjump32@example.com","ID":"5032","IS_ACTIVE":1,"JOIN_DATE":"2026-09-14T13:10:05Z","LOGIN_COUNT":"0","NAME":"post-jump-32","SURNAME":"surname-32"}
{"BALANCE":"0.00","CREATED_AT":"2026-09-14T13:10:05.053028Z","DATE_OF_BIRTH":"2026-09-14T13:10:05Z","EMAIL":"postjump33@example.com","ID":"5033","IS_ACTIVE":1,"JOIN_DATE":"2026-09-14T13:10:05Z","LOGIN_COUNT":"0","NAME":"post-jump-33","SURNAME":"surname-33"}
{"BALANCE":"0.00","CREATED_AT":"2026-09-14T13:10:05.053028Z","DATE_OF_BIRTH":"2026-09-14T13:10:05Z","EMAIL":"postjump34@example.com","ID":"5034","IS_ACTIVE":1,"JOIN_DATE":"2026-09-14T13:10:05Z","LOGIN_COUNT":"0","NAME":"post-jump-34","SURNAME":"surname-34"}
{"BALANCE":"0.00","CREATED_AT":"2026-09-14T13:10:05.053028Z","DATE_OF_BIRTH":"2026-09-14T13:10:05Z","EMAIL":"postjump35@example.com","ID":"5035","IS_ACTIVE":1,"JOIN_DATE":"2026-09-14T13:10:05Z","LOGIN_COUNT":"0","NAME":"post-jump-35","SURNAME":"surname-35"}
{"BALANCE":"0.00","CREATED_AT":"2026-09-14T13:10:05.053028Z","DATE_OF_BIRTH":"2026-09-14T13:10:05Z","EMAIL":"postjump36@example.com","ID":"5036","IS_ACTIVE":1,"JOIN_DATE":"2026-09-14T13:10:05Z","LOGIN_COUNT":"0","NAME":"post-jump-36","SURNAME":"surname-36"}
{"BALANCE":"0.00","CREATED_AT":"2026-09-14T13:10:05.053028Z","DATE_OF_BIRTH":"2026-09-14T13:10:05Z","EMAIL":"postjump37@example.com","ID":"5037","IS_ACTIVE":1,"JOIN_DATE":"2026-09-14T13:10:05Z","LOGIN_COUNT":"0","NAME":"post-jump-37","SURNAME":"surname-37"}
{"BALANCE":"0.00","CREATED_AT":"2026-09-14T13:10:05.053028Z","DATE_OF_BIRTH":"2026-09-14T13:10:05Z","EMAIL":"postjump38@example.com","ID":"5038","IS_ACTIVE":1,"JOIN_DATE":"2026-09-14T13:10:05Z","LOGIN_COUNT":"0","NAME":"post-jump-38","SURNAME":"surname-38"}
{"BALANCE":"0.00","CREATED_AT":"2026-09-14T13:10:05.053028Z","DATE_OF_BIRTH":"2026-09-14T13:10:05Z","EMAIL":"postjump39@example.com","ID":"5039","IS_ACTIVE":1,"JOIN_DATE":"2026-09-14T13:10:05Z","LOGIN_COUNT":"0","NAME":"post-jump-39","SURNAME":"surname-39"}
{"BALANCE":"0.00","CREATED_AT":"2026-09-14T13:10:05.053028Z","DATE_OF_BIRTH":"2026-09-14T13:10:05Z","EMAIL":"postjump40@example.com","ID":"5040","IS_ACTIVE":1,"JOIN_DATE":"2026-09-14T13:10:05Z","LOGIN_COUNT":"0","NAME":"post-jump-40","SURNAME":"surname-40"}
{"BALANCE":"0.00","CREATED_AT":"2026-09-14T13:10:05.053028Z","DATE_OF_BIRTH":"2026-09-14T13:10:05Z","EMAIL":"postjump41@example.com","ID":"5041","IS_ACTIVE":1,"JOIN_DATE":"2026-09-14T13:10:05Z","LOGIN_COUNT":"0","NAME":"post-jump-41","SURNAME":"surname-41"}
{"BALANCE":"0.00","CREATED_AT":"2026-09-14T13:10:05.053028Z","DATE_OF_BIRTH":"2026-09-14T13:10:05Z","EMAIL":"postjump42@example.com","ID":"5042","IS_ACTIVE":1,"JOIN_DATE":"2026-09-14T13:10:05Z","LOGIN_COUNT":"0","NAME":"post-jump-42","SURNAME":"surname-42"}
{"BALANCE":"0.00","CREATED_AT":"2026-09-14T13:10:05.053028Z","DATE_OF_BIRTH":"2026-09-14T13:10:05Z","EMAIL":"postjump43@example.com","ID":"5043","IS_ACTIVE":1,"JOIN_DATE":"2026-09-14T13:10:05Z","LOGIN_COUNT":"0","NAME":"post-jump-43","SURNAME":"surname-43"}
{"BALANCE":"0.00","CREATED_AT":"2026-09-14T13:10:05.053028Z","DATE_OF_BIRTH":"2026-09-14T13:10:05Z","EMAIL":"postjump44@example.com","ID":"5044","IS_ACTIVE":1,"JOIN_DATE":"2026-09-14T13:10:05Z","LOGIN_COUNT":"0","NAME":"post-jump-44","SURNAME":"surname-44"}
{"BALANCE":"0.00","CREATED_AT":"2026-09-14T13:10:05.053028Z","DATE_OF_BIRTH":"2026-09-14T13:10:05Z","EMAIL":"postjump45@example.com","ID":"5045","IS_ACTIVE":1,"JOIN_DATE":"2026-09-14T13:10:05Z","LOGIN_COUNT":"0","NAME":"post-jump-45","SURNAME":"surname-45"}
{"BALANCE":"0.00","CREATED_AT":"2026-09-14T13:10:05.053028Z","DATE_OF_BIRTH":"2026-09-14T13:10:05Z","EMAIL":"postjump46@example.com","ID":"5046","IS_ACTIVE":1,"JOIN_DATE":"2026-09-14T13:10:05Z","LOGIN_COUNT":"0","NAME":"post-jump-46","SURNAME":"surname-46"}
{"BALANCE":"0.00","CREATED_AT":"2026-09-14T13:10:05.053028Z","DATE_OF_BIRTH":"2026-09-14T13:10:05Z","EMAIL":"postjump47@example.com","ID":"5047","IS_ACTIVE":1,"JOIN_DATE":"2026-09-14T13:10:05Z","LOGIN_COUNT":"0","NAME":"post-jump-47","SURNAME":"surname-47"}
{"BALANCE":"0.00","CREATED_AT":"2026-09-14T13:10:05.053028Z","DATE_OF_BIRTH":"2026-09-14T13:10:05Z","EMAIL":"postjump48@example.com","ID":"5048","IS_ACTIVE":1,"JOIN_DATE":"2026-09-14T13:10:05Z","LOGIN_COUNT":"0","NAME":"post-jump-48","SURNAME":"surname-48"}
{"BALANCE":"0.00","CREATED_AT":"2026-09-14T13:10:05.053028Z","DATE_OF_BIRTH":"2026-09-14T13:10:05Z","EMAIL":"postjump49@example.com","ID":"5049","IS_ACTIVE":1,"JOIN_DATE":"2026-09-14T13:10:05Z","LOGIN_COUNT":"0","NAME":"post-jump-49","SURNAME":"surname-49"}
{"BALANCE":"0.00","CREATED_AT":"2026-09-14T13:10:05.053028Z","DATE_OF_BIRTH":"2026-09-14T13:10:05Z","EMAIL":"postjump50@example.com","ID":"5050","IS_ACTIVE":1,"JOIN_DATE":"2026-09-14T13:10:05Z","LOGIN_COUNT":"0","NAME":"post-jump-50","SURNAME":"surname-50"}
{"BALANCE":"0.00","CREATED_AT":"2026-09-14T13:10:05.053028Z","DATE_OF_BIRTH":"2026-09-14T13:10:05Z","EMAIL":"postjump51@example.com","ID":"5051","IS_ACTIVE":1,"JOIN_DATE":"2026-09-14T13:10:05Z","LOGIN_COUNT":"0","NAME":"post-jump-51","SURNAME":"surname-51"}
{"BALANCE":"0.00","CREATED_AT":"2026-09-14T13:10:05.053028Z","DATE_OF_BIRTH":"2026-09-14T13:10:05Z","EMAIL":"postjump52@example.com","ID":"5052","IS_ACTIVE":1,"JOIN_DATE":"2026-09-14T13:10:05Z","LOGIN_COUNT":"0","NAME":"post-jump-52","SURNAME":"surname-52"}
{"BALANCE":"0.00","CREATED_AT":"2026-09-14T13:10:05.053028Z","DATE_OF_BIRTH":"2026-09-14T13:10:05Z","EMAIL":"postjump53@example.com","ID":"5053","IS_ACTIVE":1,"JOIN_DATE":"2026-09-14T13:10:05Z","LOGIN_COUNT":"0","NAME":"post-jump-53","SURNAME":"surname-53"}
{"BALANCE":"0.00","CREATED_AT":"2026-09-14T13:10:05.053028Z","DATE_OF_BIRTH":"2026-09-14T13:10:05Z","EMAIL":"postjump54@example.com","ID":"5054","IS_ACTIVE":1,"JOIN_DATE":"2026-09-14T13:10:05Z","LOGIN_COUNT":"0","NAME":"post-jump-54","SURNAME":"surname-54"}
{"BALANCE":"0.00","CREATED_AT":"2026-09-14T13:10:05.053028Z","DATE_OF_BIRTH":"2026-09-14T13:10:05Z","EMAIL":"postjump55@example.com","ID":"5055","IS_ACTIVE":1,"JOIN_DATE":"2026-09-14T13:10:05Z","LOGIN_COUNT":"0","NAME":"post-jump-55","SURNAME":"surname-55"}
{"BALANCE":"0.00","CREATED_AT":"2026-09-14T13:10:05.053028Z","DATE_OF_BIRTH":"2026-09-14T13:10:05Z","EMAIL":"postjump56@example.com","ID":"5056","IS_ACTIVE":1,"JOIN_DATE":"2026-09-14T13:10:05Z","LOGIN_COUNT":"0","NAME":"post-jump-56","SURNAME":"surname-56"}
{"BALANCE":"0.00","CREATED_AT":"2026-09-14T13:10:05.053028Z","DATE_OF_BIRTH":"2026-09-14T13:10:05Z","EMAIL":"postjump57@example.com","ID":"5057","IS_ACTIVE":1,"JOIN_DATE":"2026-09-14T13:10:05Z","LOGIN_COUNT":"0","NAME":"post-jump-57","SURNAME":"surname-57"}
{"BALANCE":"0.00","CREATED_AT":"2026-09-14T13:10:05.053028Z","DATE_OF_BIRTH":"2026-09-14T13:10:05Z","EMAIL":"postjump58@example.com","ID":"5058","IS_ACTIVE":1,"JOIN_DATE":"2026-09-14T13:10:05Z","LOGIN_COUNT":"0","NAME":"post-jump-58","SURNAME":"surname-58"}
{"BALANCE":"0.00","CREATED_AT":"2026-09-14T13:10:05.053028Z","DATE_OF_BIRTH":"2026-09-14T13:10:05Z","EMAIL":"postjump59@example.com","ID":"5059","IS_ACTIVE":1,"JOIN_DATE":"2026-09-14T13:10:05Z","LOGIN_COUNT":"0","NAME":"post-jump-59","SURNAME":"surname-59"}
{"BALANCE":"0.00","CREATED_AT":"2026-09-14T13:10:05.053028Z","DATE_OF_BIRTH":"2026-09-14T13:10:05Z","EMAIL":"postjump60@example.com","ID":"5060","IS_ACTIVE":1,"JOIN_DATE":"2026-09-14T13:10:05Z","LOGIN_COUNT":"0","NAME":"post-jump-60","SURNAME":"surname-60"}
{"BALANCE":"0.00","CREATED_AT":"2026-09-14T13:10:05.053028Z","DATE_OF_BIRTH":"2026-09-14T13:10:05Z","EMAIL":"postjump61@example.com","ID":"5061","IS_ACTIVE":1,"JOIN_DATE":"2026-09-14T13:10:05Z","LOGIN_COUNT":"0","NAME":"post-jump-61","SURNAME":"surname-61"}
{"BALANCE":"0.00","CREATED_AT":"2026-09-14T13:10:05.053028Z","DATE_OF_BIRTH":"2026-09-14T13:10:05Z","EMAIL":"postjump62@example.com","ID":"5062","IS_ACTIVE":1,"JOIN_DATE":"2026-09-14T13:10:05Z","LOGIN_COUNT":"0","NAME":"post-jump-62","SURNAME":"surname-62"}
{"BALANCE":"0.00","CREATED_AT":"2026-09-14T13:10:05.053028Z","DATE_OF_BIRTH":"2026-09-14T13:10:05Z","EMAIL":"postjump63@example.com","ID":"5063","IS_ACTIVE":1,"JOIN_DATE":"2026-09-14T13:10:05Z","LOGIN_COUNT":"0","NAME":"post-jump-63","SURNAME":"surname-63"}
{"BALANCE":"0.00","CREATED_AT":"2026-09-14T13:10:05.053028Z","DATE_OF_BIRTH":"2026-09-14T13:10:05Z","EMAIL":"postjump64@example.com","ID":"5064","IS_ACTIVE":1,"JOIN_DATE":"2026-09-14T13:10:05Z","LOGIN_COUNT":"0","NAME":"post-jump-64","SURNAME":"surname-64"}
{"BALANCE":"0.00","CREATED_AT":"2026-09-14T13:10:05.053028Z","DATE_OF_BIRTH":"2026-09-14T13:10:05Z","EMAIL":"postjump65@example.com","ID":"5065","IS_ACTIVE":1,"JOIN_DATE":"2026-09-14T13:10:05Z","LOGIN_COUNT":"0","NAME":"post-jump-65","SURNAME":"surname-65"}
{"BALANCE":"0.00","CREATED_AT":"2026-09-14T13:10:05.053028Z","DATE_OF_BIRTH":"2026-09-14T13:10:05Z","EMAIL":"postjump66@example.com","ID":"5066","IS_ACTIVE":1,"JOIN_DATE":"2026-09-14T13:10:05Z","LOGIN_COUNT":"0","NAME":"post-jump-66","SURNAME":"surname-66"}
{"BALANCE":"0.00","CREATED_AT":"2026-09-14T13:10:05.053028Z","DATE_OF_BIRTH":"2026-09-14T13:10:05Z","EMAIL":"postjump67@example.com","ID":"5067","IS_ACTIVE":1,"JOIN_DATE":"2026-09-14T13:10:05Z","LOGIN_COUNT":"0","NAME":"post-jump-67","SURNAME":"surname-67"}
{"BALANCE":"0.00","CREATED_AT":"2026-09-14T13:10:05.053028Z","DATE_OF_BIRTH":"2026-09-14T13:10:05Z","EMAIL":"postjump68@example.com","ID":"5068","IS_ACTIVE":1,"JOIN_DATE":"2026-09-14T13:10:05Z","LOGIN_COUNT":"0","NAME":"post-jump-68","SURNAME":"surname-68"}
{"BALANCE":"0.00","CREATED_AT":"2026-09-14T13:10:05.053028Z","DATE_OF_BIRTH":"2026-09-14T13:10:05Z","EMAIL":"postjump69@example.com","ID":"5069","IS_ACTIVE":1,"JOIN_DATE":"2026-09-14T13:10:05Z","LOGIN_COUNT":"0","NAME":"post-jump-69","SURNAME":"surname-69"}
{"BALANCE":"0.00","CREATED_AT":"2026-09-14T13:10:05.053028Z","DATE_OF_BIRTH":"2026-09-14T13:10:05Z","EMAIL":"postjump70@example.com","ID":"5070","IS_ACTIVE":1,"JOIN_DATE":"2026-09-14T13:10:05Z","LOGIN_COUNT":"0","NAME":"post-jump-70","SURNAME":"surname-70"}
{"BALANCE":"0.00","CREATED_AT":"2026-09-14T13:10:05.053028Z","DATE_OF_BIRTH":"2026-09-14T13:10:05Z","EMAIL":"postjump71@example.com","ID":"5071","IS_ACTIVE":1,"JOIN_DATE":"2026-09-14T13:10:05Z","LOGIN_COUNT":"0","NAME":"post-jump-71","SURNAME":"surname-71"}
{"BALANCE":"0.00","CREATED_AT":"2026-09-14T13:10:05.053028Z","DATE_OF_BIRTH":"2026-09-14T13:10:05Z","EMAIL":"postjump72@example.com","ID":"5072","IS_ACTIVE":1,"JOIN_DATE":"2026-09-14T13:10:05Z","LOGIN_COUNT":"0","NAME":"post-jump-72","SURNAME":"surname-72"}
{"BALANCE":"0.00","CREATED_AT":"2026-09-14T13:10:05.053028Z","DATE_OF_BIRTH":"2026-09-14T13:10:05Z","EMAIL":"postjump73@example.com","ID":"5073","IS_ACTIVE":1,"JOIN_DATE":"2026-09-14T13:10:05Z","LOGIN_COUNT":"0","NAME":"post-jump-73","SURNAME":"surname-73"}
{"BALANCE":"0.00","CREATED_AT":"2026-09-14T13:10:05.053028Z","DATE_OF_BIRTH":"2026-09-14T13:10:05Z","EMAIL":"postjump74@example.com","ID":"5074","IS_ACTIVE":1,"JOIN_DATE":"2026-09-14T13:10:05Z","LOGIN_COUNT":"0","NAME":"post-jump-74","SURNAME":"surname-74"}
{"BALANCE":"0.00","CREATED_AT":"2026-09-14T13:10:05.053028Z","DATE_OF_BIRTH":"2026-09-14T13:10:05Z","EMAIL":"postjump75@example.com","ID":"5075","IS_ACTIVE":1,"JOIN_DATE":"2026-09-14T13:10:05Z","LOGIN_COUNT":"0","NAME":"post-jump-75","SURNAME":"surname-75"}
{"BALANCE":"0.00","CREATED_AT":"2026-09-14T13:10:05.053028Z","DATE_OF_BIRTH":"2026-09-14T13:10:05Z","EMAIL":"postjump76@example.com","ID":"5076","IS_ACTIVE":1,"JOIN_DATE":"2026-09-14T13:10:05Z","LOGIN_COUNT":"0","NAME":"post-jump-76","SURNAME":"surname-76"}
{"BALANCE":"0.00","CREATED_AT":"2026-09-14T13:10:05.053028Z","DATE_OF_BIRTH":"2026-09-14T13:10:05Z","EMAIL":"postjump77@example.com","ID":"5077","IS_ACTIVE":1,"JOIN_DATE":"2026-09-14T13:10:05Z","LOGIN_COUNT":"0","NAME":"post-jump-77","SURNAME":"surname-77"}
{"BALANCE":"0.00","CREATED_AT":"2026-09-14T13:10:05.053028Z","DATE_OF_BIRTH":"2026-09-14T13:10:05Z","EMAIL":"postjump78@example.com","ID":"5078","IS_ACTIVE":1,"JOIN_DATE":"2026-09-14T13:10:05Z","LOGIN_COUNT":"0","NAME":"post-jump-78","SURNAME":"surname-78"}
{"BALANCE":"0.00","CREATED_AT":"2026-09-14T13:10:05.053028Z","DATE_OF_BIRTH":"2026-09-14T13:10:05Z","EMAIL":"postjump79@example.com","ID":"5079","IS_ACTIVE":1,"JOIN_DATE":"2026-09-14T13:10:05Z","LOGIN_COUNT":"0","NAME":"post-jump-79","SURNAME":"surname-79"}
{"BALANCE":"0.00","CREATED_AT":"2026-09-14T13:10:05.053028Z","DATE_OF_BIRTH":"2026-09-14T13:10:05Z","EMAIL":"postjump80@example.com","ID":"5080","IS_ACTIVE":1,"JOIN_DATE":"2026-09-14T13:10:05Z","LOGIN_COUNT":"0","NAME":"post-jump-80","SURNAME":"surname-80"}
{"BALANCE":"0.00","CREATED_AT":"2026-09-14T13:10:05.053028Z","DATE_OF_BIRTH":"2026-09-14T13:10:05Z","EMAIL":"postjump81@example.com","ID":"5081","IS_ACTIVE":1,"JOIN_DATE":"2026-09-14T13:10:05Z","LOGIN_COUNT":"0","NAME":"post-jump-81","SURNAME":"surname-81"}
{"BALANCE":"0.00","CREATED_AT":"2026-09-14T13:10:05.053028Z","DATE_OF_BIRTH":"2026-09-14T13:10:05Z","EMAIL":"postjump82@example.com","ID":"5082","IS_ACTIVE":1,"JOIN_DATE":"2026-09-14T13:10:05Z","LOGIN_COUNT":"0","NAME":"post-jump-82","SURNAME":"surname-82"}
{"BALANCE":"0.00","CREATED_AT":"2026-09-14T13:10:05.053028Z","DATE_OF_BIRTH":"2026-09-14T13:10:05Z","EMAIL":"postjump83@example.com","ID":"5083","IS_ACTIVE":1,"JOIN_DATE":"2026-09-14T13:10:05Z","LOGIN_COUNT":"0","NAME":"post-jump-83","SURNAME":"surname-83"}
{"BALANCE":"0.00","CREATED_AT":"2026-09-14T13:10:05.053028Z","DATE_OF_BIRTH":"2026-09-14T13:10:05Z","EMAIL":"postjump84@example.com","ID":"5084","IS_ACTIVE":1,"JOIN_DATE":"2026-09-14T13:10:05Z","LOGIN_COUNT":"0","NAME":"post-jump-84","SURNAME":"surname-84"}
{"BALANCE":"0.00","CREATED_AT":"2026-09-14T13:10:05.053028Z","DATE_OF_BIRTH":"2026-09-14T13:10:05Z","EMAIL":"postjump85@example.com","ID":"5085","IS_ACTIVE":1,"JOIN_DATE":"2026-09-14T13:10:05Z","LOGIN_COUNT":"0","NAME":"post-jump-85","SURNAME":"surname-85"}
{"BALANCE":"0.00","CREATED_AT":"2026-09-14T13:10:05.053028Z","DATE_OF_BIRTH":"2026-09-14T13:10:05Z","EMAIL":"postjump86@example.com","ID":"5086","IS_ACTIVE":1,"JOIN_DATE":"2026-09-14T13:10:05Z","LOGIN_COUNT":"0","NAME":"post-jump-86","SURNAME":"surname-86"}
{"BALANCE":"0.00","CREATED_AT":"2026-09-14T13:10:05.053028Z","DATE_OF_BIRTH":"2026-09-14T13:10:05Z","EMAIL":"postjump87@example.com","ID":"5087","IS_ACTIVE":1,"JOIN_DATE":"2026-09-14T13:10:05Z","LOGIN_COUNT":"0","NAME":"post-jump-87","SURNAME":"surname-87"}
{"BALANCE":"0.00","CREATED_AT":"2026-09-14T13:10:05.053028Z","DATE_OF_BIRTH":"2026-09-14T13:10:05Z","EMAIL":"postjump88@example.com","ID":"5088","IS_ACTIVE":1,"JOIN_DATE":"2026-09-14T13:10:05Z","LOGIN_COUNT":"0","NAME":"post-jump-88","SURNAME":"surname-88"}
{"BALANCE":"0.00","CREATED_AT":"2026-09-14T13:10:05.053028Z","DATE_OF_BIRTH":"2026-09-14T13:10:05Z","EMAIL":"postjump89@example.com","ID":"5089","IS_ACTIVE":1,"JOIN_DATE":"2026-09-14T13:10:05Z","LOGIN_COUNT":"0","NAME":"post-jump-89","SURNAME":"surname-89"}
{"BALANCE":"0.00","CREATED_AT":"2026-09-14T13:10:05.053028Z","DATE_OF_BIRTH":"2026-09-14T13:10:05Z","EMAIL":"postjump90@example.com","ID":"5090","IS_ACTIVE":1,"JOIN_DATE":"2026-09-14T13:10:05Z","LOGIN_COUNT":"0","NAME":"post-jump-90","SURNAME":"surname-90"}
{"BALANCE":"0.00","CREATED_AT":"2026-09-14T13:10:05.053028Z","DATE_OF_BIRTH":"2026-09-14T13:10:05Z","EMAIL":"postjump91@example.com","ID":"5091","IS_ACTIVE":1,"JOIN_DATE":"2026-09-14T13:10:05Z","LOGIN_COUNT":"0","NAME":"post-jump-91","SURNAME":"surname-91"}
{"BALANCE":"0.00","CREATED_AT":"2026-09-14T13:10:05.053028Z","DATE_OF_BIRTH":"2026-09-14T13:10:05Z","EMAIL":"postjump92@example.com","ID":"5092","IS_ACTIVE":1,"JOIN_DATE":"2026-09-14T13:10:05Z","LOGIN_COUNT":"0","NAME":"post-jump-92","SURNAME":"surname-92"}
{"BALANCE":"0.00","CREATED_AT":"2026-09-14T13:10:05.053028Z","DATE_OF_BIRTH":"2026-09-14T13:10:05Z","EMAIL":"postjump93@example.com","ID":"5093","IS_ACTIVE":1,"JOIN_DATE":"2026-09-14T13:10:05Z","LOGIN_COUNT":"0","NAME":"post-jump-93","SURNAME":"surname-93"}
{"BALANCE":"0.00","CREATED_AT":"2026-09-14T13:10:05.053028Z","DATE_OF_BIRTH":"2026-09-14T13:10:05Z","EMAIL":"postjump94@example.com","ID":"5094","IS_ACTIVE":1,"JOIN_DATE":"2026-09-14T13:10:05Z","LOGIN_COUNT":"0","NAME":"post-jump-94","SURNAME":"surname-94"}
{"BALANCE":"0.00","CREATED_AT":"2026-09-14T13:10:05.053028Z","DATE_OF_BIRTH":"2026-09-14T13:10:05Z","EMAIL":"postjump95@example.com","ID":"5095","IS_ACTIVE":1,"JOIN_DATE":"2026-09-14T13:10:05Z","LOGIN_COUNT":"0","NAME":"post-jump-95","SURNAME":"surname-95"}
{"BALANCE":"0.00","CREATED_AT":"2026-09-14T13:10:05.053028Z","DATE_OF_BIRTH":"2026-09-14T13:10:05Z","EMAIL":"postjump96@example.com","ID":"5096","IS_ACTIVE":1,"JOIN_DATE":"2026-09-14T13:10:05Z","LOGIN_COUNT":"0","NAME":"post-jump-96","SURNAME":"surname-96"}
{"BALANCE":"0.00","CREATED_AT":"2026-09-14T13:10:05.053028Z","DATE_OF_BIRTH":"2026-09-14T13:10:05Z","EMAIL":"postjump97@example.com","ID":"5097","IS_ACTIVE":1,"JOIN_DATE":"2026-09-14T13:10:05Z","LOGIN_COUNT":"0","NAME":"post-jump-97","SURNAME":"surname-97"}
{"BALANCE":"0.00","CREATED_AT":"2026-09-14T13:10:05.053028Z","DATE_OF_BIRTH":"2026-09-14T13:10:05Z","EMAIL":"postjump98@example.com","ID":"5098","IS_ACTIVE":1,"JOIN_DATE":"2026-09-14T13:10:05Z","LOGIN_COUNT":"0","NAME":"post-jump-98","SURNAME":"surname-98"}
{"BALANCE":"0.00","CREATED_AT":"2026-09-14T13:10:05.053028Z","DATE_OF_BIRTH":"2026-09-14T13:10:05Z","EMAIL":"postjump99@example.com","ID":"5099","IS_ACTIVE":1,"JOIN_DATE":"2026-09-14T13:10:05Z","LOGIN_COUNT":"0","NAME":"post-jump-99","SURNAME":"surname-99"}
{"BALANCE":"0.00","CREATED_AT":"2026-09-14T13:10:05.053028Z","DATE_OF_BIRTH":"2026-09-14T13:10:05Z","EMAIL":"postjump100@example.com","ID":"5100","IS_ACTIVE":1,"JOIN_DATE":"2026-09-14T13:10:05Z","LOGIN_COUNT":"0","NAME":"post-jump-100","SURNAME":"surname-100"}
time="2026-09-23T12:22:42+01:00" level=debug msg="Collected 1 redo log file(s) for LogMiner: [ARCHIVED]" @service=redpanda-connect label="" path=root.input
time="2026-09-23T12:22:42+01:00" level=debug msg="Loaded ARCHIVED redo log file '/opt/oracle/oradata/recovery_area/FREE/archivelog/2026_09_14/o1_mf_1_63_obhy6gdz_.arc' into LogMiner" @service=redpanda-connect label="" path=root.input
time="2026-09-23T12:22:42+01:00" level=debug msg="Started LogMiner session from SCN 25213453 to SCN 25413453" @service=redpanda-connect label="" path=root.input
time="2026-09-23T12:22:42+01:00" level=debug msg="Executing LogMiner query with SCN range (scn=25213453 to 25413453 with window 200000)" @service=redpanda-connect label="" path=root.input
time="2026-09-23T12:22:42+01:00" level=debug msg="LogMiner query returned no rows after 7.385584ms (scn=25213453 to 25413453)" @service=redpanda-connect label="" path=root.input
time="2026-09-23T12:22:42+01:00" level=debug msg="Collected 1 redo log file(s) for LogMiner: [ARCHIVED]" @service=redpanda-connect label="" path=root.input
time="2026-09-23T12:22:42+01:00" level=debug msg="Started LogMiner session from SCN 25413453 to SCN 25613453" @service=redpanda-connect label="" path=root.input
time="2026-09-23T12:22:42+01:00" level=debug msg="Executing LogMiner query with SCN range (scn=25413453 to 25613453 with window 200000)" @service=redpanda-connect label="" path=root.input
time="2026-09-23T12:22:42+01:00" level=debug msg="LogMiner query returned no rows after 8.384083ms (scn=25413453 to 25613453)" @service=redpanda-connect label="" path=root.input
time="2026-09-23T12:22:42+01:00" level=debug msg="Collected 1 redo log file(s) for LogMiner: [ARCHIVED]" @service=redpanda-connect label="" path=root.input
time="2026-09-23T12:22:42+01:00" level=debug msg="Started LogMiner session from SCN 25613453 to SCN 25813453" @service=redpanda-connect label="" path=root.input
time="2026-09-23T12:22:42+01:00" level=debug msg="Executing LogMiner query with SCN range (scn=25613453 to 25813453 with window 200000)" @service=redpanda-connect label="" path=root.input
time="2026-09-23T12:22:42+01:00" level=debug msg="LogMiner query returned no rows after 7.857ms (scn=25613453 to 25813453)" @service=redpanda-connect label="" path=root.input
time="2026-09-23T12:22:43+01:00" level=debug msg="Collected 1 redo log file(s) for LogMiner: [ARCHIVED]" @service=redpanda-connect label="" path=root.input
time="2026-09-23T12:22:43+01:00" level=debug msg="Started LogMiner session from SCN 25813453 to SCN 26013453" @service=redpanda-connect label="" path=root.input
time="2026-09-23T12:22:43+01:00" level=debug msg="Executing LogMiner query with SCN range (scn=25813453 to 26013453 with window 200000)" @service=redpanda-connect label="" path=root.input
time="2026-09-23T12:22:43+01:00" level=debug msg="LogMiner query returned no rows after 11.552958ms (scn=25813453 to 26013453)" @service=redpanda-connect label="" path=root.input
time="2026-09-23T12:22:43+01:00" level=debug msg="Collected 1 redo log file(s) for LogMiner: [ARCHIVED]" @service=redpanda-connect label="" path=root.input
time="2026-09-23T12:22:43+01:00" level=debug msg="Started LogMiner session from SCN 26013453 to SCN 26213453" @service=redpanda-connect label="" path=root.input
time="2026-09-23T12:22:43+01:00" level=debug msg="Executing LogMiner query with SCN range (scn=26013453 to 26213453 with window 200000)" @service=redpanda-connect label="" path=root.input
time="2026-09-23T12:22:43+01:00" level=debug msg="LogMiner query returned no rows after 9.046833ms (scn=26013453 to 26213453)" @service=redpanda-connect label="" path=root.input
time="2026-09-23T12:22:43+01:00" level=debug msg="Collected 1 redo log file(s) for LogMiner: [ARCHIVED]" @service=redpanda-connect label="" path=root.input
time="2026-09-23T12:22:43+01:00" level=debug msg="Started LogMiner session from SCN 26213453 to SCN 26413453" @service=redpanda-connect label="" path=root.input
time="2026-09-23T12:22:43+01:00" level=debug msg="Executing LogMiner query with SCN range (scn=26213453 to 26413453 with window 200000)" @service=redpanda-connect label="" path=root.input
time="2026-09-23T12:22:43+01:00" level=debug msg="LogMiner query returned no rows after 11.629ms (scn=26213453 to 26413453)" @service=redpanda-connect label="" path=root.input
time="2026-09-23T12:22:43+01:00" level=debug msg="Collected 1 redo log file(s) for LogMiner: [ARCHIVED]" @service=redpanda-connect label="" path=root.input
time="2026-09-23T12:22:43+01:00" level=debug msg="Started LogMiner session from SCN 26413453 to SCN 26613453" @service=redpanda-connect label="" path=root.input
time="2026-09-23T12:22:43+01:00" level=debug msg="Executing LogMiner query with SCN range (scn=26413453 to 26613453 with window 200000)" @service=redpanda-connect label="" path=root.input
time="2026-09-23T12:22:43+01:00" level=debug msg="LogMiner query returned no rows after 10.323125ms (scn=26413453 to 26613453)" @service=redpanda-connect label="" path=root.input
time="2026-09-23T12:22:43+01:00" level=debug msg="Collected 1 redo log file(s) for LogMiner: [ARCHIVED]" @service=redpanda-connect label="" path=root.input
time="2026-09-23T12:22:43+01:00" level=debug msg="Started LogMiner session from SCN 26613453 to SCN 26813453" @service=redpanda-connect label="" path=root.input
time="2026-09-23T12:22:43+01:00" level=debug msg="Executing LogMiner query with SCN range (scn=26613453 to 26813453 with window 200000)" @service=redpanda-connect label="" path=root.input
time="2026-09-23T12:22:43+01:00" level=debug msg="LogMiner query returned no rows after 8.930917ms (scn=26613453 to 26813453)" @service=redpanda-connect label="" path=root.input
time="2026-09-23T12:22:43+01:00" level=debug msg="Collected 1 redo log file(s) for LogMiner: [ARCHIVED]" @service=redpanda-connect label="" path=root.input
time="2026-09-23T12:22:43+01:00" level=debug msg="Started LogMiner session from SCN 26813453 to SCN 27013453" @service=redpanda-connect label="" path=root.input
time="2026-09-23T12:22:43+01:00" level=debug msg="Executing LogMiner query with SCN range (scn=26813453 to 27013453 with window 200000)" @service=redpanda-connect label="" path=root.input
time="2026-09-23T12:22:43+01:00" level=debug msg="LogMiner query returned no rows after 12.218792ms (scn=26813453 to 27013453)" @service=redpanda-connect label="" path=root.input
time="2026-09-23T12:22:43+01:00" level=debug msg="Collected 1 redo log file(s) for LogMiner: [ARCHIVED]" @service=redpanda-connect label="" path=root.input
time="2026-09-23T12:22:43+01:00" level=debug msg="Started LogMiner session from SCN 27013453 to SCN 27213453" @service=redpanda-connect label="" path=root.input
time="2026-09-23T12:22:43+01:00" level=debug msg="Executing LogMiner query with SCN range (scn=27013453 to 27213453 with window 200000)" @service=redpanda-connect label="" path=root.input
time="2026-09-23T12:22:43+01:00" level=debug msg="LogMiner query returned no rows after 12.988292ms (scn=27013453 to 27213453)" @service=redpanda-connect label="" path=root.input
time="2026-09-23T12:22:44+01:00" level=debug msg="Collected 1 redo log file(s) for LogMiner: [ARCHIVED]" @service=redpanda-connect label="" path=root.input
time="2026-09-23T12:22:44+01:00" level=debug msg="Started LogMiner session from SCN 27213453 to SCN 27413453" @service=redpanda-connect label="" path=root.input
time="2026-09-23T12:22:44+01:00" level=debug msg="Executing LogMiner query with SCN range (scn=27213453 to 27413453 with window 200000)" @service=redpanda-connect label="" path=root.input
time="2026-09-23T12:22:44+01:00" level=debug msg="LogMiner query returned no rows after 13.626667ms (scn=27213453 to 27413453)" @service=redpanda-connect label="" path=root.input
time="2026-09-23T12:22:44+01:00" level=debug msg="Collected 1 redo log file(s) for LogMiner: [ARCHIVED]" @service=redpanda-connect label="" path=root.input
time="2026-09-23T12:22:44+01:00" level=debug msg="Started LogMiner session from SCN 27413453 to SCN 27613453" @service=redpanda-connect label="" path=root.input
time="2026-09-23T12:22:44+01:00" level=debug msg="Executing LogMiner query with SCN range (scn=27413453 to 27613453 with window 200000)" @service=redpanda-connect label="" path=root.input
time="2026-09-23T12:22:44+01:00" level=debug msg="LogMiner query returned no rows after 11.271875ms (scn=27413453 to 27613453)" @service=redpanda-connect label="" path=root.input
time="2026-09-23T12:22:44+01:00" level=debug msg="Collected 1 redo log file(s) for LogMiner: [ARCHIVED]" @service=redpanda-connect label="" path=root.input
time="2026-09-23T12:22:44+01:00" level=debug msg="Started LogMiner session from SCN 27613453 to SCN 27813453" @service=redpanda-connect label="" path=root.input
time="2026-09-23T12:22:44+01:00" level=debug msg="Executing LogMiner query with SCN range (scn=27613453 to 27813453 with window 200000)" @service=redpanda-connect label="" path=root.input
time="2026-09-23T12:22:44+01:00" level=debug msg="LogMiner query returned no rows after 13.159375ms (scn=27613453 to 27813453)" @service=redpanda-connect label="" path=root.input
time="2026-09-23T12:22:44+01:00" level=debug msg="Collected 1 redo log file(s) for LogMiner: [ARCHIVED]" @service=redpanda-connect label="" path=root.input
time="2026-09-23T12:22:44+01:00" level=debug msg="Started LogMiner session from SCN 27813453 to SCN 28013453" @service=redpanda-connect label="" path=root.input
time="2026-09-23T12:22:44+01:00" level=debug msg="Executing LogMiner query with SCN range (scn=27813453 to 28013453 with window 200000)" @service=redpanda-connect label="" path=root.input
time="2026-09-23T12:22:44+01:00" level=debug msg="LogMiner query returned no rows after 12.002917ms (scn=27813453 to 28013453)" @service=redpanda-connect label="" path=root.input
time="2026-09-23T12:22:44+01:00" level=debug msg="Collected 1 redo log file(s) for LogMiner: [ARCHIVED]" @service=redpanda-connect label="" path=root.input
time="2026-09-23T12:22:44+01:00" level=debug msg="Started LogMiner session from SCN 28013453 to SCN 28213453" @service=redpanda-connect label="" path=root.input
time="2026-09-23T12:22:44+01:00" level=debug msg="Executing LogMiner query with SCN range (scn=28013453 to 28213453 with window 200000)" @service=redpanda-connect label="" path=root.input
time="2026-09-23T12:22:44+01:00" level=debug msg="LogMiner query returned no rows after 12.113292ms (scn=28013453 to 28213453)" @service=redpanda-connect label="" path=root.input
time="2026-09-23T12:22:44+01:00" level=debug msg="Collected 1 redo log file(s) for LogMiner: [ARCHIVED]" @service=redpanda-connect label="" path=root.input
time="2026-09-23T12:22:44+01:00" level=debug msg="Started LogMiner session from SCN 28213453 to SCN 28413453" @service=redpanda-connect label="" path=root.input
time="2026-09-23T12:22:44+01:00" level=debug msg="Executing LogMiner query with SCN range (scn=28213453 to 28413453 with window 200000)" @service=redpanda-connect label="" path=root.input
time="2026-09-23T12:22:44+01:00" level=debug msg="LogMiner query returned no rows after 10.803542ms (scn=28213453 to 28413453)" @service=redpanda-connect label="" path=root.input
time="2026-09-23T12:22:44+01:00" level=debug msg="Collected 1 redo log file(s) for LogMiner: [ARCHIVED]" @service=redpanda-connect label="" path=root.input
time="2026-09-23T12:22:44+01:00" level=debug msg="Started LogMiner session from SCN 28413453 to SCN 28613453" @service=redpanda-connect label="" path=root.input
time="2026-09-23T12:22:44+01:00" level=debug msg="Executing LogMiner query with SCN range (scn=28413453 to 28613453 with window 200000)" @service=redpanda-connect label="" path=root.input
time="2026-09-23T12:22:44+01:00" level=debug msg="LogMiner query returned no rows after 12.4905ms (scn=28413453 to 28613453)" @service=redpanda-connect label="" path=root.input
time="2026-09-23T12:22:44+01:00" level=debug msg="Collected 1 redo log file(s) for LogMiner: [ARCHIVED]" @service=redpanda-connect label="" path=root.input
time="2026-09-23T12:22:44+01:00" level=debug msg="Started LogMiner session from SCN 28613453 to SCN 28813453" @service=redpanda-connect label="" path=root.input
time="2026-09-23T12:22:44+01:00" level=debug msg="Executing LogMiner query with SCN range (scn=28613453 to 28813453 with window 200000)" @service=redpanda-connect label="" path=root.input
time="2026-09-23T12:22:44+01:00" level=debug msg="LogMiner query returned no rows after 10.644208ms (scn=28613453 to 28813453)" @service=redpanda-connect label="" path=root.input
time="2026-09-23T12:22:45+01:00" level=debug msg="Collected 1 redo log file(s) for LogMiner: [ARCHIVED]" @service=redpanda-connect label="" path=root.input
time="2026-09-23T12:22:45+01:00" level=debug msg="Started LogMiner session from SCN 28813453 to SCN 29013453" @service=redpanda-connect label="" path=root.input
time="2026-09-23T12:22:45+01:00" level=debug msg="Executing LogMiner query with SCN range (scn=28813453 to 29013453 with window 200000)" @service=redpanda-connect label="" path=root.input
time="2026-09-23T12:22:45+01:00" level=debug msg="LogMiner query returned no rows after 9.302541ms (scn=28813453 to 29013453)" @service=redpanda-connect label="" path=root.input
time="2026-09-23T12:22:45+01:00" level=debug msg="Collected 1 redo log file(s) for LogMiner: [ARCHIVED]" @service=redpanda-connect label="" path=root.input
time="2026-09-23T12:22:45+01:00" level=debug msg="Started LogMiner session from SCN 29013453 to SCN 29213453" @service=redpanda-connect label="" path=root.input
time="2026-09-23T12:22:45+01:00" level=debug msg="Executing LogMiner query with SCN range (scn=29013453 to 29213453 with window 200000)" @service=redpanda-connect label="" path=root.input
time="2026-09-23T12:22:45+01:00" level=debug msg="LogMiner query returned no rows after 11.583375ms (scn=29013453 to 29213453)" @service=redpanda-connect label="" path=root.input
time="2026-09-23T12:22:45+01:00" level=debug msg="Collected 1 redo log file(s) for LogMiner: [ARCHIVED]" @service=redpanda-connect label="" path=root.input
time="2026-09-23T12:22:45+01:00" level=debug msg="Started LogMiner session from SCN 29213453 to SCN 29413453" @service=redpanda-connect label="" path=root.input
time="2026-09-23T12:22:45+01:00" level=debug msg="Executing LogMiner query with SCN range (scn=29213453 to 29413453 with window 200000)" @service=redpanda-connect label="" path=root.input
time="2026-09-23T12:22:45+01:00" level=debug msg="LogMiner query returned no rows after 12.946666ms (scn=29213453 to 29413453)" @service=redpanda-connect label="" path=root.input
time="2026-09-23T12:22:45+01:00" level=debug msg="Collected 1 redo log file(s) for LogMiner: [ARCHIVED]" @service=redpanda-connect label="" path=root.input
time="2026-09-23T12:22:45+01:00" level=debug msg="Started LogMiner session from SCN 29413453 to SCN 29613453" @service=redpanda-connect label="" path=root.input
time="2026-09-23T12:22:45+01:00" level=debug msg="Executing LogMiner query with SCN range (scn=29413453 to 29613453 with window 200000)" @service=redpanda-connect label="" path=root.input
time="2026-09-23T12:22:45+01:00" level=debug msg="LogMiner query returned no rows after 11.967375ms (scn=29413453 to 29613453)" @service=redpanda-connect label="" path=root.input
time="2026-09-23T12:22:45+01:00" level=debug msg="Collected 1 redo log file(s) for LogMiner: [ARCHIVED]" @service=redpanda-connect label="" path=root.input
time="2026-09-23T12:22:45+01:00" level=debug msg="Started LogMiner session from SCN 29613453 to SCN 29813453" @service=redpanda-connect label="" path=root.input
time="2026-09-23T12:22:45+01:00" level=debug msg="Executing LogMiner query with SCN range (scn=29613453 to 29813453 with window 200000)" @service=redpanda-connect label="" path=root.input
time="2026-09-23T12:22:45+01:00" level=debug msg="LogMiner query returned no rows after 11.039ms (scn=29613453 to 29813453)" @service=redpanda-connect label="" path=root.input
time="2026-09-23T12:22:45+01:00" level=debug msg="Collected 1 redo log file(s) for LogMiner: [ARCHIVED]" @service=redpanda-connect label="" path=root.input
time="2026-09-23T12:22:45+01:00" level=debug msg="Started LogMiner session from SCN 29813453 to SCN 30013453" @service=redpanda-connect label="" path=root.input
time="2026-09-23T12:22:45+01:00" level=debug msg="Executing LogMiner query with SCN range (scn=29813453 to 30013453 with window 200000)" @service=redpanda-connect label="" path=root.input
time="2026-09-23T12:22:45+01:00" level=debug msg="LogMiner query returned no rows after 13.753417ms (scn=29813453 to 30013453)" @service=redpanda-connect label="" path=root.input
time="2026-09-23T12:22:45+01:00" level=debug msg="Collected 1 redo log file(s) for LogMiner: [ARCHIVED]" @service=redpanda-connect label="" path=root.input
time="2026-09-23T12:22:45+01:00" level=debug msg="Started LogMiner session from SCN 30013453 to SCN 30213453" @service=redpanda-connect label="" path=root.input
time="2026-09-23T12:22:45+01:00" level=debug msg="Executing LogMiner query with SCN range (scn=30013453 to 30213453 with window 200000)" @service=redpanda-connect label="" path=root.input
time="2026-09-23T12:22:45+01:00" level=debug msg="LogMiner query returned no rows after 12.731583ms (scn=30013453 to 30213453)" @service=redpanda-connect label="" path=root.input
time="2026-09-23T12:22:46+01:00" level=debug msg="Collected 1 redo log file(s) for LogMiner: [ARCHIVED]" @service=redpanda-connect label="" path=root.input
time="2026-09-23T12:22:46+01:00" level=debug msg="Started LogMiner session from SCN 30213453 to SCN 30413453" @service=redpanda-connect label="" path=root.input
time="2026-09-23T12:22:46+01:00" level=debug msg="Executing LogMiner query with SCN range (scn=30213453 to 30413453 with window 200000)" @service=redpanda-connect label="" path=root.input
time="2026-09-23T12:22:46+01:00" level=debug msg="LogMiner query returned no rows after 11.766792ms (scn=30213453 to 30413453)" @service=redpanda-connect label="" path=root.input
time="2026-09-23T12:22:46+01:00" level=debug msg="Collected 1 redo log file(s) for LogMiner: [ARCHIVED]" @service=redpanda-connect label="" path=root.input
time="2026-09-23T12:22:46+01:00" level=debug msg="Started LogMiner session from SCN 30413453 to SCN 30613453" @service=redpanda-connect label="" path=root.input
time="2026-09-23T12:22:46+01:00" level=debug msg="Executing LogMiner query with SCN range (scn=30413453 to 30613453 with window 200000)" @service=redpanda-connect label="" path=root.input
time="2026-09-23T12:22:46+01:00" level=debug msg="LogMiner query returned no rows after 12.628042ms (scn=30413453 to 30613453)" @service=redpanda-connect label="" path=root.input
time="2026-09-23T12:22:46+01:00" level=debug msg="Collected 1 redo log file(s) for LogMiner: [ARCHIVED]" @service=redpanda-connect label="" path=root.input
time="2026-09-23T12:22:46+01:00" level=debug msg="Started LogMiner session from SCN 30613453 to SCN 30813453" @service=redpanda-connect label="" path=root.input
time="2026-09-23T12:22:46+01:00" level=debug msg="Executing LogMiner query with SCN range (scn=30613453 to 30813453 with window 200000)" @service=redpanda-connect label="" path=root.input
time="2026-09-23T12:22:46+01:00" level=debug msg="LogMiner query returned no rows after 12.28275ms (scn=30613453 to 30813453)" @service=redpanda-connect label="" path=root.input
time="2026-09-23T12:22:46+01:00" level=debug msg="Collected 1 redo log file(s) for LogMiner: [ARCHIVED]" @service=redpanda-connect label="" path=root.input
time="2026-09-23T12:22:46+01:00" level=debug msg="Started LogMiner session from SCN 30813453 to SCN 31013453" @service=redpanda-connect label="" path=root.input
time="2026-09-23T12:22:46+01:00" level=debug msg="Executing LogMiner query with SCN range (scn=30813453 to 31013453 with window 200000)" @service=redpanda-connect label="" path=root.input
time="2026-09-23T12:22:46+01:00" level=debug msg="LogMiner query returned no rows after 12.781666ms (scn=30813453 to 31013453)" @service=redpanda-connect label="" path=root.input
time="2026-09-23T12:22:46+01:00" level=debug msg="Collected 1 redo log file(s) for LogMiner: [ARCHIVED]" @service=redpanda-connect label="" path=root.input
time="2026-09-23T12:22:46+01:00" level=debug msg="Started LogMiner session from SCN 31013453 to SCN 31213453" @service=redpanda-connect label="" path=root.input
time="2026-09-23T12:22:46+01:00" level=debug msg="Executing LogMiner query with SCN range (scn=31013453 to 31213453 with window 200000)" @service=redpanda-connect label="" path=root.input
time="2026-09-23T12:22:46+01:00" level=debug msg="LogMiner query returned no rows after 12.290291ms (scn=31013453 to 31213453)" @service=redpanda-connect label="" path=root.input
time="2026-09-23T12:22:46+01:00" level=debug msg="Collected 1 redo log file(s) for LogMiner: [ARCHIVED]" @service=redpanda-connect label="" path=root.input
time="2026-09-23T12:22:46+01:00" level=debug msg="Started LogMiner session from SCN 31213453 to SCN 31413453" @service=redpanda-connect label="" path=root.input
time="2026-09-23T12:22:46+01:00" level=debug msg="Executing LogMiner query with SCN range (scn=31213453 to 31413453 with window 200000)" @service=redpanda-connect label="" path=root.input
time="2026-09-23T12:22:46+01:00" level=debug msg="LogMiner query returned no rows after 13.211792ms (scn=31213453 to 31413453)" @service=redpanda-connect label="" path=root.input
time="2026-09-23T12:22:46+01:00" level=debug msg="Collected 1 redo log file(s) for LogMiner: [ARCHIVED]" @service=redpanda-connect label="" path=root.input
time="2026-09-23T12:22:46+01:00" level=debug msg="Started LogMiner session from SCN 31413453 to SCN 31613453" @service=redpanda-connect label="" path=root.input
time="2026-09-23T12:22:46+01:00" level=debug msg="Executing LogMiner query with SCN range (scn=31413453 to 31613453 with window 200000)" @service=redpanda-connect label="" path=root.input
time="2026-09-23T12:22:46+01:00" level=debug msg="LogMiner query returned no rows after 12.843042ms (scn=31413453 to 31613453)" @service=redpanda-connect label="" path=root.input
time="2026-09-23T12:22:47+01:00" level=debug msg="Collected 1 redo log file(s) for LogMiner: [ARCHIVED]" @service=redpanda-connect label="" path=root.input
time="2026-09-23T12:22:47+01:00" level=debug msg="Started LogMiner session from SCN 31613453 to SCN 31813453" @service=redpanda-connect label="" path=root.input
time="2026-09-23T12:22:47+01:00" level=debug msg="Executing LogMiner query with SCN range (scn=31613453 to 31813453 with window 200000)" @service=redpanda-connect label="" path=root.input
time="2026-09-23T12:22:47+01:00" level=debug msg="LogMiner query returned no rows after 12.24675ms (scn=31613453 to 31813453)" @service=redpanda-connect label="" path=root.input
time="2026-09-23T12:22:47+01:00" level=debug msg="Collected 1 redo log file(s) for LogMiner: [ARCHIVED]" @service=redpanda-connect label="" path=root.input
time="2026-09-23T12:22:47+01:00" level=debug msg="Started LogMiner session from SCN 31813453 to SCN 32013453" @service=redpanda-connect label="" path=root.input
time="2026-09-23T12:22:47+01:00" level=debug msg="Executing LogMiner query with SCN range (scn=31813453 to 32013453 with window 200000)" @service=redpanda-connect label="" path=root.input
time="2026-09-23T12:22:47+01:00" level=debug msg="LogMiner query returned no rows after 13.128583ms (scn=31813453 to 32013453)" @service=redpanda-connect label="" path=root.input
time="2026-09-23T12:22:47+01:00" level=debug msg="Collected 1 redo log file(s) for LogMiner: [ARCHIVED]" @service=redpanda-connect label="" path=root.input
time="2026-09-23T12:22:47+01:00" level=debug msg="Started LogMiner session from SCN 32013453 to SCN 32213453" @service=redpanda-connect label="" path=root.input
time="2026-09-23T12:22:47+01:00" level=debug msg="Executing LogMiner query with SCN range (scn=32013453 to 32213453 with window 200000)" @service=redpanda-connect label="" path=root.input
time="2026-09-23T12:22:47+01:00" level=debug msg="LogMiner query returned no rows after 12.077541ms (scn=32013453 to 32213453)" @service=redpanda-connect label="" path=root.input
time="2026-09-23T12:22:47+01:00" level=debug msg="Collected 1 redo log file(s) for LogMiner: [ARCHIVED]" @service=redpanda-connect label="" path=root.input
time="2026-09-23T12:22:47+01:00" level=debug msg="Started LogMiner session from SCN 32213453 to SCN 32413453" @service=redpanda-connect label="" path=root.input
time="2026-09-23T12:22:47+01:00" level=debug msg="Executing LogMiner query with SCN range (scn=32213453 to 32413453 with window 200000)" @service=redpanda-connect label="" path=root.input
time="2026-09-23T12:22:47+01:00" level=debug msg="LogMiner query returned no rows after 11.944ms (scn=32213453 to 32413453)" @service=redpanda-connect label="" path=root.input
time="2026-09-23T12:22:47+01:00" level=debug msg="Collected 1 redo log file(s) for LogMiner: [ARCHIVED]" @service=redpanda-connect label="" path=root.input
time="2026-09-23T12:22:47+01:00" level=debug msg="Started LogMiner session from SCN 32413453 to SCN 32613453" @service=redpanda-connect label="" path=root.input
time="2026-09-23T12:22:47+01:00" level=debug msg="Executing LogMiner query with SCN range (scn=32413453 to 32613453 with window 200000)" @service=redpanda-connect label="" path=root.input
time="2026-09-23T12:22:47+01:00" level=debug msg="LogMiner query returned no rows after 12.2685ms (scn=32413453 to 32613453)" @service=redpanda-connect label="" path=root.input
time="2026-09-23T12:22:47+01:00" level=debug msg="Collected 1 redo log file(s) for LogMiner: [ARCHIVED]" @service=redpanda-connect label="" path=root.input
time="2026-09-23T12:22:47+01:00" level=debug msg="Started LogMiner session from SCN 32613453 to SCN 32813453" @service=redpanda-connect label="" path=root.input
time="2026-09-23T12:22:47+01:00" level=debug msg="Executing LogMiner query with SCN range (scn=32613453 to 32813453 with window 200000)" @service=redpanda-connect label="" path=root.input
time="2026-09-23T12:22:47+01:00" level=debug msg="LogMiner query returned no rows after 10.2215ms (scn=32613453 to 32813453)" @service=redpanda-connect label="" path=root.input
time="2026-09-23T12:22:47+01:00" level=debug msg="Collected 1 redo log file(s) for LogMiner: [ARCHIVED]" @service=redpanda-connect label="" path=root.input
time="2026-09-23T12:22:47+01:00" level=debug msg="Started LogMiner session from SCN 32813453 to SCN 33013453" @service=redpanda-connect label="" path=root.input
time="2026-09-23T12:22:47+01:00" level=debug msg="Executing LogMiner query with SCN range (scn=32813453 to 33013453 with window 200000)" @service=redpanda-connect label="" path=root.input
time="2026-09-23T12:22:47+01:00" level=debug msg="LogMiner query returned no rows after 8.359ms (scn=32813453 to 33013453)" @service=redpanda-connect label="" path=root.input
time="2026-09-23T12:22:48+01:00" level=debug msg="Collected 1 redo log file(s) for LogMiner: [ARCHIVED]" @service=redpanda-connect label="" path=root.input
time="2026-09-23T12:22:48+01:00" level=debug msg="Started LogMiner session from SCN 33013453 to SCN 33213453" @service=redpanda-connect label="" path=root.input
time="2026-09-23T12:22:48+01:00" level=debug msg="Executing LogMiner query with SCN range (scn=33013453 to 33213453 with window 200000)" @service=redpanda-connect label="" path=root.input
time="2026-09-23T12:22:48+01:00" level=debug msg="LogMiner query returned no rows after 10.539458ms (scn=33013453 to 33213453)" @service=redpanda-connect label="" path=root.input
time="2026-09-23T12:22:48+01:00" level=debug msg="Collected 1 redo log file(s) for LogMiner: [ARCHIVED]" @service=redpanda-connect label="" path=root.input
time="2026-09-23T12:22:48+01:00" level=debug msg="Started LogMiner session from SCN 33213453 to SCN 33413453" @service=redpanda-connect label="" path=root.input
time="2026-09-23T12:22:48+01:00" level=debug msg="Executing LogMiner query with SCN range (scn=33213453 to 33413453 with window 200000)" @service=redpanda-connect label="" path=root.input
time="2026-09-23T12:22:48+01:00" level=debug msg="LogMiner query returned no rows after 11.470167ms (scn=33213453 to 33413453)" @service=redpanda-connect label="" path=root.input
time="2026-09-23T12:22:48+01:00" level=debug msg="Collected 1 redo log file(s) for LogMiner: [ARCHIVED]" @service=redpanda-connect label="" path=root.input
time="2026-09-23T12:22:48+01:00" level=debug msg="Started LogMiner session from SCN 33413453 to SCN 33613453" @service=redpanda-connect label="" path=root.input
time="2026-09-23T12:22:48+01:00" level=debug msg="Executing LogMiner query with SCN range (scn=33413453 to 33613453 with window 200000)" @service=redpanda-connect label="" path=root.input
time="2026-09-23T12:22:48+01:00" level=debug msg="LogMiner query returned no rows after 12.224792ms (scn=33413453 to 33613453)" @service=redpanda-connect label="" path=root.input
time="2026-09-23T12:22:48+01:00" level=debug msg="Collected 1 redo log file(s) for LogMiner: [ARCHIVED]" @service=redpanda-connect label="" path=root.input
time="2026-09-23T12:22:48+01:00" level=debug msg="Started LogMiner session from SCN 33613453 to SCN 33813453" @service=redpanda-connect label="" path=root.input
time="2026-09-23T12:22:48+01:00" level=debug msg="Executing LogMiner query with SCN range (scn=33613453 to 33813453 with window 200000)" @service=redpanda-connect label="" path=root.input
time="2026-09-23T12:22:48+01:00" level=debug msg="LogMiner query returned no rows after 12.207583ms (scn=33613453 to 33813453)" @service=redpanda-connect label="" path=root.input
time="2026-09-23T12:22:48+01:00" level=debug msg="Collected 1 redo log file(s) for LogMiner: [ARCHIVED]" @service=redpanda-connect label="" path=root.input
time="2026-09-23T12:22:48+01:00" level=debug msg="Started LogMiner session from SCN 33813453 to SCN 34013453" @service=redpanda-connect label="" path=root.input
time="2026-09-23T12:22:48+01:00" level=debug msg="Executing LogMiner query with SCN range (scn=33813453 to 34013453 with window 200000)" @service=redpanda-connect label="" path=root.input
time="2026-09-23T12:22:48+01:00" level=debug msg="LogMiner query returned no rows after 14.136625ms (scn=33813453 to 34013453)" @service=redpanda-connect label="" path=root.input
time="2026-09-23T12:22:48+01:00" level=debug msg="Collected 1 redo log file(s) for LogMiner: [ARCHIVED]" @service=redpanda-connect label="" path=root.input
time="2026-09-23T12:22:48+01:00" level=debug msg="Started LogMiner session from SCN 34013453 to SCN 34213453" @service=redpanda-connect label="" path=root.input
time="2026-09-23T12:22:48+01:00" level=debug msg="Executing LogMiner query with SCN range (scn=34013453 to 34213453 with window 200000)" @service=redpanda-connect label="" path=root.input
time="2026-09-23T12:22:48+01:00" level=debug msg="LogMiner query returned no rows after 10.496459ms (scn=34013453 to 34213453)" @service=redpanda-connect label="" path=root.input
time="2026-09-23T12:22:48+01:00" level=debug msg="Collected 1 redo log file(s) for LogMiner: [ARCHIVED]" @service=redpanda-connect label="" path=root.input
time="2026-09-23T12:22:48+01:00" level=debug msg="Started LogMiner session from SCN 34213453 to SCN 34413453" @service=redpanda-connect label="" path=root.input
time="2026-09-23T12:22:48+01:00" level=debug msg="Executing LogMiner query with SCN range (scn=34213453 to 34413453 with window 200000)" @service=redpanda-connect label="" path=root.input
time="2026-09-23T12:22:48+01:00" level=debug msg="LogMiner query returned no rows after 11.2835ms (scn=34213453 to 34413453)" @service=redpanda-connect label="" path=root.input
time="2026-09-23T12:22:48+01:00" level=debug msg="Collected 1 redo log file(s) for LogMiner: [ARCHIVED]" @service=redpanda-connect label="" path=root.input
time="2026-09-23T12:22:48+01:00" level=debug msg="Started LogMiner session from SCN 34413453 to SCN 34613453" @service=redpanda-connect label="" path=root.input
time="2026-09-23T12:22:48+01:00" level=debug msg="Executing LogMiner query with SCN range (scn=34413453 to 34613453 with window 200000)" @service=redpanda-connect label="" path=root.input
time="2026-09-23T12:22:48+01:00" level=debug msg="LogMiner query returned no rows after 11.025333ms (scn=34413453 to 34613453)" @service=redpanda-connect label="" path=root.input
time="2026-09-23T12:22:49+01:00" level=debug msg="Collected 1 redo log file(s) for LogMiner: [ARCHIVED]" @service=redpanda-connect label="" path=root.input
time="2026-09-23T12:22:49+01:00" level=debug msg="Started LogMiner session from SCN 34613453 to SCN 34813453" @service=redpanda-connect label="" path=root.input
time="2026-09-23T12:22:49+01:00" level=debug msg="Executing LogMiner query with SCN range (scn=34613453 to 34813453 with window 200000)" @service=redpanda-connect label="" path=root.input
time="2026-09-23T12:22:49+01:00" level=debug msg="LogMiner query returned no rows after 14.507459ms (scn=34613453 to 34813453)" @service=redpanda-connect label="" path=root.input
time="2026-09-23T12:22:49+01:00" level=debug msg="Collected 1 redo log file(s) for LogMiner: [ARCHIVED]" @service=redpanda-connect label="" path=root.input
time="2026-09-23T12:22:49+01:00" level=debug msg="Started LogMiner session from SCN 34813453 to SCN 35013453" @service=redpanda-connect label="" path=root.input
time="2026-09-23T12:22:49+01:00" level=debug msg="Executing LogMiner query with SCN range (scn=34813453 to 35013453 with window 200000)" @service=redpanda-connect label="" path=root.input
time="2026-09-23T12:22:49+01:00" level=debug msg="LogMiner query returned no rows after 8.649625ms (scn=34813453 to 35013453)" @service=redpanda-connect label="" path=root.input
time="2026-09-23T12:22:49+01:00" level=debug msg="Collected 1 redo log file(s) for LogMiner: [ARCHIVED]" @service=redpanda-connect label="" path=root.input
time="2026-09-23T12:22:49+01:00" level=debug msg="Started LogMiner session from SCN 35013453 to SCN 35213453" @service=redpanda-connect label="" path=root.input
time="2026-09-23T12:22:49+01:00" level=debug msg="Executing LogMiner query with SCN range (scn=35013453 to 35213453 with window 200000)" @service=redpanda-connect label="" path=root.input
time="2026-09-23T12:22:49+01:00" level=debug msg="LogMiner query returned no rows after 13.920417ms (scn=35013453 to 35213453)" @service=redpanda-connect label="" path=root.input
time="2026-09-23T12:22:49+01:00" level=debug msg="Collected 1 redo log file(s) for LogMiner: [ARCHIVED]" @service=redpanda-connect label="" path=root.input
time="2026-09-23T12:22:49+01:00" level=debug msg="Started LogMiner session from SCN 35213453 to SCN 35413453" @service=redpanda-connect label="" path=root.input
time="2026-09-23T12:22:49+01:00" level=debug msg="Executing LogMiner query with SCN range (scn=35213453 to 35413453 with window 200000)" @service=redpanda-connect label="" path=root.input
time="2026-09-23T12:22:49+01:00" level=debug msg="LogMiner query returned no rows after 11.667958ms (scn=35213453 to 35413453)" @service=redpanda-connect label="" path=root.input
time="2026-09-23T12:22:49+01:00" level=debug msg="Collected 1 redo log file(s) for LogMiner: [ARCHIVED]" @service=redpanda-connect label="" path=root.input
time="2026-09-23T12:22:49+01:00" level=debug msg="Started LogMiner session from SCN 35413453 to SCN 35613453" @service=redpanda-connect label="" path=root.input
time="2026-09-23T12:22:49+01:00" level=debug msg="Executing LogMiner query with SCN range (scn=35413453 to 35613453 with window 200000)" @service=redpanda-connect label="" path=root.input
time="2026-09-23T12:22:49+01:00" level=debug msg="LogMiner query returned no rows after 14.952458ms (scn=35413453 to 35613453)" @service=redpanda-connect label="" path=root.input
time="2026-09-23T12:22:49+01:00" level=debug msg="Collected 1 redo log file(s) for LogMiner: [ARCHIVED]" @service=redpanda-connect label="" path=root.input
time="2026-09-23T12:22:49+01:00" level=debug msg="Started LogMiner session from SCN 35613453 to SCN 35813453" @service=redpanda-connect label="" path=root.input
time="2026-09-23T12:22:49+01:00" level=debug msg="Executing LogMiner query with SCN range (scn=35613453 to 35813453 with window 200000)" @service=redpanda-connect label="" path=root.input
time="2026-09-23T12:22:49+01:00" level=debug msg="LogMiner query returned no rows after 12.161334ms (scn=35613453 to 35813453)" @service=redpanda-connect label="" path=root.input
time="2026-09-23T12:22:49+01:00" level=debug msg="Collected 1 redo log file(s) for LogMiner: [ARCHIVED]" @service=redpanda-connect label="" path=root.input
time="2026-09-23T12:22:49+01:00" level=debug msg="Started LogMiner session from SCN 35813453 to SCN 36013453" @service=redpanda-connect label="" path=root.input
time="2026-09-23T12:22:49+01:00" level=debug msg="Executing LogMiner query with SCN range (scn=35813453 to 36013453 with window 200000)" @service=redpanda-connect label="" path=root.input
time="2026-09-23T12:22:49+01:00" level=debug msg="LogMiner query returned no rows after 11.135125ms (scn=35813453 to 36013453)" @service=redpanda-connect label="" path=root.input
time="2026-09-23T12:22:50+01:00" level=debug msg="Collected 1 redo log file(s) for LogMiner: [ARCHIVED]" @service=redpanda-connect label="" path=root.input
time="2026-09-23T12:22:50+01:00" level=debug msg="Started LogMiner session from SCN 36013453 to SCN 36213453" @service=redpanda-connect label="" path=root.input
time="2026-09-23T12:22:50+01:00" level=debug msg="Executing LogMiner query with SCN range (scn=36013453 to 36213453 with window 200000)" @service=redpanda-connect label="" path=root.input
time="2026-09-23T12:22:50+01:00" level=debug msg="LogMiner query returned no rows after 12.1555ms (scn=36013453 to 36213453)" @service=redpanda-connect label="" path=root.input
time="2026-09-23T12:22:50+01:00" level=debug msg="Collected 1 redo log file(s) for LogMiner: [ARCHIVED]" @service=redpanda-connect label="" path=root.input
time="2026-09-23T12:22:50+01:00" level=debug msg="Started LogMiner session from SCN 36213453 to SCN 36413453" @service=redpanda-connect label="" path=root.input
time="2026-09-23T12:22:50+01:00" level=debug msg="Executing LogMiner query with SCN range (scn=36213453 to 36413453 with window 200000)" @service=redpanda-connect label="" path=root.input
time="2026-09-23T12:22:50+01:00" level=debug msg="LogMiner query returned no rows after 10.547583ms (scn=36213453 to 36413453)" @service=redpanda-connect label="" path=root.input
time="2026-09-23T12:22:50+01:00" level=debug msg="Collected 1 redo log file(s) for LogMiner: [ARCHIVED]" @service=redpanda-connect label="" path=root.input
time="2026-09-23T12:22:50+01:00" level=debug msg="Started LogMiner session from SCN 36413453 to SCN 36613453" @service=redpanda-connect label="" path=root.input
time="2026-09-23T12:22:50+01:00" level=debug msg="Executing LogMiner query with SCN range (scn=36413453 to 36613453 with window 200000)" @service=redpanda-connect label="" path=root.input
time="2026-09-23T12:22:50+01:00" level=debug msg="LogMiner query returned no rows after 11.222ms (scn=36413453 to 36613453)" @service=redpanda-connect label="" path=root.input
time="2026-09-23T12:22:50+01:00" level=debug msg="Collected 1 redo log file(s) for LogMiner: [ARCHIVED]" @service=redpanda-connect label="" path=root.input
time="2026-09-23T12:22:50+01:00" level=debug msg="Started LogMiner session from SCN 36613453 to SCN 36813453" @service=redpanda-connect label="" path=root.input
time="2026-09-23T12:22:50+01:00" level=debug msg="Executing LogMiner query with SCN range (scn=36613453 to 36813453 with window 200000)" @service=redpanda-connect label="" path=root.input
time="2026-09-23T12:22:50+01:00" level=debug msg="LogMiner query returned no rows after 10.7865ms (scn=36613453 to 36813453)" @service=redpanda-connect label="" path=root.input
time="2026-09-23T12:22:50+01:00" level=debug msg="Collected 1 redo log file(s) for LogMiner: [ARCHIVED]" @service=redpanda-connect label="" path=root.input
time="2026-09-23T12:22:50+01:00" level=debug msg="Started LogMiner session from SCN 36813453 to SCN 37013453" @service=redpanda-connect label="" path=root.input
time="2026-09-23T12:22:50+01:00" level=debug msg="Executing LogMiner query with SCN range (scn=36813453 to 37013453 with window 200000)" @service=redpanda-connect label="" path=root.input
time="2026-09-23T12:22:50+01:00" level=debug msg="LogMiner query returned no rows after 14.975875ms (scn=36813453 to 37013453)" @service=redpanda-connect label="" path=root.input
time="2026-09-23T12:22:50+01:00" level=debug msg="Collected 1 redo log file(s) for LogMiner: [ARCHIVED]" @service=redpanda-connect label="" path=root.input
time="2026-09-23T12:22:50+01:00" level=debug msg="Started LogMiner session from SCN 37013453 to SCN 37213453" @service=redpanda-connect label="" path=root.input
time="2026-09-23T12:22:50+01:00" level=debug msg="Executing LogMiner query with SCN range (scn=37013453 to 37213453 with window 200000)" @service=redpanda-connect label="" path=root.input
time="2026-09-23T12:22:50+01:00" level=debug msg="LogMiner query returned no rows after 10.499042ms (scn=37013453 to 37213453)" @service=redpanda-connect label="" path=root.input
time="2026-09-23T12:22:50+01:00" level=debug msg="Collected 1 redo log file(s) for LogMiner: [ARCHIVED]" @service=redpanda-connect label="" path=root.input
time="2026-09-23T12:22:50+01:00" level=debug msg="Started LogMiner session from SCN 37213453 to SCN 37413453" @service=redpanda-connect label="" path=root.input
time="2026-09-23T12:22:50+01:00" level=debug msg="Executing LogMiner query with SCN range (scn=37213453 to 37413453 with window 200000)" @service=redpanda-connect label="" path=root.input
time="2026-09-23T12:22:50+01:00" level=debug msg="LogMiner query returned no rows after 11.252666ms (scn=37213453 to 37413453)" @service=redpanda-connect label="" path=root.input
time="2026-09-23T12:22:51+01:00" level=debug msg="Collected 1 redo log file(s) for LogMiner: [ARCHIVED]" @service=redpanda-connect label="" path=root.input
time="2026-09-23T12:22:51+01:00" level=debug msg="Started LogMiner session from SCN 37413453 to SCN 37613453" @service=redpanda-connect label="" path=root.input
time="2026-09-23T12:22:51+01:00" level=debug msg="Executing LogMiner query with SCN range (scn=37413453 to 37613453 with window 200000)" @service=redpanda-connect label="" path=root.input
time="2026-09-23T12:22:51+01:00" level=debug msg="LogMiner query returned no rows after 10.143958ms (scn=37413453 to 37613453)" @service=redpanda-connect label="" path=root.input
time="2026-09-23T12:22:51+01:00" level=debug msg="Collected 1 redo log file(s) for LogMiner: [ARCHIVED]" @service=redpanda-connect label="" path=root.input
time="2026-09-23T12:22:51+01:00" level=debug msg="Started LogMiner session from SCN 37613453 to SCN 37813453" @service=redpanda-connect label="" path=root.input
time="2026-09-23T12:22:51+01:00" level=debug msg="Executing LogMiner query with SCN range (scn=37613453 to 37813453 with window 200000)" @service=redpanda-connect label="" path=root.input
time="2026-09-23T12:22:51+01:00" level=debug msg="LogMiner query returned no rows after 17.712584ms (scn=37613453 to 37813453)" @service=redpanda-connect label="" path=root.input
time="2026-09-23T12:22:51+01:00" level=debug msg="Collected 1 redo log file(s) for LogMiner: [ARCHIVED]" @service=redpanda-connect label="" path=root.input
time="2026-09-23T12:22:51+01:00" level=debug msg="Started LogMiner session from SCN 37813453 to SCN 38013453" @service=redpanda-connect label="" path=root.input
time="2026-09-23T12:22:51+01:00" level=debug msg="Executing LogMiner query with SCN range (scn=37813453 to 38013453 with window 200000)" @service=redpanda-connect label="" path=root.input
time="2026-09-23T12:22:51+01:00" level=debug msg="LogMiner query returned no rows after 8.043625ms (scn=37813453 to 38013453)" @service=redpanda-connect label="" path=root.input
time="2026-09-23T12:22:51+01:00" level=debug msg="Collected 1 redo log file(s) for LogMiner: [ARCHIVED]" @service=redpanda-connect label="" path=root.input
time="2026-09-23T12:22:51+01:00" level=debug msg="Started LogMiner session from SCN 38013453 to SCN 38213453" @service=redpanda-connect label="" path=root.input
time="2026-09-23T12:22:51+01:00" level=debug msg="Executing LogMiner query with SCN range (scn=38013453 to 38213453 with window 200000)" @service=redpanda-connect label="" path=root.input
time="2026-09-23T12:22:51+01:00" level=debug msg="LogMiner query returned no rows after 7.963958ms (scn=38013453 to 38213453)" @service=redpanda-connect label="" path=root.input
time="2026-09-23T12:22:51+01:00" level=debug msg="Collected 1 redo log file(s) for LogMiner: [ARCHIVED]" @service=redpanda-connect label="" path=root.input
time="2026-09-23T12:22:51+01:00" level=debug msg="Started LogMiner session from SCN 38213453 to SCN 38413453" @service=redpanda-connect label="" path=root.input
time="2026-09-23T12:22:51+01:00" level=debug msg="Executing LogMiner query with SCN range (scn=38213453 to 38413453 with window 200000)" @service=redpanda-connect label="" path=root.input
time="2026-09-23T12:22:51+01:00" level=debug msg="LogMiner query returned no rows after 8.131833ms (scn=38213453 to 38413453)" @service=redpanda-connect label="" path=root.input
time="2026-09-23T12:22:51+01:00" level=debug msg="Collected 1 redo log file(s) for LogMiner: [ARCHIVED]" @service=redpanda-connect label="" path=root.input
time="2026-09-23T12:22:51+01:00" level=debug msg="Started LogMiner session from SCN 38413453 to SCN 38613453" @service=redpanda-connect label="" path=root.input
time="2026-09-23T12:22:51+01:00" level=debug msg="Executing LogMiner query with SCN range (scn=38413453 to 38613453 with window 200000)" @service=redpanda-connect label="" path=root.input
time="2026-09-23T12:22:51+01:00" level=debug msg="LogMiner query returned no rows after 11.129584ms (scn=38413453 to 38613453)" @service=redpanda-connect label="" path=root.input
time="2026-09-23T12:22:51+01:00" level=debug msg="Collected 1 redo log file(s) for LogMiner: [ARCHIVED]" @service=redpanda-connect label="" path=root.input
time="2026-09-23T12:22:51+01:00" level=debug msg="Started LogMiner session from SCN 38613453 to SCN 38813453" @service=redpanda-connect label="" path=root.input
time="2026-09-23T12:22:51+01:00" level=debug msg="Executing LogMiner query with SCN range (scn=38613453 to 38813453 with window 200000)" @service=redpanda-connect label="" path=root.input
time="2026-09-23T12:22:51+01:00" level=debug msg="LogMiner query returned no rows after 13.094834ms (scn=38613453 to 38813453)" @service=redpanda-connect label="" path=root.input
time="2026-09-23T12:22:51+01:00" level=debug msg="Collected 1 redo log file(s) for LogMiner: [ARCHIVED]" @service=redpanda-connect label="" path=root.input
time="2026-09-23T12:22:51+01:00" level=debug msg="Started LogMiner session from SCN 38813453 to SCN 39013453" @service=redpanda-connect label="" path=root.input
time="2026-09-23T12:22:51+01:00" level=debug msg="Executing LogMiner query with SCN range (scn=38813453 to 39013453 with window 200000)" @service=redpanda-connect label="" path=root.input
time="2026-09-23T12:22:51+01:00" level=debug msg="LogMiner query returned no rows after 14.261666ms (scn=38813453 to 39013453)" @service=redpanda-connect label="" path=root.input
time="2026-09-23T12:22:52+01:00" level=debug msg="Collected 1 redo log file(s) for LogMiner: [ARCHIVED]" @service=redpanda-connect label="" path=root.input
time="2026-09-23T12:22:52+01:00" level=debug msg="Started LogMiner session from SCN 39013453 to SCN 39213453" @service=redpanda-connect label="" path=root.input
time="2026-09-23T12:22:52+01:00" level=debug msg="Executing LogMiner query with SCN range (scn=39013453 to 39213453 with window 200000)" @service=redpanda-connect label="" path=root.input
time="2026-09-23T12:22:52+01:00" level=debug msg="LogMiner query returned no rows after 13.3555ms (scn=39013453 to 39213453)" @service=redpanda-connect label="" path=root.input
time="2026-09-23T12:22:52+01:00" level=debug msg="Collected 1 redo log file(s) for LogMiner: [ARCHIVED]" @service=redpanda-connect label="" path=root.input
time="2026-09-23T12:22:52+01:00" level=debug msg="Started LogMiner session from SCN 39213453 to SCN 39413453" @service=redpanda-connect label="" path=root.input
time="2026-09-23T12:22:52+01:00" level=debug msg="Executing LogMiner query with SCN range (scn=39213453 to 39413453 with window 200000)" @service=redpanda-connect label="" path=root.input
time="2026-09-23T12:22:52+01:00" level=debug msg="LogMiner query returned no rows after 14.133459ms (scn=39213453 to 39413453)" @service=redpanda-connect label="" path=root.input
time="2026-09-23T12:22:52+01:00" level=debug msg="Collected 1 redo log file(s) for LogMiner: [ARCHIVED]" @service=redpanda-connect label="" path=root.input
time="2026-09-23T12:22:52+01:00" level=debug msg="Started LogMiner session from SCN 39413453 to SCN 39613453" @service=redpanda-connect label="" path=root.input
time="2026-09-23T12:22:52+01:00" level=debug msg="Executing LogMiner query with SCN range (scn=39413453 to 39613453 with window 200000)" @service=redpanda-connect label="" path=root.input
time="2026-09-23T12:22:52+01:00" level=debug msg="LogMiner query returned no rows after 10.568959ms (scn=39413453 to 39613453)" @service=redpanda-connect label="" path=root.input
time="2026-09-23T12:22:52+01:00" level=debug msg="Collected 1 redo log file(s) for LogMiner: [ARCHIVED]" @service=redpanda-connect label="" path=root.input
time="2026-09-23T12:22:52+01:00" level=debug msg="Started LogMiner session from SCN 39613453 to SCN 39813453" @service=redpanda-connect label="" path=root.input
time="2026-09-23T12:22:52+01:00" level=debug msg="Executing LogMiner query with SCN range (scn=39613453 to 39813453 with window 200000)" @service=redpanda-connect label="" path=root.input
time="2026-09-23T12:22:52+01:00" level=debug msg="LogMiner query returned no rows after 11.532833ms (scn=39613453 to 39813453)" @service=redpanda-connect label="" path=root.input
time="2026-09-23T12:22:52+01:00" level=debug msg="Collected 1 redo log file(s) for LogMiner: [ARCHIVED]" @service=redpanda-connect label="" path=root.input
time="2026-09-23T12:22:52+01:00" level=debug msg="Started LogMiner session from SCN 39813453 to SCN 40013453" @service=redpanda-connect label="" path=root.input
time="2026-09-23T12:22:52+01:00" level=debug msg="Executing LogMiner query with SCN range (scn=39813453 to 40013453 with window 200000)" @service=redpanda-connect label="" path=root.input
time="2026-09-23T12:22:52+01:00" level=debug msg="LogMiner query returned no rows after 11.352333ms (scn=39813453 to 40013453)" @service=redpanda-connect label="" path=root.input
time="2026-09-23T12:22:52+01:00" level=debug msg="Collected 1 redo log file(s) for LogMiner: [ARCHIVED]" @service=redpanda-connect label="" path=root.input
time="2026-09-23T12:22:52+01:00" level=debug msg="Started LogMiner session from SCN 40013453 to SCN 40213453" @service=redpanda-connect label="" path=root.input
time="2026-09-23T12:22:52+01:00" level=debug msg="Executing LogMiner query with SCN range (scn=40013453 to 40213453 with window 200000)" @service=redpanda-connect label="" path=root.input
time="2026-09-23T12:22:52+01:00" level=debug msg="LogMiner query returned no rows after 11.299625ms (scn=40013453 to 40213453)" @service=redpanda-connect label="" path=root.input
time="2026-09-23T12:22:52+01:00" level=debug msg="Collected 1 redo log file(s) for LogMiner: [ARCHIVED]" @service=redpanda-connect label="" path=root.input
time="2026-09-23T12:22:52+01:00" level=debug msg="Started LogMiner session from SCN 40213453 to SCN 40413453" @service=redpanda-connect label="" path=root.input
time="2026-09-23T12:22:52+01:00" level=debug msg="Executing LogMiner query with SCN range (scn=40213453 to 40413453 with window 200000)" @service=redpanda-connect label="" path=root.input
time="2026-09-23T12:22:52+01:00" level=debug msg="LogMiner query returned no rows after 12.28175ms (scn=40213453 to 40413453)" @service=redpanda-connect label="" path=root.input
time="2026-09-23T12:22:53+01:00" level=debug msg="Collected 1 redo log file(s) for LogMiner: [ARCHIVED]" @service=redpanda-connect label="" path=root.input
time="2026-09-23T12:22:53+01:00" level=debug msg="Started LogMiner session from SCN 40413453 to SCN 40613453" @service=redpanda-connect label="" path=root.input
time="2026-09-23T12:22:53+01:00" level=debug msg="Executing LogMiner query with SCN range (scn=40413453 to 40613453 with window 200000)" @service=redpanda-connect label="" path=root.input
time="2026-09-23T12:22:53+01:00" level=debug msg="LogMiner query returned no rows after 12.566792ms (scn=40413453 to 40613453)" @service=redpanda-connect label="" path=root.input
time="2026-09-23T12:22:53+01:00" level=debug msg="Collected 1 redo log file(s) for LogMiner: [ARCHIVED]" @service=redpanda-connect label="" path=root.input
time="2026-09-23T12:22:53+01:00" level=debug msg="Started LogMiner session from SCN 40613453 to SCN 40813453" @service=redpanda-connect label="" path=root.input
time="2026-09-23T12:22:53+01:00" level=debug msg="Executing LogMiner query with SCN range (scn=40613453 to 40813453 with window 200000)" @service=redpanda-connect label="" path=root.input
time="2026-09-23T12:22:53+01:00" level=debug msg="LogMiner query returned no rows after 11.797334ms (scn=40613453 to 40813453)" @service=redpanda-connect label="" path=root.input
time="2026-09-23T12:22:53+01:00" level=debug msg="Collected 1 redo log file(s) for LogMiner: [ARCHIVED]" @service=redpanda-connect label="" path=root.input
time="2026-09-23T12:22:53+01:00" level=debug msg="Started LogMiner session from SCN 40813453 to SCN 41013453" @service=redpanda-connect label="" path=root.input
time="2026-09-23T12:22:53+01:00" level=debug msg="Executing LogMiner query with SCN range (scn=40813453 to 41013453 with window 200000)" @service=redpanda-connect label="" path=root.input
time="2026-09-23T12:22:53+01:00" level=debug msg="LogMiner query returned no rows after 11.802625ms (scn=40813453 to 41013453)" @service=redpanda-connect label="" path=root.input
time="2026-09-23T12:22:53+01:00" level=debug msg="Collected 1 redo log file(s) for LogMiner: [ARCHIVED]" @service=redpanda-connect label="" path=root.input
time="2026-09-23T12:22:53+01:00" level=debug msg="Started LogMiner session from SCN 41013453 to SCN 41213453" @service=redpanda-connect label="" path=root.input
time="2026-09-23T12:22:53+01:00" level=debug msg="Executing LogMiner query with SCN range (scn=41013453 to 41213453 with window 200000)" @service=redpanda-connect label="" path=root.input
time="2026-09-23T12:22:53+01:00" level=debug msg="LogMiner query returned no rows after 12.821917ms (scn=41013453 to 41213453)" @service=redpanda-connect label="" path=root.input
time="2026-09-23T12:22:53+01:00" level=debug msg="Collected 1 redo log file(s) for LogMiner: [ARCHIVED]" @service=redpanda-connect label="" path=root.input
time="2026-09-23T12:22:53+01:00" level=debug msg="Started LogMiner session from SCN 41213453 to SCN 41413453" @service=redpanda-connect label="" path=root.input
time="2026-09-23T12:22:53+01:00" level=debug msg="Executing LogMiner query with SCN range (scn=41213453 to 41413453 with window 200000)" @service=redpanda-connect label="" path=root.input
time="2026-09-23T12:22:53+01:00" level=debug msg="LogMiner query returned no rows after 12.828542ms (scn=41213453 to 41413453)" @service=redpanda-connect label="" path=root.input
time="2026-09-23T12:22:53+01:00" level=debug msg="Collected 1 redo log file(s) for LogMiner: [ARCHIVED]" @service=redpanda-connect label="" path=root.input
time="2026-09-23T12:22:53+01:00" level=debug msg="Started LogMiner session from SCN 41413453 to SCN 41613453" @service=redpanda-connect label="" path=root.input
time="2026-09-23T12:22:53+01:00" level=debug msg="Executing LogMiner query with SCN range (scn=41413453 to 41613453 with window 200000)" @service=redpanda-connect label="" path=root.input
time="2026-09-23T12:22:53+01:00" level=debug msg="LogMiner query returned no rows after 12.382667ms (scn=41413453 to 41613453)" @service=redpanda-connect label="" path=root.input
time="2026-09-23T12:22:53+01:00" level=debug msg="Collected 1 redo log file(s) for LogMiner: [ARCHIVED]" @service=redpanda-connect label="" path=root.input
time="2026-09-23T12:22:53+01:00" level=debug msg="Started LogMiner session from SCN 41613453 to SCN 41813453" @service=redpanda-connect label="" path=root.input
time="2026-09-23T12:22:53+01:00" level=debug msg="Executing LogMiner query with SCN range (scn=41613453 to 41813453 with window 200000)" @service=redpanda-connect label="" path=root.input
time="2026-09-23T12:22:53+01:00" level=debug msg="LogMiner query returned no rows after 12.10975ms (scn=41613453 to 41813453)" @service=redpanda-connect label="" path=root.input
time="2026-09-23T12:22:54+01:00" level=debug msg="Collected 1 redo log file(s) for LogMiner: [ARCHIVED]" @service=redpanda-connect label="" path=root.input
time="2026-09-23T12:22:54+01:00" level=debug msg="Started LogMiner session from SCN 41813453 to SCN 42013453" @service=redpanda-connect label="" path=root.input
time="2026-09-23T12:22:54+01:00" level=debug msg="Executing LogMiner query with SCN range (scn=41813453 to 42013453 with window 200000)" @service=redpanda-connect label="" path=root.input
time="2026-09-23T12:22:54+01:00" level=debug msg="LogMiner query returned no rows after 10.208917ms (scn=41813453 to 42013453)" @service=redpanda-connect label="" path=root.input
time="2026-09-23T12:22:54+01:00" level=debug msg="Collected 1 redo log file(s) for LogMiner: [ARCHIVED]" @service=redpanda-connect label="" path=root.input
time="2026-09-23T12:22:54+01:00" level=debug msg="Started LogMiner session from SCN 42013453 to SCN 42213453" @service=redpanda-connect label="" path=root.input
time="2026-09-23T12:22:54+01:00" level=debug msg="Executing LogMiner query with SCN range (scn=42013453 to 42213453 with window 200000)" @service=redpanda-connect label="" path=root.input
time="2026-09-23T12:22:54+01:00" level=debug msg="LogMiner query returned no rows after 11.941875ms (scn=42013453 to 42213453)" @service=redpanda-connect label="" path=root.input
time="2026-09-23T12:22:54+01:00" level=debug msg="Collected 1 redo log file(s) for LogMiner: [ARCHIVED]" @service=redpanda-connect label="" path=root.input
time="2026-09-23T12:22:54+01:00" level=debug msg="Started LogMiner session from SCN 42213453 to SCN 42413453" @service=redpanda-connect label="" path=root.input
time="2026-09-23T12:22:54+01:00" level=debug msg="Executing LogMiner query with SCN range (scn=42213453 to 42413453 with window 200000)" @service=redpanda-connect label="" path=root.input
time="2026-09-23T12:22:54+01:00" level=debug msg="LogMiner query returned no rows after 17.034625ms (scn=42213453 to 42413453)" @service=redpanda-connect label="" path=root.input
time="2026-09-23T12:22:54+01:00" level=debug msg="Collected 1 redo log file(s) for LogMiner: [ARCHIVED]" @service=redpanda-connect label="" path=root.input
time="2026-09-23T12:22:54+01:00" level=debug msg="Started LogMiner session from SCN 42413453 to SCN 42613453" @service=redpanda-connect label="" path=root.input
time="2026-09-23T12:22:54+01:00" level=debug msg="Executing LogMiner query with SCN range (scn=42413453 to 42613453 with window 200000)" @service=redpanda-connect label="" path=root.input
time="2026-09-23T12:22:54+01:00" level=debug msg="LogMiner query returned no rows after 11.13575ms (scn=42413453 to 42613453)" @service=redpanda-connect label="" path=root.input
time="2026-09-23T12:22:54+01:00" level=debug msg="Collected 1 redo log file(s) for LogMiner: [ARCHIVED]" @service=redpanda-connect label="" path=root.input
time="2026-09-23T12:22:54+01:00" level=debug msg="Started LogMiner session from SCN 42613453 to SCN 42813453" @service=redpanda-connect label="" path=root.input
time="2026-09-23T12:22:54+01:00" level=debug msg="Executing LogMiner query with SCN range (scn=42613453 to 42813453 with window 200000)" @service=redpanda-connect label="" path=root.input
time="2026-09-23T12:22:54+01:00" level=debug msg="LogMiner query returned no rows after 11.480833ms (scn=42613453 to 42813453)" @service=redpanda-connect label="" path=root.input
time="2026-09-23T12:22:54+01:00" level=debug msg="Collected 1 redo log file(s) for LogMiner: [ARCHIVED]" @service=redpanda-connect label="" path=root.input
time="2026-09-23T12:22:54+01:00" level=debug msg="Started LogMiner session from SCN 42813453 to SCN 43013453" @service=redpanda-connect label="" path=root.input
time="2026-09-23T12:22:54+01:00" level=debug msg="Executing LogMiner query with SCN range (scn=42813453 to 43013453 with window 200000)" @service=redpanda-connect label="" path=root.input
time="2026-09-23T12:22:54+01:00" level=debug msg="LogMiner query returned no rows after 13.624041ms (scn=42813453 to 43013453)" @service=redpanda-connect label="" path=root.input
time="2026-09-23T12:22:54+01:00" level=debug msg="Collected 1 redo log file(s) for LogMiner: [ARCHIVED]" @service=redpanda-connect label="" path=root.input
time="2026-09-23T12:22:54+01:00" level=debug msg="Started LogMiner session from SCN 43013453 to SCN 43213453" @service=redpanda-connect label="" path=root.input
time="2026-09-23T12:22:54+01:00" level=debug msg="Executing LogMiner query with SCN range (scn=43013453 to 43213453 with window 200000)" @service=redpanda-connect label="" path=root.input
time="2026-09-23T12:22:54+01:00" level=debug msg="LogMiner query returned no rows after 9.584041ms (scn=43013453 to 43213453)" @service=redpanda-connect label="" path=root.input
time="2026-09-23T12:22:55+01:00" level=debug msg="Collected 1 redo log file(s) for LogMiner: [ARCHIVED]" @service=redpanda-connect label="" path=root.input
time="2026-09-23T12:22:55+01:00" level=debug msg="Started LogMiner session from SCN 43213453 to SCN 43413453" @service=redpanda-connect label="" path=root.input
time="2026-09-23T12:22:55+01:00" level=debug msg="Executing LogMiner query with SCN range (scn=43213453 to 43413453 with window 200000)" @service=redpanda-connect label="" path=root.input
time="2026-09-23T12:22:55+01:00" level=debug msg="LogMiner query returned no rows after 11.882625ms (scn=43213453 to 43413453)" @service=redpanda-connect label="" path=root.input
time="2026-09-23T12:22:55+01:00" level=debug msg="Collected 1 redo log file(s) for LogMiner: [ARCHIVED]" @service=redpanda-connect label="" path=root.input
time="2026-09-23T12:22:55+01:00" level=debug msg="Started LogMiner session from SCN 43413453 to SCN 43613453" @service=redpanda-connect label="" path=root.input
time="2026-09-23T12:22:55+01:00" level=debug msg="Executing LogMiner query with SCN range (scn=43413453 to 43613453 with window 200000)" @service=redpanda-connect label="" path=root.input
time="2026-09-23T12:22:55+01:00" level=debug msg="LogMiner query returned no rows after 14.030334ms (scn=43413453 to 43613453)" @service=redpanda-connect label="" path=root.input
time="2026-09-23T12:22:55+01:00" level=debug msg="Collected 1 redo log file(s) for LogMiner: [ARCHIVED]" @service=redpanda-connect label="" path=root.input
time="2026-09-23T12:22:55+01:00" level=debug msg="Started LogMiner session from SCN 43613453 to SCN 43813453" @service=redpanda-connect label="" path=root.input
time="2026-09-23T12:22:55+01:00" level=debug msg="Executing LogMiner query with SCN range (scn=43613453 to 43813453 with window 200000)" @service=redpanda-connect label="" path=root.input
time="2026-09-23T12:22:55+01:00" level=debug msg="LogMiner query returned no rows after 13.996541ms (scn=43613453 to 43813453)" @service=redpanda-connect label="" path=root.input
time="2026-09-23T12:22:55+01:00" level=debug msg="Collected 1 redo log file(s) for LogMiner: [ARCHIVED]" @service=redpanda-connect label="" path=root.input
time="2026-09-23T12:22:55+01:00" level=debug msg="Started LogMiner session from SCN 43813453 to SCN 44013453" @service=redpanda-connect label="" path=root.input
time="2026-09-23T12:22:55+01:00" level=debug msg="Executing LogMiner query with SCN range (scn=43813453 to 44013453 with window 200000)" @service=redpanda-connect label="" path=root.input
time="2026-09-23T12:22:55+01:00" level=debug msg="LogMiner query returned no rows after 7.608916ms (scn=43813453 to 44013453)" @service=redpanda-connect label="" path=root.input
time="2026-09-23T12:22:55+01:00" level=debug msg="Collected 1 redo log file(s) for LogMiner: [ARCHIVED]" @service=redpanda-connect label="" path=root.input
time="2026-09-23T12:22:55+01:00" level=debug msg="Started LogMiner session from SCN 44013453 to SCN 44213453" @service=redpanda-connect label="" path=root.input
time="2026-09-23T12:22:55+01:00" level=debug msg="Executing LogMiner query with SCN range (scn=44013453 to 44213453 with window 200000)" @service=redpanda-connect label="" path=root.input
time="2026-09-23T12:22:55+01:00" level=debug msg="LogMiner query returned no rows after 7.2315ms (scn=44013453 to 44213453)" @service=redpanda-connect label="" path=root.input
time="2026-09-23T12:22:55+01:00" level=debug msg="Collected 1 redo log file(s) for LogMiner: [ARCHIVED]" @service=redpanda-connect label="" path=root.input
time="2026-09-23T12:22:55+01:00" level=debug msg="Started LogMiner session from SCN 44213453 to SCN 44413453" @service=redpanda-connect label="" path=root.input
time="2026-09-23T12:22:55+01:00" level=debug msg="Executing LogMiner query with SCN range (scn=44213453 to 44413453 with window 200000)" @service=redpanda-connect label="" path=root.input
time="2026-09-23T12:22:55+01:00" level=debug msg="LogMiner query returned no rows after 8.698834ms (scn=44213453 to 44413453)" @service=redpanda-connect label="" path=root.input
time="2026-09-23T12:22:55+01:00" level=debug msg="Collected 1 redo log file(s) for LogMiner: [ARCHIVED]" @service=redpanda-connect label="" path=root.input
time="2026-09-23T12:22:55+01:00" level=debug msg="Started LogMiner session from SCN 44413453 to SCN 44613453" @service=redpanda-connect label="" path=root.input
time="2026-09-23T12:22:55+01:00" level=debug msg="Executing LogMiner query with SCN range (scn=44413453 to 44613453 with window 200000)" @service=redpanda-connect label="" path=root.input
time="2026-09-23T12:22:55+01:00" level=debug msg="LogMiner query returned no rows after 8.909125ms (scn=44413453 to 44613453)" @service=redpanda-connect label="" path=root.input
time="2026-09-23T12:22:55+01:00" level=debug msg="Collected 1 redo log file(s) for LogMiner: [ARCHIVED]" @service=redpanda-connect label="" path=root.input
time="2026-09-23T12:22:55+01:00" level=debug msg="Started LogMiner session from SCN 44613453 to SCN 44813453" @service=redpanda-connect label="" path=root.input
time="2026-09-23T12:22:55+01:00" level=debug msg="Executing LogMiner query with SCN range (scn=44613453 to 44813453 with window 200000)" @service=redpanda-connect label="" path=root.input
time="2026-09-23T12:22:56+01:00" level=debug msg="LogMiner query returned no rows after 8.104458ms (scn=44613453 to 44813453)" @service=redpanda-connect label="" path=root.input
time="2026-09-23T12:22:56+01:00" level=debug msg="Collected 1 redo log file(s) for LogMiner: [ARCHIVED]" @service=redpanda-connect label="" path=root.input
time="2026-09-23T12:22:56+01:00" level=debug msg="Started LogMiner session from SCN 44813453 to SCN 45013453" @service=redpanda-connect label="" path=root.input
time="2026-09-23T12:22:56+01:00" level=debug msg="Executing LogMiner query with SCN range (scn=44813453 to 45013453 with window 200000)" @service=redpanda-connect label="" path=root.input
time="2026-09-23T12:22:56+01:00" level=debug msg="LogMiner query returned no rows after 8.644333ms (scn=44813453 to 45013453)" @service=redpanda-connect label="" path=root.input
time="2026-09-23T12:22:56+01:00" level=debug msg="Collected 1 redo log file(s) for LogMiner: [ARCHIVED]" @service=redpanda-connect label="" path=root.input
time="2026-09-23T12:22:56+01:00" level=debug msg="Started LogMiner session from SCN 45013453 to SCN 45213453" @service=redpanda-connect label="" path=root.input
time="2026-09-23T12:22:56+01:00" level=debug msg="Executing LogMiner query with SCN range (scn=45013453 to 45213453 with window 200000)" @service=redpanda-connect label="" path=root.input
time="2026-09-23T12:22:56+01:00" level=debug msg="LogMiner query returned no rows after 10.611667ms (scn=45013453 to 45213453)" @service=redpanda-connect label="" path=root.input
time="2026-09-23T12:22:56+01:00" level=debug msg="Collected 1 redo log file(s) for LogMiner: [ARCHIVED]" @service=redpanda-connect label="" path=root.input
time="2026-09-23T12:22:56+01:00" level=debug msg="Started LogMiner session from SCN 45213453 to SCN 45413453" @service=redpanda-connect label="" path=root.input
time="2026-09-23T12:22:56+01:00" level=debug msg="Executing LogMiner query with SCN range (scn=45213453 to 45413453 with window 200000)" @service=redpanda-connect label="" path=root.input
time="2026-09-23T12:22:56+01:00" level=debug msg="LogMiner query returned no rows after 11.120042ms (scn=45213453 to 45413453)" @service=redpanda-connect label="" path=root.input
time="2026-09-23T12:22:56+01:00" level=debug msg="Collected 1 redo log file(s) for LogMiner: [ARCHIVED]" @service=redpanda-connect label="" path=root.input
time="2026-09-23T12:22:56+01:00" level=debug msg="Started LogMiner session from SCN 45413453 to SCN 45613453" @service=redpanda-connect label="" path=root.input
time="2026-09-23T12:22:56+01:00" level=debug msg="Executing LogMiner query with SCN range (scn=45413453 to 45613453 with window 200000)" @service=redpanda-connect label="" path=root.input
time="2026-09-23T12:22:56+01:00" level=debug msg="LogMiner query returned no rows after 10.474708ms (scn=45413453 to 45613453)" @service=redpanda-connect label="" path=root.input
time="2026-09-23T12:22:56+01:00" level=debug msg="Collected 1 redo log file(s) for LogMiner: [ARCHIVED]" @service=redpanda-connect label="" path=root.input
time="2026-09-23T12:22:56+01:00" level=debug msg="Started LogMiner session from SCN 45613453 to SCN 45813453" @service=redpanda-connect label="" path=root.input
time="2026-09-23T12:22:56+01:00" level=debug msg="Executing LogMiner query with SCN range (scn=45613453 to 45813453 with window 200000)" @service=redpanda-connect label="" path=root.input
time="2026-09-23T12:22:56+01:00" level=debug msg="LogMiner query returned no rows after 11.335791ms (scn=45613453 to 45813453)" @service=redpanda-connect label="" path=root.input
time="2026-09-23T12:22:56+01:00" level=debug msg="Collected 1 redo log file(s) for LogMiner: [ARCHIVED]" @service=redpanda-connect label="" path=root.input
time="2026-09-23T12:22:56+01:00" level=debug msg="Started LogMiner session from SCN 45813453 to SCN 46013453" @service=redpanda-connect label="" path=root.input
time="2026-09-23T12:22:56+01:00" level=debug msg="Executing LogMiner query with SCN range (scn=45813453 to 46013453 with window 200000)" @service=redpanda-connect label="" path=root.input
time="2026-09-23T12:22:56+01:00" level=debug msg="LogMiner query returned no rows after 12.223208ms (scn=45813453 to 46013453)" @service=redpanda-connect label="" path=root.input
time="2026-09-23T12:22:56+01:00" level=debug msg="Collected 1 redo log file(s) for LogMiner: [ARCHIVED]" @service=redpanda-connect label="" path=root.input
time="2026-09-23T12:22:56+01:00" level=debug msg="Started LogMiner session from SCN 46013453 to SCN 46213453" @service=redpanda-connect label="" path=root.input
time="2026-09-23T12:22:56+01:00" level=debug msg="Executing LogMiner query with SCN range (scn=46013453 to 46213453 with window 200000)" @service=redpanda-connect label="" path=root.input
time="2026-09-23T12:22:56+01:00" level=debug msg="LogMiner query returned no rows after 12.564625ms (scn=46013453 to 46213453)" @service=redpanda-connect label="" path=root.input
time="2026-09-23T12:22:57+01:00" level=debug msg="Collected 1 redo log file(s) for LogMiner: [ARCHIVED]" @service=redpanda-connect label="" path=root.input
time="2026-09-23T12:22:57+01:00" level=debug msg="Started LogMiner session from SCN 46213453 to SCN 46413453" @service=redpanda-connect label="" path=root.input
time="2026-09-23T12:22:57+01:00" level=debug msg="Executing LogMiner query with SCN range (scn=46213453 to 46413453 with window 200000)" @service=redpanda-connect label="" path=root.input
time="2026-09-23T12:22:57+01:00" level=debug msg="LogMiner query returned no rows after 12.782167ms (scn=46213453 to 46413453)" @service=redpanda-connect label="" path=root.input
time="2026-09-23T12:22:57+01:00" level=debug msg="Collected 1 redo log file(s) for LogMiner: [ARCHIVED]" @service=redpanda-connect label="" path=root.input
time="2026-09-23T12:22:57+01:00" level=debug msg="Started LogMiner session from SCN 46413453 to SCN 46613453" @service=redpanda-connect label="" path=root.input
time="2026-09-23T12:22:57+01:00" level=debug msg="Executing LogMiner query with SCN range (scn=46413453 to 46613453 with window 200000)" @service=redpanda-connect label="" path=root.input
time="2026-09-23T12:22:57+01:00" level=debug msg="LogMiner query returned no rows after 11.000875ms (scn=46413453 to 46613453)" @service=redpanda-connect label="" path=root.input
time="2026-09-23T12:22:57+01:00" level=debug msg="Collected 1 redo log file(s) for LogMiner: [ARCHIVED]" @service=redpanda-connect label="" path=root.input
time="2026-09-23T12:22:57+01:00" level=debug msg="Started LogMiner session from SCN 46613453 to SCN 46813453" @service=redpanda-connect label="" path=root.input
time="2026-09-23T12:22:57+01:00" level=debug msg="Executing LogMiner query with SCN range (scn=46613453 to 46813453 with window 200000)" @service=redpanda-connect label="" path=root.input
time="2026-09-23T12:22:57+01:00" level=debug msg="LogMiner query returned no rows after 11.947209ms (scn=46613453 to 46813453)" @service=redpanda-connect label="" path=root.input
time="2026-09-23T12:22:57+01:00" level=debug msg="Collected 1 redo log file(s) for LogMiner: [ARCHIVED]" @service=redpanda-connect label="" path=root.input
time="2026-09-23T12:22:57+01:00" level=debug msg="Started LogMiner session from SCN 46813453 to SCN 47013453" @service=redpanda-connect label="" path=root.input
time="2026-09-23T12:22:57+01:00" level=debug msg="Executing LogMiner query with SCN range (scn=46813453 to 47013453 with window 200000)" @service=redpanda-connect label="" path=root.input
time="2026-09-23T12:22:57+01:00" level=debug msg="LogMiner query returned no rows after 11.5695ms (scn=46813453 to 47013453)" @service=redpanda-connect label="" path=root.input
time="2026-09-23T12:22:57+01:00" level=debug msg="Collected 1 redo log file(s) for LogMiner: [ARCHIVED]" @service=redpanda-connect label="" path=root.input
time="2026-09-23T12:22:57+01:00" level=debug msg="Started LogMiner session from SCN 47013453 to SCN 47213453" @service=redpanda-connect label="" path=root.input
time="2026-09-23T12:22:57+01:00" level=debug msg="Executing LogMiner query with SCN range (scn=47013453 to 47213453 with window 200000)" @service=redpanda-connect label="" path=root.input
time="2026-09-23T12:22:57+01:00" level=debug msg="LogMiner query returned no rows after 11.133166ms (scn=47013453 to 47213453)" @service=redpanda-connect label="" path=root.input
time="2026-09-23T12:22:57+01:00" level=debug msg="Collected 1 redo log file(s) for LogMiner: [ARCHIVED]" @service=redpanda-connect label="" path=root.input
time="2026-09-23T12:22:57+01:00" level=debug msg="Started LogMiner session from SCN 47213453 to SCN 47413453" @service=redpanda-connect label="" path=root.input
time="2026-09-23T12:22:57+01:00" level=debug msg="Executing LogMiner query with SCN range (scn=47213453 to 47413453 with window 200000)" @service=redpanda-connect label="" path=root.input
time="2026-09-23T12:22:57+01:00" level=debug msg="LogMiner query returned no rows after 9.407333ms (scn=47213453 to 47413453)" @service=redpanda-connect label="" path=root.input
time="2026-09-23T12:22:57+01:00" level=debug msg="Collected 1 redo log file(s) for LogMiner: [ARCHIVED]" @service=redpanda-connect label="" path=root.input
time="2026-09-23T12:22:57+01:00" level=debug msg="Started LogMiner session from SCN 47413453 to SCN 47613453" @service=redpanda-connect label="" path=root.input
time="2026-09-23T12:22:57+01:00" level=debug msg="Executing LogMiner query with SCN range (scn=47413453 to 47613453 with window 200000)" @service=redpanda-connect label="" path=root.input
time="2026-09-23T12:22:57+01:00" level=debug msg="LogMiner query returned no rows after 10.039042ms (scn=47413453 to 47613453)" @service=redpanda-connect label="" path=root.input
time="2026-09-23T12:22:58+01:00" level=debug msg="Collected 1 redo log file(s) for LogMiner: [ARCHIVED]" @service=redpanda-connect label="" path=root.input
time="2026-09-23T12:22:58+01:00" level=debug msg="Started LogMiner session from SCN 47613453 to SCN 47813453" @service=redpanda-connect label="" path=root.input
time="2026-09-23T12:22:58+01:00" level=debug msg="Executing LogMiner query with SCN range (scn=47613453 to 47813453 with window 200000)" @service=redpanda-connect label="" path=root.input
time="2026-09-23T12:22:58+01:00" level=debug msg="LogMiner query returned no rows after 10.160958ms (scn=47613453 to 47813453)" @service=redpanda-connect label="" path=root.input
time="2026-09-23T12:22:58+01:00" level=debug msg="Collected 1 redo log file(s) for LogMiner: [ARCHIVED]" @service=redpanda-connect label="" path=root.input
time="2026-09-23T12:22:58+01:00" level=debug msg="Started LogMiner session from SCN 47813453 to SCN 48013453" @service=redpanda-connect label="" path=root.input
time="2026-09-23T12:22:58+01:00" level=debug msg="Executing LogMiner query with SCN range (scn=47813453 to 48013453 with window 200000)" @service=redpanda-connect label="" path=root.input
time="2026-09-23T12:22:58+01:00" level=debug msg="LogMiner query returned no rows after 10.057542ms (scn=47813453 to 48013453)" @service=redpanda-connect label="" path=root.input
time="2026-09-23T12:22:58+01:00" level=debug msg="Collected 1 redo log file(s) for LogMiner: [ARCHIVED]" @service=redpanda-connect label="" path=root.input
time="2026-09-23T12:22:58+01:00" level=debug msg="Started LogMiner session from SCN 48013453 to SCN 48213453" @service=redpanda-connect label="" path=root.input
time="2026-09-23T12:22:58+01:00" level=debug msg="Executing LogMiner query with SCN range (scn=48013453 to 48213453 with window 200000)" @service=redpanda-connect label="" path=root.input
time="2026-09-23T12:22:58+01:00" level=debug msg="LogMiner query returned no rows after 8.914667ms (scn=48013453 to 48213453)" @service=redpanda-connect label="" path=root.input
time="2026-09-23T12:22:58+01:00" level=debug msg="Collected 1 redo log file(s) for LogMiner: [ARCHIVED]" @service=redpanda-connect label="" path=root.input
time="2026-09-23T12:22:58+01:00" level=debug msg="Started LogMiner session from SCN 48213453 to SCN 48413453" @service=redpanda-connect label="" path=root.input
time="2026-09-23T12:22:58+01:00" level=debug msg="Executing LogMiner query with SCN range (scn=48213453 to 48413453 with window 200000)" @service=redpanda-connect label="" path=root.input
time="2026-09-23T12:22:58+01:00" level=debug msg="LogMiner query returned no rows after 9.6945ms (scn=48213453 to 48413453)" @service=redpanda-connect label="" path=root.input
time="2026-09-23T12:22:58+01:00" level=debug msg="Collected 1 redo log file(s) for LogMiner: [ARCHIVED]" @service=redpanda-connect label="" path=root.input
time="2026-09-23T12:22:58+01:00" level=debug msg="Started LogMiner session from SCN 48413453 to SCN 48613453" @service=redpanda-connect label="" path=root.input
time="2026-09-23T12:22:58+01:00" level=debug msg="Executing LogMiner query with SCN range (scn=48413453 to 48613453 with window 200000)" @service=redpanda-connect label="" path=root.input
time="2026-09-23T12:22:58+01:00" level=debug msg="LogMiner query returned no rows after 9.808958ms (scn=48413453 to 48613453)" @service=redpanda-connect label="" path=root.input
time="2026-09-23T12:22:58+01:00" level=debug msg="Collected 1 redo log file(s) for LogMiner: [ARCHIVED]" @service=redpanda-connect label="" path=root.input
time="2026-09-23T12:22:58+01:00" level=debug msg="Started LogMiner session from SCN 48613453 to SCN 48813453" @service=redpanda-connect label="" path=root.input
time="2026-09-23T12:22:58+01:00" level=debug msg="Executing LogMiner query with SCN range (scn=48613453 to 48813453 with window 200000)" @service=redpanda-connect label="" path=root.input
time="2026-09-23T12:22:58+01:00" level=debug msg="LogMiner query returned no rows after 9.295666ms (scn=48613453 to 48813453)" @service=redpanda-connect label="" path=root.input
time="2026-09-23T12:22:58+01:00" level=debug msg="Collected 1 redo log file(s) for LogMiner: [ARCHIVED]" @service=redpanda-connect label="" path=root.input
time="2026-09-23T12:22:58+01:00" level=debug msg="Started LogMiner session from SCN 48813453 to SCN 49013453" @service=redpanda-connect label="" path=root.input
time="2026-09-23T12:22:58+01:00" level=debug msg="Executing LogMiner query with SCN range (scn=48813453 to 49013453 with window 200000)" @service=redpanda-connect label="" path=root.input
time="2026-09-23T12:22:58+01:00" level=debug msg="LogMiner query returned no rows after 11.033959ms (scn=48813453 to 49013453)" @service=redpanda-connect label="" path=root.input
time="2026-09-23T12:22:58+01:00" level=debug msg="Collected 1 redo log file(s) for LogMiner: [ARCHIVED]" @service=redpanda-connect label="" path=root.input
time="2026-09-23T12:22:58+01:00" level=debug msg="Started LogMiner session from SCN 49013453 to SCN 49213453" @service=redpanda-connect label="" path=root.input
time="2026-09-23T12:22:58+01:00" level=debug msg="Executing LogMiner query with SCN range (scn=49013453 to 49213453 with window 200000)" @service=redpanda-connect label="" path=root.input
time="2026-09-23T12:22:58+01:00" level=debug msg="LogMiner query returned no rows after 9.263958ms (scn=49013453 to 49213453)" @service=redpanda-connect label="" path=root.input
time="2026-09-23T12:22:59+01:00" level=debug msg="Collected 1 redo log file(s) for LogMiner: [ARCHIVED]" @service=redpanda-connect label="" path=root.input
time="2026-09-23T12:22:59+01:00" level=debug msg="Started LogMiner session from SCN 49213453 to SCN 49413453" @service=redpanda-connect label="" path=root.input
time="2026-09-23T12:22:59+01:00" level=debug msg="Executing LogMiner query with SCN range (scn=49213453 to 49413453 with window 200000)" @service=redpanda-connect label="" path=root.input
time="2026-09-23T12:22:59+01:00" level=debug msg="LogMiner query returned no rows after 8.899583ms (scn=49213453 to 49413453)" @service=redpanda-connect label="" path=root.input
time="2026-09-23T12:22:59+01:00" level=debug msg="Collected 1 redo log file(s) for LogMiner: [ARCHIVED]" @service=redpanda-connect label="" path=root.input
time="2026-09-23T12:22:59+01:00" level=debug msg="Started LogMiner session from SCN 49413453 to SCN 49613453" @service=redpanda-connect label="" path=root.input
time="2026-09-23T12:22:59+01:00" level=debug msg="Executing LogMiner query with SCN range (scn=49413453 to 49613453 with window 200000)" @service=redpanda-connect label="" path=root.input
time="2026-09-23T12:22:59+01:00" level=debug msg="LogMiner query returned no rows after 10.148667ms (scn=49413453 to 49613453)" @service=redpanda-connect label="" path=root.input
time="2026-09-23T12:22:59+01:00" level=debug msg="Collected 1 redo log file(s) for LogMiner: [ARCHIVED]" @service=redpanda-connect label="" path=root.input
time="2026-09-23T12:22:59+01:00" level=debug msg="Started LogMiner session from SCN 49613453 to SCN 49813453" @service=redpanda-connect label="" path=root.input
time="2026-09-23T12:22:59+01:00" level=debug msg="Executing LogMiner query with SCN range (scn=49613453 to 49813453 with window 200000)" @service=redpanda-connect label="" path=root.input
time="2026-09-23T12:22:59+01:00" level=debug msg="LogMiner query returned no rows after 12.990625ms (scn=49613453 to 49813453)" @service=redpanda-connect label="" path=root.input
time="2026-09-23T12:22:59+01:00" level=debug msg="Collected 1 redo log file(s) for LogMiner: [ARCHIVED]" @service=redpanda-connect label="" path=root.input
time="2026-09-23T12:22:59+01:00" level=debug msg="Started LogMiner session from SCN 49813453 to SCN 50013453" @service=redpanda-connect label="" path=root.input
time="2026-09-23T12:22:59+01:00" level=debug msg="Executing LogMiner query with SCN range (scn=49813453 to 50013453 with window 200000)" @service=redpanda-connect label="" path=root.input
time="2026-09-23T12:22:59+01:00" level=debug msg="LogMiner query returned no rows after 12.123542ms (scn=49813453 to 50013453)" @service=redpanda-connect label="" path=root.input
time="2026-09-23T12:22:59+01:00" level=debug msg="Collected 1 redo log file(s) for LogMiner: [ARCHIVED]" @service=redpanda-connect label="" path=root.input
time="2026-09-23T12:22:59+01:00" level=debug msg="Started LogMiner session from SCN 50013453 to SCN 50213453" @service=redpanda-connect label="" path=root.input
time="2026-09-23T12:22:59+01:00" level=debug msg="Executing LogMiner query with SCN range (scn=50013453 to 50213453 with window 200000)" @service=redpanda-connect label="" path=root.input
time="2026-09-23T12:22:59+01:00" level=debug msg="LogMiner query returned no rows after 8.642917ms (scn=50013453 to 50213453)" @service=redpanda-connect label="" path=root.input
time="2026-09-23T12:22:59+01:00" level=debug msg="Collected 1 redo log file(s) for LogMiner: [ARCHIVED]" @service=redpanda-connect label="" path=root.input
time="2026-09-23T12:22:59+01:00" level=debug msg="Started LogMiner session from SCN 50213453 to SCN 50413453" @service=redpanda-connect label="" path=root.input
time="2026-09-23T12:22:59+01:00" level=debug msg="Executing LogMiner query with SCN range (scn=50213453 to 50413453 with window 200000)" @service=redpanda-connect label="" path=root.input
time="2026-09-23T12:22:59+01:00" level=debug msg="LogMiner query returned no rows after 6.820708ms (scn=50213453 to 50413453)" @service=redpanda-connect label="" path=root.input
time="2026-09-23T12:22:59+01:00" level=debug msg="Collected 1 redo log file(s) for LogMiner: [ARCHIVED]" @service=redpanda-connect label="" path=root.input
time="2026-09-23T12:22:59+01:00" level=debug msg="Started LogMiner session from SCN 50413453 to SCN 50613453" @service=redpanda-connect label="" path=root.input
time="2026-09-23T12:22:59+01:00" level=debug msg="Executing LogMiner query with SCN range (scn=50413453 to 50613453 with window 200000)" @service=redpanda-connect label="" path=root.input
time="2026-09-23T12:22:59+01:00" level=debug msg="LogMiner query returned no rows after 8.087667ms (scn=50413453 to 50613453)" @service=redpanda-connect label="" path=root.input
time="2026-09-23T12:23:00+01:00" level=debug msg="Collected 1 redo log file(s) for LogMiner: [ARCHIVED]" @service=redpanda-connect label="" path=root.input
time="2026-09-23T12:23:00+01:00" level=debug msg="Started LogMiner session from SCN 50613453 to SCN 50813453" @service=redpanda-connect label="" path=root.input
time="2026-09-23T12:23:00+01:00" level=debug msg="Executing LogMiner query with SCN range (scn=50613453 to 50813453 with window 200000)" @service=redpanda-connect label="" path=root.input
time="2026-09-23T12:23:00+01:00" level=debug msg="LogMiner query returned no rows after 12.015291ms (scn=50613453 to 50813453)" @service=redpanda-connect label="" path=root.input
time="2026-09-23T12:23:00+01:00" level=debug msg="Collected 1 redo log file(s) for LogMiner: [ARCHIVED]" @service=redpanda-connect label="" path=root.input
time="2026-09-23T12:23:00+01:00" level=debug msg="Started LogMiner session from SCN 50813453 to SCN 51013453" @service=redpanda-connect label="" path=root.input
time="2026-09-23T12:23:00+01:00" level=debug msg="Executing LogMiner query with SCN range (scn=50813453 to 51013453 with window 200000)" @service=redpanda-connect label="" path=root.input
time="2026-09-23T12:23:00+01:00" level=debug msg="LogMiner query returned no rows after 12.342708ms (scn=50813453 to 51013453)" @service=redpanda-connect label="" path=root.input
time="2026-09-23T12:23:00+01:00" level=debug msg="Collected 1 redo log file(s) for LogMiner: [ARCHIVED]" @service=redpanda-connect label="" path=root.input
time="2026-09-23T12:23:00+01:00" level=debug msg="Started LogMiner session from SCN 51013453 to SCN 51213453" @service=redpanda-connect label="" path=root.input
time="2026-09-23T12:23:00+01:00" level=debug msg="Executing LogMiner query with SCN range (scn=51013453 to 51213453 with window 200000)" @service=redpanda-connect label="" path=root.input
time="2026-09-23T12:23:00+01:00" level=debug msg="LogMiner query returned no rows after 11.639708ms (scn=51013453 to 51213453)" @service=redpanda-connect label="" path=root.input
time="2026-09-23T12:23:00+01:00" level=debug msg="Collected 1 redo log file(s) for LogMiner: [ARCHIVED]" @service=redpanda-connect label="" path=root.input
time="2026-09-23T12:23:00+01:00" level=debug msg="Started LogMiner session from SCN 51213453 to SCN 51413453" @service=redpanda-connect label="" path=root.input
time="2026-09-23T12:23:00+01:00" level=debug msg="Executing LogMiner query with SCN range (scn=51213453 to 51413453 with window 200000)" @service=redpanda-connect label="" path=root.input
time="2026-09-23T12:23:00+01:00" level=debug msg="LogMiner query returned no rows after 11.78775ms (scn=51213453 to 51413453)" @service=redpanda-connect label="" path=root.input
time="2026-09-23T12:23:00+01:00" level=debug msg="Collected 1 redo log file(s) for LogMiner: [ARCHIVED]" @service=redpanda-connect label="" path=root.input
time="2026-09-23T12:23:00+01:00" level=debug msg="Started LogMiner session from SCN 51413453 to SCN 51613453" @service=redpanda-connect label="" path=root.input
time="2026-09-23T12:23:00+01:00" level=debug msg="Executing LogMiner query with SCN range (scn=51413453 to 51613453 with window 200000)" @service=redpanda-connect label="" path=root.input
time="2026-09-23T12:23:00+01:00" level=debug msg="LogMiner query returned no rows after 12.645584ms (scn=51413453 to 51613453)" @service=redpanda-connect label="" path=root.input
time="2026-09-23T12:23:00+01:00" level=debug msg="Collected 1 redo log file(s) for LogMiner: [ARCHIVED]" @service=redpanda-connect label="" path=root.input
time="2026-09-23T12:23:00+01:00" level=debug msg="Started LogMiner session from SCN 51613453 to SCN 51813453" @service=redpanda-connect label="" path=root.input
time="2026-09-23T12:23:00+01:00" level=debug msg="Executing LogMiner query with SCN range (scn=51613453 to 51813453 with window 200000)" @service=redpanda-connect label="" path=root.input
time="2026-09-23T12:23:00+01:00" level=debug msg="LogMiner query returned no rows after 14.042625ms (scn=51613453 to 51813453)" @service=redpanda-connect label="" path=root.input
time="2026-09-23T12:23:00+01:00" level=debug msg="Collected 1 redo log file(s) for LogMiner: [ARCHIVED]" @service=redpanda-connect label="" path=root.input
time="2026-09-23T12:23:00+01:00" level=debug msg="Started LogMiner session from SCN 51813453 to SCN 52013453" @service=redpanda-connect label="" path=root.input
time="2026-09-23T12:23:00+01:00" level=debug msg="Executing LogMiner query with SCN range (scn=51813453 to 52013453 with window 200000)" @service=redpanda-connect label="" path=root.input
time="2026-09-23T12:23:00+01:00" level=debug msg="LogMiner query returned no rows after 11.918417ms (scn=51813453 to 52013453)" @service=redpanda-connect label="" path=root.input
time="2026-09-23T12:23:00+01:00" level=debug msg="Collected 1 redo log file(s) for LogMiner: [ARCHIVED]" @service=redpanda-connect label="" path=root.input
time="2026-09-23T12:23:01+01:00" level=debug msg="Started LogMiner session from SCN 52013453 to SCN 52213453" @service=redpanda-connect label="" path=root.input
time="2026-09-23T12:23:01+01:00" level=debug msg="Executing LogMiner query with SCN range (scn=52013453 to 52213453 with window 200000)" @service=redpanda-connect label="" path=root.input
time="2026-09-23T12:23:01+01:00" level=debug msg="LogMiner query returned no rows after 13.351292ms (scn=52013453 to 52213453)" @service=redpanda-connect label="" path=root.input
time="2026-09-23T12:23:01+01:00" level=debug msg="Collected 1 redo log file(s) for LogMiner: [ARCHIVED]" @service=redpanda-connect label="" path=root.input
time="2026-09-23T12:23:01+01:00" level=debug msg="Started LogMiner session from SCN 52213453 to SCN 52413453" @service=redpanda-connect label="" path=root.input
time="2026-09-23T12:23:01+01:00" level=debug msg="Executing LogMiner query with SCN range (scn=52213453 to 52413453 with window 200000)" @service=redpanda-connect label="" path=root.input
time="2026-09-23T12:23:01+01:00" level=debug msg="LogMiner query returned no rows after 9.558875ms (scn=52213453 to 52413453)" @service=redpanda-connect label="" path=root.input
time="2026-09-23T12:23:01+01:00" level=debug msg="Collected 1 redo log file(s) for LogMiner: [ARCHIVED]" @service=redpanda-connect label="" path=root.input
time="2026-09-23T12:23:01+01:00" level=debug msg="Started LogMiner session from SCN 52413453 to SCN 52613453" @service=redpanda-connect label="" path=root.input
time="2026-09-23T12:23:01+01:00" level=debug msg="Executing LogMiner query with SCN range (scn=52413453 to 52613453 with window 200000)" @service=redpanda-connect label="" path=root.input
time="2026-09-23T12:23:01+01:00" level=debug msg="LogMiner query returned no rows after 11.789375ms (scn=52413453 to 52613453)" @service=redpanda-connect label="" path=root.input
time="2026-09-23T12:23:01+01:00" level=debug msg="Collected 1 redo log file(s) for LogMiner: [ARCHIVED]" @service=redpanda-connect label="" path=root.input
time="2026-09-23T12:23:01+01:00" level=debug msg="Started LogMiner session from SCN 52613453 to SCN 52813453" @service=redpanda-connect label="" path=root.input
time="2026-09-23T12:23:01+01:00" level=debug msg="Executing LogMiner query with SCN range (scn=52613453 to 52813453 with window 200000)" @service=redpanda-connect label="" path=root.input
time="2026-09-23T12:23:01+01:00" level=debug msg="LogMiner query returned no rows after 10.987542ms (scn=52613453 to 52813453)" @service=redpanda-connect label="" path=root.input
time="2026-09-23T12:23:01+01:00" level=debug msg="Collected 1 redo log file(s) for LogMiner: [ARCHIVED]" @service=redpanda-connect label="" path=root.input
time="2026-09-23T12:23:01+01:00" level=debug msg="Started LogMiner session from SCN 52813453 to SCN 53013453" @service=redpanda-connect label="" path=root.input
time="2026-09-23T12:23:01+01:00" level=debug msg="Executing LogMiner query with SCN range (scn=52813453 to 53013453 with window 200000)" @service=redpanda-connect label="" path=root.input
time="2026-09-23T12:23:01+01:00" level=debug msg="LogMiner query returned no rows after 12.32325ms (scn=52813453 to 53013453)" @service=redpanda-connect label="" path=root.input
time="2026-09-23T12:23:01+01:00" level=debug msg="Collected 1 redo log file(s) for LogMiner: [ARCHIVED]" @service=redpanda-connect label="" path=root.input
time="2026-09-23T12:23:01+01:00" level=debug msg="Started LogMiner session from SCN 53013453 to SCN 53213453" @service=redpanda-connect label="" path=root.input
time="2026-09-23T12:23:01+01:00" level=debug msg="Executing LogMiner query with SCN range (scn=53013453 to 53213453 with window 200000)" @service=redpanda-connect label="" path=root.input
time="2026-09-23T12:23:01+01:00" level=debug msg="LogMiner query returned no rows after 12.529166ms (scn=53013453 to 53213453)" @service=redpanda-connect label="" path=root.input
time="2026-09-23T12:23:01+01:00" level=debug msg="Collected 1 redo log file(s) for LogMiner: [ARCHIVED]" @service=redpanda-connect label="" path=root.input
time="2026-09-23T12:23:01+01:00" level=debug msg="Started LogMiner session from SCN 53213453 to SCN 53413453" @service=redpanda-connect label="" path=root.input
time="2026-09-23T12:23:01+01:00" level=debug msg="Executing LogMiner query with SCN range (scn=53213453 to 53413453 with window 200000)" @service=redpanda-connect label="" path=root.input
time="2026-09-23T12:23:01+01:00" level=debug msg="LogMiner query returned no rows after 12.359ms (scn=53213453 to 53413453)" @service=redpanda-connect label="" path=root.input
time="2026-09-23T12:23:01+01:00" level=debug msg="Collected 1 redo log file(s) for LogMiner: [ARCHIVED]" @service=redpanda-connect label="" path=root.input
time="2026-09-23T12:23:01+01:00" level=debug msg="Started LogMiner session from SCN 53413453 to SCN 53613453" @service=redpanda-connect label="" path=root.input
time="2026-09-23T12:23:01+01:00" level=debug msg="Executing LogMiner query with SCN range (scn=53413453 to 53613453 with window 200000)" @service=redpanda-connect label="" path=root.input
time="2026-09-23T12:23:01+01:00" level=debug msg="LogMiner query returned no rows after 12.489208ms (scn=53413453 to 53613453)" @service=redpanda-connect label="" path=root.input
time="2026-09-23T12:23:02+01:00" level=debug msg="Collected 1 redo log file(s) for LogMiner: [ARCHIVED]" @service=redpanda-connect label="" path=root.input
time="2026-09-23T12:23:02+01:00" level=debug msg="Started LogMiner session from SCN 53613453 to SCN 53813453" @service=redpanda-connect label="" path=root.input
time="2026-09-23T12:23:02+01:00" level=debug msg="Executing LogMiner query with SCN range (scn=53613453 to 53813453 with window 200000)" @service=redpanda-connect label="" path=root.input
time="2026-09-23T12:23:02+01:00" level=debug msg="LogMiner query returned no rows after 13.497416ms (scn=53613453 to 53813453)" @service=redpanda-connect label="" path=root.input
time="2026-09-23T12:23:02+01:00" level=debug msg="Collected 1 redo log file(s) for LogMiner: [ARCHIVED]" @service=redpanda-connect label="" path=root.input
time="2026-09-23T12:23:02+01:00" level=debug msg="Started LogMiner session from SCN 53813453 to SCN 54013453" @service=redpanda-connect label="" path=root.input
time="2026-09-23T12:23:02+01:00" level=debug msg="Executing LogMiner query with SCN range (scn=53813453 to 54013453 with window 200000)" @service=redpanda-connect label="" path=root.input
time="2026-09-23T12:23:02+01:00" level=debug msg="LogMiner query returned no rows after 13.512875ms (scn=53813453 to 54013453)" @service=redpanda-connect label="" path=root.input
time="2026-09-23T12:23:02+01:00" level=debug msg="Collected 1 redo log file(s) for LogMiner: [ARCHIVED]" @service=redpanda-connect label="" path=root.input
time="2026-09-23T12:23:02+01:00" level=debug msg="Started LogMiner session from SCN 54013453 to SCN 54213453" @service=redpanda-connect label="" path=root.input
time="2026-09-23T12:23:02+01:00" level=debug msg="Executing LogMiner query with SCN range (scn=54013453 to 54213453 with window 200000)" @service=redpanda-connect label="" path=root.input
time="2026-09-23T12:23:02+01:00" level=debug msg="LogMiner query returned no rows after 12.461ms (scn=54013453 to 54213453)" @service=redpanda-connect label="" path=root.input
time="2026-09-23T12:23:02+01:00" level=debug msg="Collected 1 redo log file(s) for LogMiner: [ARCHIVED]" @service=redpanda-connect label="" path=root.input
time="2026-09-23T12:23:02+01:00" level=debug msg="Started LogMiner session from SCN 54213453 to SCN 54413453" @service=redpanda-connect label="" path=root.input
time="2026-09-23T12:23:02+01:00" level=debug msg="Executing LogMiner query with SCN range (scn=54213453 to 54413453 with window 200000)" @service=redpanda-connect label="" path=root.input
time="2026-09-23T12:23:02+01:00" level=debug msg="LogMiner query returned no rows after 13.623291ms (scn=54213453 to 54413453)" @service=redpanda-connect label="" path=root.input
time="2026-09-23T12:23:02+01:00" level=debug msg="Collected 1 redo log file(s) for LogMiner: [ARCHIVED]" @service=redpanda-connect label="" path=root.input
time="2026-09-23T12:23:02+01:00" level=debug msg="Started LogMiner session from SCN 54413453 to SCN 54613453" @service=redpanda-connect label="" path=root.input
time="2026-09-23T12:23:02+01:00" level=debug msg="Executing LogMiner query with SCN range (scn=54413453 to 54613453 with window 200000)" @service=redpanda-connect label="" path=root.input
time="2026-09-23T12:23:02+01:00" level=debug msg="LogMiner query returned no rows after 13.40975ms (scn=54413453 to 54613453)" @service=redpanda-connect label="" path=root.input
time="2026-09-23T12:23:02+01:00" level=debug msg="Collected 1 redo log file(s) for LogMiner: [ARCHIVED]" @service=redpanda-connect label="" path=root.input
time="2026-09-23T12:23:02+01:00" level=debug msg="Started LogMiner session from SCN 54613453 to SCN 54813453" @service=redpanda-connect label="" path=root.input
time="2026-09-23T12:23:02+01:00" level=debug msg="Executing LogMiner query with SCN range (scn=54613453 to 54813453 with window 200000)" @service=redpanda-connect label="" path=root.input
time="2026-09-23T12:23:02+01:00" level=debug msg="LogMiner query returned no rows after 12.722833ms (scn=54613453 to 54813453)" @service=redpanda-connect label="" path=root.input
time="2026-09-23T12:23:02+01:00" level=debug msg="Collected 1 redo log file(s) for LogMiner: [ARCHIVED]" @service=redpanda-connect label="" path=root.input
time="2026-09-23T12:23:02+01:00" level=debug msg="Started LogMiner session from SCN 54813453 to SCN 55013453" @service=redpanda-connect label="" path=root.input
time="2026-09-23T12:23:02+01:00" level=debug msg="Executing LogMiner query with SCN range (scn=54813453 to 55013453 with window 200000)" @service=redpanda-connect label="" path=root.input
time="2026-09-23T12:23:02+01:00" level=debug msg="LogMiner query returned no rows after 16.931166ms (scn=54813453 to 55013453)" @service=redpanda-connect label="" path=root.input
time="2026-09-23T12:23:03+01:00" level=debug msg="Collected 1 redo log file(s) for LogMiner: [ARCHIVED]" @service=redpanda-connect label="" path=root.input
time="2026-09-23T12:23:03+01:00" level=debug msg="Started LogMiner session from SCN 55013453 to SCN 55213453" @service=redpanda-connect label="" path=root.input
time="2026-09-23T12:23:03+01:00" level=debug msg="Executing LogMiner query with SCN range (scn=55013453 to 55213453 with window 200000)" @service=redpanda-connect label="" path=root.input
time="2026-09-23T12:23:03+01:00" level=debug msg="LogMiner query returned no rows after 14.768458ms (scn=55013453 to 55213453)" @service=redpanda-connect label="" path=root.input
time="2026-09-23T12:23:03+01:00" level=debug msg="Collected 1 redo log file(s) for LogMiner: [ARCHIVED]" @service=redpanda-connect label="" path=root.input
time="2026-09-23T12:23:03+01:00" level=debug msg="Started LogMiner session from SCN 55213453 to SCN 55413453" @service=redpanda-connect label="" path=root.input
time="2026-09-23T12:23:03+01:00" level=debug msg="Executing LogMiner query with SCN range (scn=55213453 to 55413453 with window 200000)" @service=redpanda-connect label="" path=root.input
time="2026-09-23T12:23:03+01:00" level=debug msg="LogMiner query returned no rows after 12.629208ms (scn=55213453 to 55413453)" @service=redpanda-connect label="" path=root.input
time="2026-09-23T12:23:03+01:00" level=debug msg="Collected 1 redo log file(s) for LogMiner: [ARCHIVED]" @service=redpanda-connect label="" path=root.input
time="2026-09-23T12:23:03+01:00" level=debug msg="Started LogMiner session from SCN 55413453 to SCN 55613453" @service=redpanda-connect label="" path=root.input
time="2026-09-23T12:23:03+01:00" level=debug msg="Executing LogMiner query with SCN range (scn=55413453 to 55613453 with window 200000)" @service=redpanda-connect label="" path=root.input
time="2026-09-23T12:23:03+01:00" level=debug msg="LogMiner query returned no rows after 12.1195ms (scn=55413453 to 55613453)" @service=redpanda-connect label="" path=root.input
time="2026-09-23T12:23:03+01:00" level=debug msg="Collected 1 redo log file(s) for LogMiner: [ARCHIVED]" @service=redpanda-connect label="" path=root.input
time="2026-09-23T12:23:03+01:00" level=debug msg="Started LogMiner session from SCN 55613453 to SCN 55813453" @service=redpanda-connect label="" path=root.input
time="2026-09-23T12:23:03+01:00" level=debug msg="Executing LogMiner query with SCN range (scn=55613453 to 55813453 with window 200000)" @service=redpanda-connect label="" path=root.input
time="2026-09-23T12:23:03+01:00" level=debug msg="LogMiner query returned no rows after 14.166458ms (scn=55613453 to 55813453)" @service=redpanda-connect label="" path=root.input
time="2026-09-23T12:23:03+01:00" level=debug msg="Collected 1 redo log file(s) for LogMiner: [ARCHIVED]" @service=redpanda-connect label="" path=root.input
time="2026-09-23T12:23:03+01:00" level=debug msg="Started LogMiner session from SCN 55813453 to SCN 56013453" @service=redpanda-connect label="" path=root.input
time="2026-09-23T12:23:03+01:00" level=debug msg="Executing LogMiner query with SCN range (scn=55813453 to 56013453 with window 200000)" @service=redpanda-connect label="" path=root.input
time="2026-09-23T12:23:03+01:00" level=debug msg="LogMiner query returned no rows after 14.138375ms (scn=55813453 to 56013453)" @service=redpanda-connect label="" path=root.input
time="2026-09-23T12:23:03+01:00" level=debug msg="Collected 1 redo log file(s) for LogMiner: [ARCHIVED]" @service=redpanda-connect label="" path=root.input
time="2026-09-23T12:23:03+01:00" level=debug msg="Started LogMiner session from SCN 56013453 to SCN 56213453" @service=redpanda-connect label="" path=root.input
time="2026-09-23T12:23:03+01:00" level=debug msg="Executing LogMiner query with SCN range (scn=56013453 to 56213453 with window 200000)" @service=redpanda-connect label="" path=root.input
time="2026-09-23T12:23:03+01:00" level=debug msg="LogMiner query returned no rows after 12.537084ms (scn=56013453 to 56213453)" @service=redpanda-connect label="" path=root.input
time="2026-09-23T12:23:03+01:00" level=debug msg="Collected 1 redo log file(s) for LogMiner: [ARCHIVED]" @service=redpanda-connect label="" path=root.input
time="2026-09-23T12:23:03+01:00" level=debug msg="Started LogMiner session from SCN 56213453 to SCN 56413453" @service=redpanda-connect label="" path=root.input
time="2026-09-23T12:23:03+01:00" level=debug msg="Executing LogMiner query with SCN range (scn=56213453 to 56413453 with window 200000)" @service=redpanda-connect label="" path=root.input
time="2026-09-23T12:23:03+01:00" level=debug msg="LogMiner query returned no rows after 11.236375ms (scn=56213453 to 56413453)" @service=redpanda-connect label="" path=root.input
time="2026-09-23T12:23:04+01:00" level=debug msg="Collected 1 redo log file(s) for LogMiner: [ARCHIVED]" @service=redpanda-connect label="" path=root.input
time="2026-09-23T12:23:04+01:00" level=debug msg="Started LogMiner session from SCN 56413453 to SCN 56613453" @service=redpanda-connect label="" path=root.input
time="2026-09-23T12:23:04+01:00" level=debug msg="Executing LogMiner query with SCN range (scn=56413453 to 56613453 with window 200000)" @service=redpanda-connect label="" path=root.input
time="2026-09-23T12:23:04+01:00" level=debug msg="LogMiner query returned no rows after 12.730083ms (scn=56413453 to 56613453)" @service=redpanda-connect label="" path=root.input
time="2026-09-23T12:23:04+01:00" level=debug msg="Collected 1 redo log file(s) for LogMiner: [ARCHIVED]" @service=redpanda-connect label="" path=root.input
time="2026-09-23T12:23:04+01:00" level=debug msg="Started LogMiner session from SCN 56613453 to SCN 56813453" @service=redpanda-connect label="" path=root.input
time="2026-09-23T12:23:04+01:00" level=debug msg="Executing LogMiner query with SCN range (scn=56613453 to 56813453 with window 200000)" @service=redpanda-connect label="" path=root.input
time="2026-09-23T12:23:04+01:00" level=debug msg="LogMiner query returned no rows after 10.212584ms (scn=56613453 to 56813453)" @service=redpanda-connect label="" path=root.input
time="2026-09-23T12:23:04+01:00" level=debug msg="Collected 1 redo log file(s) for LogMiner: [ARCHIVED]" @service=redpanda-connect label="" path=root.input
time="2026-09-23T12:23:04+01:00" level=debug msg="Started LogMiner session from SCN 56813453 to SCN 57013453" @service=redpanda-connect label="" path=root.input
time="2026-09-23T12:23:04+01:00" level=debug msg="Executing LogMiner query with SCN range (scn=56813453 to 57013453 with window 200000)" @service=redpanda-connect label="" path=root.input
time="2026-09-23T12:23:04+01:00" level=debug msg="LogMiner query returned no rows after 13.027958ms (scn=56813453 to 57013453)" @service=redpanda-connect label="" path=root.input
time="2026-09-23T12:23:04+01:00" level=debug msg="Collected 1 redo log file(s) for LogMiner: [ARCHIVED]" @service=redpanda-connect label="" path=root.input
time="2026-09-23T12:23:04+01:00" level=debug msg="Started LogMiner session from SCN 57013453 to SCN 57213453" @service=redpanda-connect label="" path=root.input
time="2026-09-23T12:23:04+01:00" level=debug msg="Executing LogMiner query with SCN range (scn=57013453 to 57213453 with window 200000)" @service=redpanda-connect label="" path=root.input
time="2026-09-23T12:23:04+01:00" level=debug msg="LogMiner query returned no rows after 15.897458ms (scn=57013453 to 57213453)" @service=redpanda-connect label="" path=root.input
time="2026-09-23T12:23:04+01:00" level=debug msg="Collected 1 redo log file(s) for LogMiner: [ARCHIVED]" @service=redpanda-connect label="" path=root.input
time="2026-09-23T12:23:04+01:00" level=debug msg="Started LogMiner session from SCN 57213453 to SCN 57413453" @service=redpanda-connect label="" path=root.input
time="2026-09-23T12:23:04+01:00" level=debug msg="Executing LogMiner query with SCN range (scn=57213453 to 57413453 with window 200000)" @service=redpanda-connect label="" path=root.input
time="2026-09-23T12:23:04+01:00" level=debug msg="LogMiner query returned no rows after 12.59ms (scn=57213453 to 57413453)" @service=redpanda-connect label="" path=root.input
time="2026-09-23T12:23:04+01:00" level=debug msg="Collected 1 redo log file(s) for LogMiner: [ARCHIVED]" @service=redpanda-connect label="" path=root.input
time="2026-09-23T12:23:04+01:00" level=debug msg="Started LogMiner session from SCN 57413453 to SCN 57613453" @service=redpanda-connect label="" path=root.input
time="2026-09-23T12:23:04+01:00" level=debug msg="Executing LogMiner query with SCN range (scn=57413453 to 57613453 with window 200000)" @service=redpanda-connect label="" path=root.input
time="2026-09-23T12:23:04+01:00" level=debug msg="LogMiner query returned no rows after 14.8165ms (scn=57413453 to 57613453)" @service=redpanda-connect label="" path=root.input
time="2026-09-23T12:23:04+01:00" level=debug msg="Collected 1 redo log file(s) for LogMiner: [ARCHIVED]" @service=redpanda-connect label="" path=root.input
time="2026-09-23T12:23:04+01:00" level=debug msg="Started LogMiner session from SCN 57613453 to SCN 57813453" @service=redpanda-connect label="" path=root.input
time="2026-09-23T12:23:04+01:00" level=debug msg="Executing LogMiner query with SCN range (scn=57613453 to 57813453 with window 200000)" @service=redpanda-connect label="" path=root.input
time="2026-09-23T12:23:04+01:00" level=debug msg="LogMiner query returned no rows after 14.129917ms (scn=57613453 to 57813453)" @service=redpanda-connect label="" path=root.input
time="2026-09-23T12:23:05+01:00" level=debug msg="Collected 1 redo log file(s) for LogMiner: [ARCHIVED]" @service=redpanda-connect label="" path=root.input
time="2026-09-23T12:23:05+01:00" level=debug msg="Started LogMiner session from SCN 57813453 to SCN 58013453" @service=redpanda-connect label="" path=root.input
time="2026-09-23T12:23:05+01:00" level=debug msg="Executing LogMiner query with SCN range (scn=57813453 to 58013453 with window 200000)" @service=redpanda-connect label="" path=root.input
time="2026-09-23T12:23:05+01:00" level=debug msg="LogMiner query returned no rows after 9.642542ms (scn=57813453 to 58013453)" @service=redpanda-connect label="" path=root.input
time="2026-09-23T12:23:05+01:00" level=debug msg="Collected 1 redo log file(s) for LogMiner: [ARCHIVED]" @service=redpanda-connect label="" path=root.input
time="2026-09-23T12:23:05+01:00" level=debug msg="Started LogMiner session from SCN 58013453 to SCN 58213453" @service=redpanda-connect label="" path=root.input
time="2026-09-23T12:23:05+01:00" level=debug msg="Executing LogMiner query with SCN range (scn=58013453 to 58213453 with window 200000)" @service=redpanda-connect label="" path=root.input
time="2026-09-23T12:23:05+01:00" level=debug msg="LogMiner query returned no rows after 12.462959ms (scn=58013453 to 58213453)" @service=redpanda-connect label="" path=root.input
time="2026-09-23T12:23:05+01:00" level=debug msg="Collected 1 redo log file(s) for LogMiner: [ARCHIVED]" @service=redpanda-connect label="" path=root.input
time="2026-09-23T12:23:05+01:00" level=debug msg="Started LogMiner session from SCN 58213453 to SCN 58413453" @service=redpanda-connect label="" path=root.input
time="2026-09-23T12:23:05+01:00" level=debug msg="Executing LogMiner query with SCN range (scn=58213453 to 58413453 with window 200000)" @service=redpanda-connect label="" path=root.input
time="2026-09-23T12:23:05+01:00" level=debug msg="LogMiner query returned no rows after 14.348167ms (scn=58213453 to 58413453)" @service=redpanda-connect label="" path=root.input
time="2026-09-23T12:23:05+01:00" level=debug msg="Collected 1 redo log file(s) for LogMiner: [ARCHIVED]" @service=redpanda-connect label="" path=root.input
time="2026-09-23T12:23:05+01:00" level=debug msg="Started LogMiner session from SCN 58413453 to SCN 58613453" @service=redpanda-connect label="" path=root.input
time="2026-09-23T12:23:05+01:00" level=debug msg="Executing LogMiner query with SCN range (scn=58413453 to 58613453 with window 200000)" @service=redpanda-connect label="" path=root.input
time="2026-09-23T12:23:05+01:00" level=debug msg="LogMiner query returned no rows after 13.671833ms (scn=58413453 to 58613453)" @service=redpanda-connect label="" path=root.input
time="2026-09-23T12:23:05+01:00" level=debug msg="Collected 1 redo log file(s) for LogMiner: [ARCHIVED]" @service=redpanda-connect label="" path=root.input
time="2026-09-23T12:23:05+01:00" level=debug msg="Started LogMiner session from SCN 58613453 to SCN 58813453" @service=redpanda-connect label="" path=root.input
time="2026-09-23T12:23:05+01:00" level=debug msg="Executing LogMiner query with SCN range (scn=58613453 to 58813453 with window 200000)" @service=redpanda-connect label="" path=root.input
time="2026-09-23T12:23:05+01:00" level=debug msg="LogMiner query returned no rows after 13.879958ms (scn=58613453 to 58813453)" @service=redpanda-connect label="" path=root.input
time="2026-09-23T12:23:05+01:00" level=debug msg="Collected 1 redo log file(s) for LogMiner: [ARCHIVED]" @service=redpanda-connect label="" path=root.input
time="2026-09-23T12:23:05+01:00" level=debug msg="Started LogMiner session from SCN 58813453 to SCN 59013453" @service=redpanda-connect label="" path=root.input
time="2026-09-23T12:23:05+01:00" level=debug msg="Executing LogMiner query with SCN range (scn=58813453 to 59013453 with window 200000)" @service=redpanda-connect label="" path=root.input
time="2026-09-23T12:23:05+01:00" level=debug msg="LogMiner query returned no rows after 12.520625ms (scn=58813453 to 59013453)" @service=redpanda-connect label="" path=root.input
time="2026-09-23T12:23:05+01:00" level=debug msg="Collected 1 redo log file(s) for LogMiner: [ARCHIVED]" @service=redpanda-connect label="" path=root.input
time="2026-09-23T12:23:05+01:00" level=debug msg="Started LogMiner session from SCN 59013453 to SCN 59213453" @service=redpanda-connect label="" path=root.input
time="2026-09-23T12:23:05+01:00" level=debug msg="Executing LogMiner query with SCN range (scn=59013453 to 59213453 with window 200000)" @service=redpanda-connect label="" path=root.input
time="2026-09-23T12:23:05+01:00" level=debug msg="LogMiner query returned no rows after 12.625334ms (scn=59013453 to 59213453)" @service=redpanda-connect label="" path=root.input
time="2026-09-23T12:23:06+01:00" level=debug msg="Collected 1 redo log file(s) for LogMiner: [ARCHIVED]" @service=redpanda-connect label="" path=root.input
time="2026-09-23T12:23:06+01:00" level=debug msg="Started LogMiner session from SCN 59213453 to SCN 59413453" @service=redpanda-connect label="" path=root.input
time="2026-09-23T12:23:06+01:00" level=debug msg="Executing LogMiner query with SCN range (scn=59213453 to 59413453 with window 200000)" @service=redpanda-connect label="" path=root.input
time="2026-09-23T12:23:06+01:00" level=debug msg="LogMiner query returned no rows after 13.011583ms (scn=59213453 to 59413453)" @service=redpanda-connect label="" path=root.input
time="2026-09-23T12:23:06+01:00" level=debug msg="Collected 1 redo log file(s) for LogMiner: [ARCHIVED]" @service=redpanda-connect label="" path=root.input
time="2026-09-23T12:23:06+01:00" level=debug msg="Started LogMiner session from SCN 59413453 to SCN 59613453" @service=redpanda-connect label="" path=root.input
time="2026-09-23T12:23:06+01:00" level=debug msg="Executing LogMiner query with SCN range (scn=59413453 to 59613453 with window 200000)" @service=redpanda-connect label="" path=root.input
time="2026-09-23T12:23:06+01:00" level=debug msg="LogMiner query returned no rows after 12.90575ms (scn=59413453 to 59613453)" @service=redpanda-connect label="" path=root.input
time="2026-09-23T12:23:06+01:00" level=debug msg="Collected 1 redo log file(s) for LogMiner: [ARCHIVED]" @service=redpanda-connect label="" path=root.input
time="2026-09-23T12:23:06+01:00" level=debug msg="Started LogMiner session from SCN 59613453 to SCN 59813453" @service=redpanda-connect label="" path=root.input
time="2026-09-23T12:23:06+01:00" level=debug msg="Executing LogMiner query with SCN range (scn=59613453 to 59813453 with window 200000)" @service=redpanda-connect label="" path=root.input
time="2026-09-23T12:23:06+01:00" level=debug msg="LogMiner query returned no rows after 12.335625ms (scn=59613453 to 59813453)" @service=redpanda-connect label="" path=root.input
time="2026-09-23T12:23:06+01:00" level=debug msg="Collected 1 redo log file(s) for LogMiner: [ARCHIVED]" @service=redpanda-connect label="" path=root.input
time="2026-09-23T12:23:06+01:00" level=debug msg="Started LogMiner session from SCN 59813453 to SCN 60013453" @service=redpanda-connect label="" path=root.input
time="2026-09-23T12:23:06+01:00" level=debug msg="Executing LogMiner query with SCN range (scn=59813453 to 60013453 with window 200000)" @service=redpanda-connect label="" path=root.input
time="2026-09-23T12:23:06+01:00" level=debug msg="LogMiner query returned no rows after 13.416958ms (scn=59813453 to 60013453)" @service=redpanda-connect label="" path=root.input
time="2026-09-23T12:23:06+01:00" level=debug msg="Collected 1 redo log file(s) for LogMiner: [ARCHIVED]" @service=redpanda-connect label="" path=root.input
time="2026-09-23T12:23:06+01:00" level=debug msg="Started LogMiner session from SCN 60013453 to SCN 60213453" @service=redpanda-connect label="" path=root.input
time="2026-09-23T12:23:06+01:00" level=debug msg="Executing LogMiner query with SCN range (scn=60013453 to 60213453 with window 200000)" @service=redpanda-connect label="" path=root.input
time="2026-09-23T12:23:06+01:00" level=debug msg="LogMiner query returned no rows after 11.546291ms (scn=60013453 to 60213453)" @service=redpanda-connect label="" path=root.input
time="2026-09-23T12:23:06+01:00" level=debug msg="Collected 1 redo log file(s) for LogMiner: [ARCHIVED]" @service=redpanda-connect label="" path=root.input
time="2026-09-23T12:23:06+01:00" level=debug msg="Started LogMiner session from SCN 60213453 to SCN 60413453" @service=redpanda-connect label="" path=root.input
time="2026-09-23T12:23:06+01:00" level=debug msg="Executing LogMiner query with SCN range (scn=60213453 to 60413453 with window 200000)" @service=redpanda-connect label="" path=root.input
time="2026-09-23T12:23:06+01:00" level=debug msg="LogMiner query returned no rows after 13.274041ms (scn=60213453 to 60413453)" @service=redpanda-connect label="" path=root.input
time="2026-09-23T12:23:06+01:00" level=debug msg="Collected 1 redo log file(s) for LogMiner: [ARCHIVED]" @service=redpanda-connect label="" path=root.input
time="2026-09-23T12:23:06+01:00" level=debug msg="Started LogMiner session from SCN 60413453 to SCN 60613453" @service=redpanda-connect label="" path=root.input
time="2026-09-23T12:23:06+01:00" level=debug msg="Executing LogMiner query with SCN range (scn=60413453 to 60613453 with window 200000)" @service=redpanda-connect label="" path=root.input
time="2026-09-23T12:23:06+01:00" level=debug msg="LogMiner query returned no rows after 11.840042ms (scn=60413453 to 60613453)" @service=redpanda-connect label="" path=root.input
time="2026-09-23T12:23:07+01:00" level=debug msg="Collected 1 redo log file(s) for LogMiner: [ARCHIVED]" @service=redpanda-connect label="" path=root.input
time="2026-09-23T12:23:07+01:00" level=debug msg="Started LogMiner session from SCN 60613453 to SCN 60813453" @service=redpanda-connect label="" path=root.input
time="2026-09-23T12:23:07+01:00" level=debug msg="Executing LogMiner query with SCN range (scn=60613453 to 60813453 with window 200000)" @service=redpanda-connect label="" path=root.input
time="2026-09-23T12:23:07+01:00" level=debug msg="LogMiner query returned no rows after 12.473ms (scn=60613453 to 60813453)" @service=redpanda-connect label="" path=root.input
time="2026-09-23T12:23:07+01:00" level=debug msg="Collected 1 redo log file(s) for LogMiner: [ARCHIVED]" @service=redpanda-connect label="" path=root.input
time="2026-09-23T12:23:07+01:00" level=debug msg="Started LogMiner session from SCN 60813453 to SCN 61013453" @service=redpanda-connect label="" path=root.input
time="2026-09-23T12:23:07+01:00" level=debug msg="Executing LogMiner query with SCN range (scn=60813453 to 61013453 with window 200000)" @service=redpanda-connect label="" path=root.input
time="2026-09-23T12:23:07+01:00" level=debug msg="LogMiner query returned no rows after 12.158625ms (scn=60813453 to 61013453)" @service=redpanda-connect label="" path=root.input
time="2026-09-23T12:23:07+01:00" level=debug msg="Collected 1 redo log file(s) for LogMiner: [ARCHIVED]" @service=redpanda-connect label="" path=root.input
time="2026-09-23T12:23:07+01:00" level=debug msg="Started LogMiner session from SCN 61013453 to SCN 61213453" @service=redpanda-connect label="" path=root.input
time="2026-09-23T12:23:07+01:00" level=debug msg="Executing LogMiner query with SCN range (scn=61013453 to 61213453 with window 200000)" @service=redpanda-connect label="" path=root.input
time="2026-09-23T12:23:07+01:00" level=debug msg="LogMiner query returned no rows after 11.740042ms (scn=61013453 to 61213453)" @service=redpanda-connect label="" path=root.input
time="2026-09-23T12:23:07+01:00" level=debug msg="Collected 1 redo log file(s) for LogMiner: [ARCHIVED]" @service=redpanda-connect label="" path=root.input
time="2026-09-23T12:23:07+01:00" level=debug msg="Started LogMiner session from SCN 61213453 to SCN 61413453" @service=redpanda-connect label="" path=root.input
time="2026-09-23T12:23:07+01:00" level=debug msg="Executing LogMiner query with SCN range (scn=61213453 to 61413453 with window 200000)" @service=redpanda-connect label="" path=root.input
time="2026-09-23T12:23:07+01:00" level=debug msg="LogMiner query returned no rows after 13.2875ms (scn=61213453 to 61413453)" @service=redpanda-connect label="" path=root.input
time="2026-09-23T12:23:07+01:00" level=debug msg="Collected 1 redo log file(s) for LogMiner: [ARCHIVED]" @service=redpanda-connect label="" path=root.input
time="2026-09-23T12:23:07+01:00" level=debug msg="Started LogMiner session from SCN 61413453 to SCN 61613453" @service=redpanda-connect label="" path=root.input
time="2026-09-23T12:23:07+01:00" level=debug msg="Executing LogMiner query with SCN range (scn=61413453 to 61613453 with window 200000)" @service=redpanda-connect label="" path=root.input
time="2026-09-23T12:23:07+01:00" level=debug msg="LogMiner query returned no rows after 12.136375ms (scn=61413453 to 61613453)" @service=redpanda-connect label="" path=root.input
time="2026-09-23T12:23:07+01:00" level=debug msg="Collected 1 redo log file(s) for LogMiner: [ARCHIVED]" @service=redpanda-connect label="" path=root.input
time="2026-09-23T12:23:07+01:00" level=debug msg="Started LogMiner session from SCN 61613453 to SCN 61813453" @service=redpanda-connect label="" path=root.input
time="2026-09-23T12:23:07+01:00" level=debug msg="Executing LogMiner query with SCN range (scn=61613453 to 61813453 with window 200000)" @service=redpanda-connect label="" path=root.input
time="2026-09-23T12:23:07+01:00" level=debug msg="LogMiner query returned no rows after 8.975333ms (scn=61613453 to 61813453)" @service=redpanda-connect label="" path=root.input
time="2026-09-23T12:23:07+01:00" level=debug msg="Collected 1 redo log file(s) for LogMiner: [ARCHIVED]" @service=redpanda-connect label="" path=root.input
time="2026-09-23T12:23:07+01:00" level=debug msg="Started LogMiner session from SCN 61813453 to SCN 62013453" @service=redpanda-connect label="" path=root.input
time="2026-09-23T12:23:07+01:00" level=debug msg="Executing LogMiner query with SCN range (scn=61813453 to 62013453 with window 200000)" @service=redpanda-connect label="" path=root.input
time="2026-09-23T12:23:07+01:00" level=debug msg="LogMiner query returned no rows after 10.942542ms (scn=61813453 to 62013453)" @service=redpanda-connect label="" path=root.input
time="2026-09-23T12:23:08+01:00" level=debug msg="Collected 1 redo log file(s) for LogMiner: [ARCHIVED]" @service=redpanda-connect label="" path=root.input
time="2026-09-23T12:23:08+01:00" level=debug msg="Started LogMiner session from SCN 62013453 to SCN 62213453" @service=redpanda-connect label="" path=root.input
time="2026-09-23T12:23:08+01:00" level=debug msg="Executing LogMiner query with SCN range (scn=62013453 to 62213453 with window 200000)" @service=redpanda-connect label="" path=root.input
time="2026-09-23T12:23:08+01:00" level=debug msg="LogMiner query returned no rows after 12.306958ms (scn=62013453 to 62213453)" @service=redpanda-connect label="" path=root.input
time="2026-09-23T12:23:08+01:00" level=debug msg="Collected 1 redo log file(s) for LogMiner: [ARCHIVED]" @service=redpanda-connect label="" path=root.input
time="2026-09-23T12:23:08+01:00" level=debug msg="Started LogMiner session from SCN 62213453 to SCN 62413453" @service=redpanda-connect label="" path=root.input
time="2026-09-23T12:23:08+01:00" level=debug msg="Executing LogMiner query with SCN range (scn=62213453 to 62413453 with window 200000)" @service=redpanda-connect label="" path=root.input
time="2026-09-23T12:23:08+01:00" level=debug msg="LogMiner query returned no rows after 11.120625ms (scn=62213453 to 62413453)" @service=redpanda-connect label="" path=root.input
time="2026-09-23T12:23:08+01:00" level=debug msg="Collected 1 redo log file(s) for LogMiner: [ARCHIVED]" @service=redpanda-connect label="" path=root.input
time="2026-09-23T12:23:08+01:00" level=debug msg="Started LogMiner session from SCN 62413453 to SCN 62613453" @service=redpanda-connect label="" path=root.input
time="2026-09-23T12:23:08+01:00" level=debug msg="Executing LogMiner query with SCN range (scn=62413453 to 62613453 with window 200000)" @service=redpanda-connect label="" path=root.input
time="2026-09-23T12:23:08+01:00" level=debug msg="LogMiner query returned no rows after 13.106458ms (scn=62413453 to 62613453)" @service=redpanda-connect label="" path=root.input
time="2026-09-23T12:23:08+01:00" level=debug msg="Collected 1 redo log file(s) for LogMiner: [ARCHIVED]" @service=redpanda-connect label="" path=root.input
time="2026-09-23T12:23:08+01:00" level=debug msg="Started LogMiner session from SCN 62613453 to SCN 62813453" @service=redpanda-connect label="" path=root.input
time="2026-09-23T12:23:08+01:00" level=debug msg="Executing LogMiner query with SCN range (scn=62613453 to 62813453 with window 200000)" @service=redpanda-connect label="" path=root.input
time="2026-09-23T12:23:08+01:00" level=debug msg="LogMiner query returned no rows after 12.837708ms (scn=62613453 to 62813453)" @service=redpanda-connect label="" path=root.input
time="2026-09-23T12:23:08+01:00" level=debug msg="Collected 1 redo log file(s) for LogMiner: [ARCHIVED]" @service=redpanda-connect label="" path=root.input
time="2026-09-23T12:23:08+01:00" level=debug msg="Started LogMiner session from SCN 62813453 to SCN 63013453" @service=redpanda-connect label="" path=root.input
time="2026-09-23T12:23:08+01:00" level=debug msg="Executing LogMiner query with SCN range (scn=62813453 to 63013453 with window 200000)" @service=redpanda-connect label="" path=root.input
time="2026-09-23T12:23:08+01:00" level=debug msg="LogMiner query returned no rows after 13.062833ms (scn=62813453 to 63013453)" @service=redpanda-connect label="" path=root.input
time="2026-09-23T12:23:08+01:00" level=debug msg="Collected 1 redo log file(s) for LogMiner: [ARCHIVED]" @service=redpanda-connect label="" path=root.input
time="2026-09-23T12:23:08+01:00" level=debug msg="Started LogMiner session from SCN 63013453 to SCN 63213453" @service=redpanda-connect label="" path=root.input
time="2026-09-23T12:23:08+01:00" level=debug msg="Executing LogMiner query with SCN range (scn=63013453 to 63213453 with window 200000)" @service=redpanda-connect label="" path=root.input
time="2026-09-23T12:23:08+01:00" level=debug msg="LogMiner query returned no rows after 12.019208ms (scn=63013453 to 63213453)" @service=redpanda-connect label="" path=root.input
time="2026-09-23T12:23:08+01:00" level=debug msg="Collected 1 redo log file(s) for LogMiner: [ARCHIVED]" @service=redpanda-connect label="" path=root.input
time="2026-09-23T12:23:08+01:00" level=debug msg="Started LogMiner session from SCN 63213453 to SCN 63413453" @service=redpanda-connect label="" path=root.input
time="2026-09-23T12:23:08+01:00" level=debug msg="Executing LogMiner query with SCN range (scn=63213453 to 63413453 with window 200000)" @service=redpanda-connect label="" path=root.input
time="2026-09-23T12:23:08+01:00" level=debug msg="LogMiner query returned no rows after 13.495708ms (scn=63213453 to 63413453)" @service=redpanda-connect label="" path=root.input
time="2026-09-23T12:23:09+01:00" level=debug msg="Collected 1 redo log file(s) for LogMiner: [ARCHIVED]" @service=redpanda-connect label="" path=root.input
time="2026-09-23T12:23:09+01:00" level=debug msg="Started LogMiner session from SCN 63413453 to SCN 63613453" @service=redpanda-connect label="" path=root.input
time="2026-09-23T12:23:09+01:00" level=debug msg="Executing LogMiner query with SCN range (scn=63413453 to 63613453 with window 200000)" @service=redpanda-connect label="" path=root.input
time="2026-09-23T12:23:09+01:00" level=debug msg="LogMiner query returned no rows after 9.256334ms (scn=63413453 to 63613453)" @service=redpanda-connect label="" path=root.input
time="2026-09-23T12:23:09+01:00" level=debug msg="Collected 1 redo log file(s) for LogMiner: [ARCHIVED]" @service=redpanda-connect label="" path=root.input
time="2026-09-23T12:23:09+01:00" level=debug msg="Started LogMiner session from SCN 63613453 to SCN 63813453" @service=redpanda-connect label="" path=root.input
time="2026-09-23T12:23:09+01:00" level=debug msg="Executing LogMiner query with SCN range (scn=63613453 to 63813453 with window 200000)" @service=redpanda-connect label="" path=root.input
time="2026-09-23T12:23:09+01:00" level=debug msg="LogMiner query returned no rows after 13.463166ms (scn=63613453 to 63813453)" @service=redpanda-connect label="" path=root.input
time="2026-09-23T12:23:09+01:00" level=debug msg="Collected 1 redo log file(s) for LogMiner: [ARCHIVED]" @service=redpanda-connect label="" path=root.input
time="2026-09-23T12:23:09+01:00" level=debug msg="Started LogMiner session from SCN 63813453 to SCN 64013453" @service=redpanda-connect label="" path=root.input
time="2026-09-23T12:23:09+01:00" level=debug msg="Executing LogMiner query with SCN range (scn=63813453 to 64013453 with window 200000)" @service=redpanda-connect label="" path=root.input
time="2026-09-23T12:23:09+01:00" level=debug msg="LogMiner query returned no rows after 13.129333ms (scn=63813453 to 64013453)" @service=redpanda-connect label="" path=root.input
time="2026-09-23T12:23:09+01:00" level=debug msg="Collected 1 redo log file(s) for LogMiner: [ARCHIVED]" @service=redpanda-connect label="" path=root.input
time="2026-09-23T12:23:09+01:00" level=debug msg="Started LogMiner session from SCN 64013453 to SCN 64213453" @service=redpanda-connect label="" path=root.input
time="2026-09-23T12:23:09+01:00" level=debug msg="Executing LogMiner query with SCN range (scn=64013453 to 64213453 with window 200000)" @service=redpanda-connect label="" path=root.input
time="2026-09-23T12:23:09+01:00" level=debug msg="LogMiner query returned no rows after 13.018583ms (scn=64013453 to 64213453)" @service=redpanda-connect label="" path=root.input
time="2026-09-23T12:23:09+01:00" level=debug msg="Collected 1 redo log file(s) for LogMiner: [ARCHIVED]" @service=redpanda-connect label="" path=root.input
time="2026-09-23T12:23:09+01:00" level=debug msg="Started LogMiner session from SCN 64213453 to SCN 64413453" @service=redpanda-connect label="" path=root.input
time="2026-09-23T12:23:09+01:00" level=debug msg="Executing LogMiner query with SCN range (scn=64213453 to 64413453 with window 200000)" @service=redpanda-connect label="" path=root.input
time="2026-09-23T12:23:09+01:00" level=debug msg="LogMiner query returned no rows after 12.336334ms (scn=64213453 to 64413453)" @service=redpanda-connect label="" path=root.input
time="2026-09-23T12:23:09+01:00" level=debug msg="Collected 1 redo log file(s) for LogMiner: [ARCHIVED]" @service=redpanda-connect label="" path=root.input
time="2026-09-23T12:23:09+01:00" level=debug msg="Started LogMiner session from SCN 64413453 to SCN 64613453" @service=redpanda-connect label="" path=root.input
time="2026-09-23T12:23:09+01:00" level=debug msg="Executing LogMiner query with SCN range (scn=64413453 to 64613453 with window 200000)" @service=redpanda-connect label="" path=root.input
time="2026-09-23T12:23:09+01:00" level=debug msg="LogMiner query returned no rows after 8.583375ms (scn=64413453 to 64613453)" @service=redpanda-connect label="" path=root.input
time="2026-09-23T12:23:09+01:00" level=debug msg="Collected 1 redo log file(s) for LogMiner: [ARCHIVED]" @service=redpanda-connect label="" path=root.input
time="2026-09-23T12:23:09+01:00" level=debug msg="Started LogMiner session from SCN 64613453 to SCN 64813453" @service=redpanda-connect label="" path=root.input
time="2026-09-23T12:23:09+01:00" level=debug msg="Executing LogMiner query with SCN range (scn=64613453 to 64813453 with window 200000)" @service=redpanda-connect label="" path=root.input
time="2026-09-23T12:23:09+01:00" level=debug msg="LogMiner query returned no rows after 6.806125ms (scn=64613453 to 64813453)" @service=redpanda-connect label="" path=root.input
time="2026-09-23T12:23:09+01:00" level=debug msg="Collected 1 redo log file(s) for LogMiner: [ARCHIVED]" @service=redpanda-connect label="" path=root.input
time="2026-09-23T12:23:09+01:00" level=debug msg="Started LogMiner session from SCN 64813453 to SCN 65013453" @service=redpanda-connect label="" path=root.input
time="2026-09-23T12:23:09+01:00" level=debug msg="Executing LogMiner query with SCN range (scn=64813453 to 65013453 with window 200000)" @service=redpanda-connect label="" path=root.input
time="2026-09-23T12:23:09+01:00" level=debug msg="LogMiner query returned no rows after 10.493125ms (scn=64813453 to 65013453)" @service=redpanda-connect label="" path=root.input
time="2026-09-23T12:23:10+01:00" level=debug msg="Collected 1 redo log file(s) for LogMiner: [ARCHIVED]" @service=redpanda-connect label="" path=root.input
time="2026-09-23T12:23:10+01:00" level=debug msg="Started LogMiner session from SCN 65013453 to SCN 65213453" @service=redpanda-connect label="" path=root.input
time="2026-09-23T12:23:10+01:00" level=debug msg="Executing LogMiner query with SCN range (scn=65013453 to 65213453 with window 200000)" @service=redpanda-connect label="" path=root.input
time="2026-09-23T12:23:10+01:00" level=debug msg="LogMiner query returned no rows after 14.816709ms (scn=65013453 to 65213453)" @service=redpanda-connect label="" path=root.input
time="2026-09-23T12:23:10+01:00" level=debug msg="Collected 1 redo log file(s) for LogMiner: [ARCHIVED]" @service=redpanda-connect label="" path=root.input
time="2026-09-23T12:23:10+01:00" level=debug msg="Started LogMiner session from SCN 65213453 to SCN 65413453" @service=redpanda-connect label="" path=root.input
time="2026-09-23T12:23:10+01:00" level=debug msg="Executing LogMiner query with SCN range (scn=65213453 to 65413453 with window 200000)" @service=redpanda-connect label="" path=root.input
time="2026-09-23T12:23:10+01:00" level=debug msg="LogMiner query returned no rows after 13.700292ms (scn=65213453 to 65413453)" @service=redpanda-connect label="" path=root.input
time="2026-09-23T12:23:10+01:00" level=debug msg="Collected 1 redo log file(s) for LogMiner: [ARCHIVED]" @service=redpanda-connect label="" path=root.input
time="2026-09-23T12:23:10+01:00" level=debug msg="Started LogMiner session from SCN 65413453 to SCN 65613453" @service=redpanda-connect label="" path=root.input
time="2026-09-23T12:23:10+01:00" level=debug msg="Executing LogMiner query with SCN range (scn=65413453 to 65613453 with window 200000)" @service=redpanda-connect label="" path=root.input
time="2026-09-23T12:23:10+01:00" level=debug msg="LogMiner query returned no rows after 11.693458ms (scn=65413453 to 65613453)" @service=redpanda-connect label="" path=root.input
time="2026-09-23T12:23:10+01:00" level=debug msg="Collected 1 redo log file(s) for LogMiner: [ARCHIVED]" @service=redpanda-connect label="" path=root.input
time="2026-09-23T12:23:10+01:00" level=debug msg="Started LogMiner session from SCN 65613453 to SCN 65813453" @service=redpanda-connect label="" path=root.input
time="2026-09-23T12:23:10+01:00" level=debug msg="Executing LogMiner query with SCN range (scn=65613453 to 65813453 with window 200000)" @service=redpanda-connect label="" path=root.input
time="2026-09-23T12:23:10+01:00" level=debug msg="LogMiner query returned no rows after 11.984625ms (scn=65613453 to 65813453)" @service=redpanda-connect label="" path=root.input
time="2026-09-23T12:23:10+01:00" level=debug msg="Collected 1 redo log file(s) for LogMiner: [ARCHIVED]" @service=redpanda-connect label="" path=root.input
time="2026-09-23T12:23:10+01:00" level=debug msg="Started LogMiner session from SCN 65813453 to SCN 66013453" @service=redpanda-connect label="" path=root.input
time="2026-09-23T12:23:10+01:00" level=debug msg="Executing LogMiner query with SCN range (scn=65813453 to 66013453 with window 200000)" @service=redpanda-connect label="" path=root.input
time="2026-09-23T12:23:10+01:00" level=debug msg="LogMiner query returned no rows after 7.649041ms (scn=65813453 to 66013453)" @service=redpanda-connect label="" path=root.input
time="2026-09-23T12:23:10+01:00" level=debug msg="Collected 1 redo log file(s) for LogMiner: [ARCHIVED]" @service=redpanda-connect label="" path=root.input
time="2026-09-23T12:23:10+01:00" level=debug msg="Started LogMiner session from SCN 66013453 to SCN 66213453" @service=redpanda-connect label="" path=root.input
time="2026-09-23T12:23:10+01:00" level=debug msg="Executing LogMiner query with SCN range (scn=66013453 to 66213453 with window 200000)" @service=redpanda-connect label="" path=root.input
time="2026-09-23T12:23:10+01:00" level=debug msg="LogMiner query returned no rows after 13.906833ms (scn=66013453 to 66213453)" @service=redpanda-connect label="" path=root.input
time="2026-09-23T12:23:10+01:00" level=debug msg="Collected 1 redo log file(s) for LogMiner: [ARCHIVED]" @service=redpanda-connect label="" path=root.input
time="2026-09-23T12:23:10+01:00" level=debug msg="Started LogMiner session from SCN 66213453 to SCN 66413453" @service=redpanda-connect label="" path=root.input
time="2026-09-23T12:23:10+01:00" level=debug msg="Executing LogMiner query with SCN range (scn=66213453 to 66413453 with window 200000)" @service=redpanda-connect label="" path=root.input
time="2026-09-23T12:23:10+01:00" level=debug msg="LogMiner query returned no rows after 12.960292ms (scn=66213453 to 66413453)" @service=redpanda-connect label="" path=root.input
time="2026-09-23T12:23:11+01:00" level=debug msg="Collected 1 redo log file(s) for LogMiner: [ARCHIVED]" @service=redpanda-connect label="" path=root.input
time="2026-09-23T12:23:11+01:00" level=debug msg="Started LogMiner session from SCN 66413453 to SCN 66613453" @service=redpanda-connect label="" path=root.input
time="2026-09-23T12:23:11+01:00" level=debug msg="Executing LogMiner query with SCN range (scn=66413453 to 66613453 with window 200000)" @service=redpanda-connect label="" path=root.input
time="2026-09-23T12:23:11+01:00" level=debug msg="LogMiner query returned no rows after 14.300292ms (scn=66413453 to 66613453)" @service=redpanda-connect label="" path=root.input
time="2026-09-23T12:23:11+01:00" level=debug msg="Collected 1 redo log file(s) for LogMiner: [ARCHIVED]" @service=redpanda-connect label="" path=root.input
time="2026-09-23T12:23:11+01:00" level=debug msg="Started LogMiner session from SCN 66613453 to SCN 66813453" @service=redpanda-connect label="" path=root.input
time="2026-09-23T12:23:11+01:00" level=debug msg="Executing LogMiner query with SCN range (scn=66613453 to 66813453 with window 200000)" @service=redpanda-connect label="" path=root.input
time="2026-09-23T12:23:11+01:00" level=debug msg="LogMiner query returned no rows after 13.460333ms (scn=66613453 to 66813453)" @service=redpanda-connect label="" path=root.input
time="2026-09-23T12:23:11+01:00" level=debug msg="Collected 1 redo log file(s) for LogMiner: [ARCHIVED]" @service=redpanda-connect label="" path=root.input
time="2026-09-23T12:23:11+01:00" level=debug msg="Started LogMiner session from SCN 66813453 to SCN 67013453" @service=redpanda-connect label="" path=root.input
time="2026-09-23T12:23:11+01:00" level=debug msg="Executing LogMiner query with SCN range (scn=66813453 to 67013453 with window 200000)" @service=redpanda-connect label="" path=root.input
time="2026-09-23T12:23:11+01:00" level=debug msg="LogMiner query returned no rows after 13.483417ms (scn=66813453 to 67013453)" @service=redpanda-connect label="" path=root.input
time="2026-09-23T12:23:11+01:00" level=debug msg="Collected 1 redo log file(s) for LogMiner: [ARCHIVED]" @service=redpanda-connect label="" path=root.input
time="2026-09-23T12:23:11+01:00" level=debug msg="Started LogMiner session from SCN 67013453 to SCN 67213453" @service=redpanda-connect label="" path=root.input
time="2026-09-23T12:23:11+01:00" level=debug msg="Executing LogMiner query with SCN range (scn=67013453 to 67213453 with window 200000)" @service=redpanda-connect label="" path=root.input
time="2026-09-23T12:23:11+01:00" level=debug msg="LogMiner query returned no rows after 13.353416ms (scn=67013453 to 67213453)" @service=redpanda-connect label="" path=root.input
time="2026-09-23T12:23:11+01:00" level=debug msg="Collected 1 redo log file(s) for LogMiner: [ARCHIVED]" @service=redpanda-connect label="" path=root.input
time="2026-09-23T12:23:11+01:00" level=debug msg="Started LogMiner session from SCN 67213453 to SCN 67413453" @service=redpanda-connect label="" path=root.input
time="2026-09-23T12:23:11+01:00" level=debug msg="Executing LogMiner query with SCN range (scn=67213453 to 67413453 with window 200000)" @service=redpanda-connect label="" path=root.input
time="2026-09-23T12:23:11+01:00" level=debug msg="LogMiner query returned no rows after 14.096ms (scn=67213453 to 67413453)" @service=redpanda-connect label="" path=root.input
time="2026-09-23T12:23:11+01:00" level=debug msg="Collected 1 redo log file(s) for LogMiner: [ARCHIVED]" @service=redpanda-connect label="" path=root.input
time="2026-09-23T12:23:11+01:00" level=debug msg="Started LogMiner session from SCN 67413453 to SCN 67613453" @service=redpanda-connect label="" path=root.input
time="2026-09-23T12:23:11+01:00" level=debug msg="Executing LogMiner query with SCN range (scn=67413453 to 67613453 with window 200000)" @service=redpanda-connect label="" path=root.input
time="2026-09-23T12:23:11+01:00" level=debug msg="LogMiner query returned no rows after 12.593792ms (scn=67413453 to 67613453)" @service=redpanda-connect label="" path=root.input
time="2026-09-23T12:23:11+01:00" level=debug msg="Collected 1 redo log file(s) for LogMiner: [ARCHIVED]" @service=redpanda-connect label="" path=root.input
time="2026-09-23T12:23:11+01:00" level=debug msg="Started LogMiner session from SCN 67613453 to SCN 67813453" @service=redpanda-connect label="" path=root.input
time="2026-09-23T12:23:11+01:00" level=debug msg="Executing LogMiner query with SCN range (scn=67613453 to 67813453 with window 200000)" @service=redpanda-connect label="" path=root.input
time="2026-09-23T12:23:11+01:00" level=debug msg="LogMiner query returned no rows after 12.982208ms (scn=67613453 to 67813453)" @service=redpanda-connect label="" path=root.input
time="2026-09-23T12:23:12+01:00" level=debug msg="Collected 1 redo log file(s) for LogMiner: [ARCHIVED]" @service=redpanda-connect label="" path=root.input
time="2026-09-23T12:23:12+01:00" level=debug msg="Started LogMiner session from SCN 67813453 to SCN 68013453" @service=redpanda-connect label="" path=root.input
time="2026-09-23T12:23:12+01:00" level=debug msg="Executing LogMiner query with SCN range (scn=67813453 to 68013453 with window 200000)" @service=redpanda-connect label="" path=root.input
time="2026-09-23T12:23:12+01:00" level=debug msg="LogMiner query returned no rows after 12.726916ms (scn=67813453 to 68013453)" @service=redpanda-connect label="" path=root.input
time="2026-09-23T12:23:12+01:00" level=debug msg="Collected 1 redo log file(s) for LogMiner: [ARCHIVED]" @service=redpanda-connect label="" path=root.input
time="2026-09-23T12:23:12+01:00" level=debug msg="Started LogMiner session from SCN 68013453 to SCN 68213453" @service=redpanda-connect label="" path=root.input
time="2026-09-23T12:23:12+01:00" level=debug msg="Executing LogMiner query with SCN range (scn=68013453 to 68213453 with window 200000)" @service=redpanda-connect label="" path=root.input
time="2026-09-23T12:23:12+01:00" level=debug msg="LogMiner query returned no rows after 13.146334ms (scn=68013453 to 68213453)" @service=redpanda-connect label="" path=root.input
time="2026-09-23T12:23:12+01:00" level=debug msg="Collected 1 redo log file(s) for LogMiner: [ARCHIVED]" @service=redpanda-connect label="" path=root.input
time="2026-09-23T12:23:12+01:00" level=debug msg="Started LogMiner session from SCN 68213453 to SCN 68413453" @service=redpanda-connect label="" path=root.input
time="2026-09-23T12:23:12+01:00" level=debug msg="Executing LogMiner query with SCN range (scn=68213453 to 68413453 with window 200000)" @service=redpanda-connect label="" path=root.input
time="2026-09-23T12:23:12+01:00" level=debug msg="LogMiner query returned no rows after 13.191167ms (scn=68213453 to 68413453)" @service=redpanda-connect label="" path=root.input
time="2026-09-23T12:23:12+01:00" level=debug msg="Collected 1 redo log file(s) for LogMiner: [ARCHIVED]" @service=redpanda-connect label="" path=root.input
time="2026-09-23T12:23:12+01:00" level=debug msg="Started LogMiner session from SCN 68413453 to SCN 68613453" @service=redpanda-connect label="" path=root.input
time="2026-09-23T12:23:12+01:00" level=debug msg="Executing LogMiner query with SCN range (scn=68413453 to 68613453 with window 200000)" @service=redpanda-connect label="" path=root.input
time="2026-09-23T12:23:12+01:00" level=debug msg="LogMiner query returned no rows after 11.766833ms (scn=68413453 to 68613453)" @service=redpanda-connect label="" path=root.input
time="2026-09-23T12:23:12+01:00" level=debug msg="Collected 1 redo log file(s) for LogMiner: [ARCHIVED]" @service=redpanda-connect label="" path=root.input
time="2026-09-23T12:23:12+01:00" level=debug msg="Started LogMiner session from SCN 68613453 to SCN 68813453" @service=redpanda-connect label="" path=root.input
time="2026-09-23T12:23:12+01:00" level=debug msg="Executing LogMiner query with SCN range (scn=68613453 to 68813453 with window 200000)" @service=redpanda-connect label="" path=root.input
time="2026-09-23T12:23:12+01:00" level=debug msg="LogMiner query returned no rows after 14.521125ms (scn=68613453 to 68813453)" @service=redpanda-connect label="" path=root.input
time="2026-09-23T12:23:12+01:00" level=debug msg="Collected 1 redo log file(s) for LogMiner: [ARCHIVED]" @service=redpanda-connect label="" path=root.input
time="2026-09-23T12:23:12+01:00" level=debug msg="Started LogMiner session from SCN 68813453 to SCN 69013453" @service=redpanda-connect label="" path=root.input
time="2026-09-23T12:23:12+01:00" level=debug msg="Executing LogMiner query with SCN range (scn=68813453 to 69013453 with window 200000)" @service=redpanda-connect label="" path=root.input
time="2026-09-23T12:23:12+01:00" level=debug msg="LogMiner query returned no rows after 10.72175ms (scn=68813453 to 69013453)" @service=redpanda-connect label="" path=root.input
time="2026-09-23T12:23:12+01:00" level=debug msg="Collected 1 redo log file(s) for LogMiner: [ARCHIVED]" @service=redpanda-connect label="" path=root.input
time="2026-09-23T12:23:12+01:00" level=debug msg="Started LogMiner session from SCN 69013453 to SCN 69213453" @service=redpanda-connect label="" path=root.input
time="2026-09-23T12:23:12+01:00" level=debug msg="Executing LogMiner query with SCN range (scn=69013453 to 69213453 with window 200000)" @service=redpanda-connect label="" path=root.input
time="2026-09-23T12:23:12+01:00" level=debug msg="LogMiner query returned no rows after 11.505167ms (scn=69013453 to 69213453)" @service=redpanda-connect label="" path=root.input
time="2026-09-23T12:23:13+01:00" level=debug msg="Collected 1 redo log file(s) for LogMiner: [ARCHIVED]" @service=redpanda-connect label="" path=root.input
time="2026-09-23T12:23:13+01:00" level=debug msg="Started LogMiner session from SCN 69213453 to SCN 69413453" @service=redpanda-connect label="" path=root.input
time="2026-09-23T12:23:13+01:00" level=debug msg="Executing LogMiner query with SCN range (scn=69213453 to 69413453 with window 200000)" @service=redpanda-connect label="" path=root.input
time="2026-09-23T12:23:13+01:00" level=debug msg="LogMiner query returned no rows after 13.702833ms (scn=69213453 to 69413453)" @service=redpanda-connect label="" path=root.input
time="2026-09-23T12:23:13+01:00" level=debug msg="Collected 1 redo log file(s) for LogMiner: [ARCHIVED]" @service=redpanda-connect label="" path=root.input
time="2026-09-23T12:23:13+01:00" level=debug msg="Started LogMiner session from SCN 69413453 to SCN 69613453" @service=redpanda-connect label="" path=root.input
time="2026-09-23T12:23:13+01:00" level=debug msg="Executing LogMiner query with SCN range (scn=69413453 to 69613453 with window 200000)" @service=redpanda-connect label="" path=root.input
time="2026-09-23T12:23:13+01:00" level=debug msg="LogMiner query returned no rows after 8.993583ms (scn=69413453 to 69613453)" @service=redpanda-connect label="" path=root.input
time="2026-09-23T12:23:13+01:00" level=debug msg="Collected 1 redo log file(s) for LogMiner: [ARCHIVED]" @service=redpanda-connect label="" path=root.input
time="2026-09-23T12:23:13+01:00" level=debug msg="Started LogMiner session from SCN 69613453 to SCN 69813453" @service=redpanda-connect label="" path=root.input
time="2026-09-23T12:23:13+01:00" level=debug msg="Executing LogMiner query with SCN range (scn=69613453 to 69813453 with window 200000)" @service=redpanda-connect label="" path=root.input
time="2026-09-23T12:23:13+01:00" level=debug msg="LogMiner query returned no rows after 8.2ms (scn=69613453 to 69813453)" @service=redpanda-connect label="" path=root.input
time="2026-09-23T12:23:13+01:00" level=debug msg="Collected 1 redo log file(s) for LogMiner: [ARCHIVED]" @service=redpanda-connect label="" path=root.input
time="2026-09-23T12:23:13+01:00" level=debug msg="Started LogMiner session from SCN 69813453 to SCN 70013453" @service=redpanda-connect label="" path=root.input
time="2026-09-23T12:23:13+01:00" level=debug msg="Executing LogMiner query with SCN range (scn=69813453 to 70013453 with window 200000)" @service=redpanda-connect label="" path=root.input
time="2026-09-23T12:23:13+01:00" level=debug msg="LogMiner query returned no rows after 9.781ms (scn=69813453 to 70013453)" @service=redpanda-connect label="" path=root.input
time="2026-09-23T12:23:13+01:00" level=debug msg="Collected 1 redo log file(s) for LogMiner: [ARCHIVED]" @service=redpanda-connect label="" path=root.input
time="2026-09-23T12:23:13+01:00" level=debug msg="Started LogMiner session from SCN 70013453 to SCN 70213453" @service=redpanda-connect label="" path=root.input
time="2026-09-23T12:23:13+01:00" level=debug msg="Executing LogMiner query with SCN range (scn=70013453 to 70213453 with window 200000)" @service=redpanda-connect label="" path=root.input
time="2026-09-23T12:23:13+01:00" level=debug msg="LogMiner query returned no rows after 12.448417ms (scn=70013453 to 70213453)" @service=redpanda-connect label="" path=root.input
time="2026-09-23T12:23:13+01:00" level=debug msg="Collected 1 redo log file(s) for LogMiner: [ARCHIVED]" @service=redpanda-connect label="" path=root.input
time="2026-09-23T12:23:13+01:00" level=debug msg="Started LogMiner session from SCN 70213453 to SCN 70413453" @service=redpanda-connect label="" path=root.input
time="2026-09-23T12:23:13+01:00" level=debug msg="Executing LogMiner query with SCN range (scn=70213453 to 70413453 with window 200000)" @service=redpanda-connect label="" path=root.input
time="2026-09-23T12:23:13+01:00" level=debug msg="LogMiner query returned no rows after 14.629292ms (scn=70213453 to 70413453)" @service=redpanda-connect label="" path=root.input
time="2026-09-23T12:23:13+01:00" level=debug msg="Collected 1 redo log file(s) for LogMiner: [ARCHIVED]" @service=redpanda-connect label="" path=root.input
time="2026-09-23T12:23:13+01:00" level=debug msg="Started LogMiner session from SCN 70413453 to SCN 70613453" @service=redpanda-connect label="" path=root.input
time="2026-09-23T12:23:13+01:00" level=debug msg="Executing LogMiner query with SCN range (scn=70413453 to 70613453 with window 200000)" @service=redpanda-connect label="" path=root.input
time="2026-09-23T12:23:13+01:00" level=debug msg="LogMiner query returned no rows after 8.275459ms (scn=70413453 to 70613453)" @service=redpanda-connect label="" path=root.input
time="2026-09-23T12:23:14+01:00" level=debug msg="Collected 1 redo log file(s) for LogMiner: [ARCHIVED]" @service=redpanda-connect label="" path=root.input
time="2026-09-23T12:23:14+01:00" level=debug msg="Started LogMiner session from SCN 70613453 to SCN 70813453" @service=redpanda-connect label="" path=root.input
time="2026-09-23T12:23:14+01:00" level=debug msg="Executing LogMiner query with SCN range (scn=70613453 to 70813453 with window 200000)" @service=redpanda-connect label="" path=root.input
time="2026-09-23T12:23:14+01:00" level=debug msg="LogMiner query returned no rows after 11.892333ms (scn=70613453 to 70813453)" @service=redpanda-connect label="" path=root.input
time="2026-09-23T12:23:14+01:00" level=debug msg="Collected 1 redo log file(s) for LogMiner: [ARCHIVED]" @service=redpanda-connect label="" path=root.input
time="2026-09-23T12:23:14+01:00" level=debug msg="Started LogMiner session from SCN 70813453 to SCN 71013453" @service=redpanda-connect label="" path=root.input
time="2026-09-23T12:23:14+01:00" level=debug msg="Executing LogMiner query with SCN range (scn=70813453 to 71013453 with window 200000)" @service=redpanda-connect label="" path=root.input
time="2026-09-23T12:23:14+01:00" level=debug msg="LogMiner query returned no rows after 12.636708ms (scn=70813453 to 71013453)" @service=redpanda-connect label="" path=root.input
time="2026-09-23T12:23:14+01:00" level=debug msg="Collected 1 redo log file(s) for LogMiner: [ARCHIVED]" @service=redpanda-connect label="" path=root.input
time="2026-09-23T12:23:14+01:00" level=debug msg="Started LogMiner session from SCN 71013453 to SCN 71213453" @service=redpanda-connect label="" path=root.input
time="2026-09-23T12:23:14+01:00" level=debug msg="Executing LogMiner query with SCN range (scn=71013453 to 71213453 with window 200000)" @service=redpanda-connect label="" path=root.input
time="2026-09-23T12:23:14+01:00" level=debug msg="LogMiner query returned no rows after 8.593666ms (scn=71013453 to 71213453)" @service=redpanda-connect label="" path=root.input
time="2026-09-23T12:23:14+01:00" level=debug msg="Collected 1 redo log file(s) for LogMiner: [ARCHIVED]" @service=redpanda-connect label="" path=root.input
time="2026-09-23T12:23:14+01:00" level=debug msg="Started LogMiner session from SCN 71213453 to SCN 71413453" @service=redpanda-connect label="" path=root.input
time="2026-09-23T12:23:14+01:00" level=debug msg="Executing LogMiner query with SCN range (scn=71213453 to 71413453 with window 200000)" @service=redpanda-connect label="" path=root.input
time="2026-09-23T12:23:14+01:00" level=debug msg="LogMiner query returned no rows after 10.083708ms (scn=71213453 to 71413453)" @service=redpanda-connect label="" path=root.input
time="2026-09-23T12:23:14+01:00" level=debug msg="Collected 1 redo log file(s) for LogMiner: [ARCHIVED]" @service=redpanda-connect label="" path=root.input
time="2026-09-23T12:23:14+01:00" level=debug msg="Started LogMiner session from SCN 71413453 to SCN 71613453" @service=redpanda-connect label="" path=root.input
time="2026-09-23T12:23:14+01:00" level=debug msg="Executing LogMiner query with SCN range (scn=71413453 to 71613453 with window 200000)" @service=redpanda-connect label="" path=root.input
time="2026-09-23T12:23:14+01:00" level=debug msg="LogMiner query returned no rows after 13.207708ms (scn=71413453 to 71613453)" @service=redpanda-connect label="" path=root.input
time="2026-09-23T12:23:14+01:00" level=debug msg="Collected 1 redo log file(s) for LogMiner: [ARCHIVED]" @service=redpanda-connect label="" path=root.input
time="2026-09-23T12:23:14+01:00" level=debug msg="Started LogMiner session from SCN 71613453 to SCN 71813453" @service=redpanda-connect label="" path=root.input
time="2026-09-23T12:23:14+01:00" level=debug msg="Executing LogMiner query with SCN range (scn=71613453 to 71813453 with window 200000)" @service=redpanda-connect label="" path=root.input
time="2026-09-23T12:23:14+01:00" level=debug msg="LogMiner query returned no rows after 10.135125ms (scn=71613453 to 71813453)" @service=redpanda-connect label="" path=root.input
time="2026-09-23T12:23:14+01:00" level=debug msg="Collected 1 redo log file(s) for LogMiner: [ARCHIVED]" @service=redpanda-connect label="" path=root.input
time="2026-09-23T12:23:14+01:00" level=debug msg="Started LogMiner session from SCN 71813453 to SCN 72013453" @service=redpanda-connect label="" path=root.input
time="2026-09-23T12:23:14+01:00" level=debug msg="Executing LogMiner query with SCN range (scn=71813453 to 72013453 with window 200000)" @service=redpanda-connect label="" path=root.input
time="2026-09-23T12:23:14+01:00" level=debug msg="LogMiner query returned no rows after 10.163042ms (scn=71813453 to 72013453)" @service=redpanda-connect label="" path=root.input
time="2026-09-23T12:23:15+01:00" level=debug msg="Collected 1 redo log file(s) for LogMiner: [ARCHIVED]" @service=redpanda-connect label="" path=root.input
time="2026-09-23T12:23:15+01:00" level=debug msg="Started LogMiner session from SCN 72013453 to SCN 72213453" @service=redpanda-connect label="" path=root.input
time="2026-09-23T12:23:15+01:00" level=debug msg="Executing LogMiner query with SCN range (scn=72013453 to 72213453 with window 200000)" @service=redpanda-connect label="" path=root.input
time="2026-09-23T12:23:15+01:00" level=debug msg="LogMiner query returned no rows after 9.624917ms (scn=72013453 to 72213453)" @service=redpanda-connect label="" path=root.input
time="2026-09-23T12:23:15+01:00" level=debug msg="Collected 1 redo log file(s) for LogMiner: [ARCHIVED]" @service=redpanda-connect label="" path=root.input
time="2026-09-23T12:23:15+01:00" level=debug msg="Started LogMiner session from SCN 72213453 to SCN 72413453" @service=redpanda-connect label="" path=root.input
time="2026-09-23T12:23:15+01:00" level=debug msg="Executing LogMiner query with SCN range (scn=72213453 to 72413453 with window 200000)" @service=redpanda-connect label="" path=root.input
time="2026-09-23T12:23:15+01:00" level=debug msg="LogMiner query returned no rows after 10.247417ms (scn=72213453 to 72413453)" @service=redpanda-connect label="" path=root.input
time="2026-09-23T12:23:15+01:00" level=debug msg="Collected 1 redo log file(s) for LogMiner: [ARCHIVED]" @service=redpanda-connect label="" path=root.input
time="2026-09-23T12:23:15+01:00" level=debug msg="Started LogMiner session from SCN 72413453 to SCN 72613453" @service=redpanda-connect label="" path=root.input
time="2026-09-23T12:23:15+01:00" level=debug msg="Executing LogMiner query with SCN range (scn=72413453 to 72613453 with window 200000)" @service=redpanda-connect label="" path=root.input
time="2026-09-23T12:23:15+01:00" level=debug msg="LogMiner query returned no rows after 13.703542ms (scn=72413453 to 72613453)" @service=redpanda-connect label="" path=root.input
time="2026-09-23T12:23:15+01:00" level=debug msg="Collected 1 redo log file(s) for LogMiner: [ARCHIVED]" @service=redpanda-connect label="" path=root.input
time="2026-09-23T12:23:15+01:00" level=debug msg="Started LogMiner session from SCN 72613453 to SCN 72813453" @service=redpanda-connect label="" path=root.input
time="2026-09-23T12:23:15+01:00" level=debug msg="Executing LogMiner query with SCN range (scn=72613453 to 72813453 with window 200000)" @service=redpanda-connect label="" path=root.input
time="2026-09-23T12:23:15+01:00" level=debug msg="LogMiner query returned no rows after 13.819083ms (scn=72613453 to 72813453)" @service=redpanda-connect label="" path=root.input
time="2026-09-23T12:23:15+01:00" level=debug msg="Collected 1 redo log file(s) for LogMiner: [ARCHIVED]" @service=redpanda-connect label="" path=root.input
time="2026-09-23T12:23:15+01:00" level=debug msg="Started LogMiner session from SCN 72813453 to SCN 73013453" @service=redpanda-connect label="" path=root.input
time="2026-09-23T12:23:15+01:00" level=debug msg="Executing LogMiner query with SCN range (scn=72813453 to 73013453 with window 200000)" @service=redpanda-connect label="" path=root.input
time="2026-09-23T12:23:15+01:00" level=debug msg="LogMiner query returned no rows after 13.564625ms (scn=72813453 to 73013453)" @service=redpanda-connect label="" path=root.input
time="2026-09-23T12:23:15+01:00" level=debug msg="Collected 1 redo log file(s) for LogMiner: [ARCHIVED]" @service=redpanda-connect label="" path=root.input
time="2026-09-23T12:23:15+01:00" level=debug msg="Started LogMiner session from SCN 73013453 to SCN 73213453" @service=redpanda-connect label="" path=root.input
time="2026-09-23T12:23:15+01:00" level=debug msg="Executing LogMiner query with SCN range (scn=73013453 to 73213453 with window 200000)" @service=redpanda-connect label="" path=root.input
time="2026-09-23T12:23:15+01:00" level=debug msg="LogMiner query returned no rows after 13.807208ms (scn=73013453 to 73213453)" @service=redpanda-connect label="" path=root.input
time="2026-09-23T12:23:15+01:00" level=debug msg="Collected 1 redo log file(s) for LogMiner: [ARCHIVED]" @service=redpanda-connect label="" path=root.input
time="2026-09-23T12:23:15+01:00" level=debug msg="Started LogMiner session from SCN 73213453 to SCN 73413453" @service=redpanda-connect label="" path=root.input
time="2026-09-23T12:23:15+01:00" level=debug msg="Executing LogMiner query with SCN range (scn=73213453 to 73413453 with window 200000)" @service=redpanda-connect label="" path=root.input
time="2026-09-23T12:23:15+01:00" level=debug msg="LogMiner query returned no rows after 13.594917ms (scn=73213453 to 73413453)" @service=redpanda-connect label="" path=root.input
time="2026-09-23T12:23:15+01:00" level=debug msg="Collected 1 redo log file(s) for LogMiner: [ARCHIVED]" @service=redpanda-connect label="" path=root.input
time="2026-09-23T12:23:16+01:00" level=debug msg="Started LogMiner session from SCN 73413453 to SCN 73613453" @service=redpanda-connect label="" path=root.input
time="2026-09-23T12:23:16+01:00" level=debug msg="Executing LogMiner query with SCN range (scn=73413453 to 73613453 with window 200000)" @service=redpanda-connect label="" path=root.input
time="2026-09-23T12:23:16+01:00" level=debug msg="LogMiner query returned no rows after 14.068667ms (scn=73413453 to 73613453)" @service=redpanda-connect label="" path=root.input
time="2026-09-23T12:23:16+01:00" level=debug msg="Collected 1 redo log file(s) for LogMiner: [ARCHIVED]" @service=redpanda-connect label="" path=root.input
time="2026-09-23T12:23:16+01:00" level=debug msg="Started LogMiner session from SCN 73613453 to SCN 73813453" @service=redpanda-connect label="" path=root.input
time="2026-09-23T12:23:16+01:00" level=debug msg="Executing LogMiner query with SCN range (scn=73613453 to 73813453 with window 200000)" @service=redpanda-connect label="" path=root.input
time="2026-09-23T12:23:16+01:00" level=debug msg="LogMiner query returned no rows after 11.866542ms (scn=73613453 to 73813453)" @service=redpanda-connect label="" path=root.input
time="2026-09-23T12:23:16+01:00" level=debug msg="Collected 1 redo log file(s) for LogMiner: [ARCHIVED]" @service=redpanda-connect label="" path=root.input
time="2026-09-23T12:23:16+01:00" level=debug msg="Started LogMiner session from SCN 73813453 to SCN 74013453" @service=redpanda-connect label="" path=root.input
time="2026-09-23T12:23:16+01:00" level=debug msg="Executing LogMiner query with SCN range (scn=73813453 to 74013453 with window 200000)" @service=redpanda-connect label="" path=root.input
time="2026-09-23T12:23:16+01:00" level=debug msg="LogMiner query returned no rows after 12.157083ms (scn=73813453 to 74013453)" @service=redpanda-connect label="" path=root.input
time="2026-09-23T12:23:16+01:00" level=debug msg="Collected 1 redo log file(s) for LogMiner: [ARCHIVED]" @service=redpanda-connect label="" path=root.input
time="2026-09-23T12:23:16+01:00" level=debug msg="Started LogMiner session from SCN 74013453 to SCN 74213453" @service=redpanda-connect label="" path=root.input
time="2026-09-23T12:23:16+01:00" level=debug msg="Executing LogMiner query with SCN range (scn=74013453 to 74213453 with window 200000)" @service=redpanda-connect label="" path=root.input
time="2026-09-23T12:23:16+01:00" level=debug msg="LogMiner query returned no rows after 12.43575ms (scn=74013453 to 74213453)" @service=redpanda-connect label="" path=root.input
time="2026-09-23T12:23:16+01:00" level=debug msg="Collected 1 redo log file(s) for LogMiner: [ARCHIVED]" @service=redpanda-connect label="" path=root.input
time="2026-09-23T12:23:16+01:00" level=debug msg="Started LogMiner session from SCN 74213453 to SCN 74413453" @service=redpanda-connect label="" path=root.input
time="2026-09-23T12:23:16+01:00" level=debug msg="Executing LogMiner query with SCN range (scn=74213453 to 74413453 with window 200000)" @service=redpanda-connect label="" path=root.input
time="2026-09-23T12:23:16+01:00" level=debug msg="LogMiner query returned no rows after 12.385ms (scn=74213453 to 74413453)" @service=redpanda-connect label="" path=root.input
time="2026-09-23T12:23:16+01:00" level=debug msg="Collected 1 redo log file(s) for LogMiner: [ARCHIVED]" @service=redpanda-connect label="" path=root.input
time="2026-09-23T12:23:16+01:00" level=debug msg="Started LogMiner session from SCN 74413453 to SCN 74613453" @service=redpanda-connect label="" path=root.input
time="2026-09-23T12:23:16+01:00" level=debug msg="Executing LogMiner query with SCN range (scn=74413453 to 74613453 with window 200000)" @service=redpanda-connect label="" path=root.input
time="2026-09-23T12:23:16+01:00" level=debug msg="LogMiner query returned no rows after 12.906ms (scn=74413453 to 74613453)" @service=redpanda-connect label="" path=root.input
time="2026-09-23T12:23:16+01:00" level=debug msg="Collected 1 redo log file(s) for LogMiner: [ARCHIVED]" @service=redpanda-connect label="" path=root.input
time="2026-09-23T12:23:16+01:00" level=debug msg="Started LogMiner session from SCN 74613453 to SCN 74813453" @service=redpanda-connect label="" path=root.input
time="2026-09-23T12:23:16+01:00" level=debug msg="Executing LogMiner query with SCN range (scn=74613453 to 74813453 with window 200000)" @service=redpanda-connect label="" path=root.input
time="2026-09-23T12:23:16+01:00" level=debug msg="LogMiner query returned no rows after 11.905042ms (scn=74613453 to 74813453)" @service=redpanda-connect label="" path=root.input
time="2026-09-23T12:23:16+01:00" level=debug msg="Collected 1 redo log file(s) for LogMiner: [ARCHIVED]" @service=redpanda-connect label="" path=root.input
time="2026-09-23T12:23:16+01:00" level=debug msg="Started LogMiner session from SCN 74813453 to SCN 75013453" @service=redpanda-connect label="" path=root.input
time="2026-09-23T12:23:16+01:00" level=debug msg="Executing LogMiner query with SCN range (scn=74813453 to 75013453 with window 200000)" @service=redpanda-connect label="" path=root.input
time="2026-09-23T12:23:16+01:00" level=debug msg="LogMiner query returned no rows after 12.6455ms (scn=74813453 to 75013453)" @service=redpanda-connect label="" path=root.input
time="2026-09-23T12:23:17+01:00" level=debug msg="Collected 1 redo log file(s) for LogMiner: [ARCHIVED]" @service=redpanda-connect label="" path=root.input
time="2026-09-23T12:23:17+01:00" level=debug msg="Started LogMiner session from SCN 75013453 to SCN 75213453" @service=redpanda-connect label="" path=root.input
time="2026-09-23T12:23:17+01:00" level=debug msg="Executing LogMiner query with SCN range (scn=75013453 to 75213453 with window 200000)" @service=redpanda-connect label="" path=root.input
time="2026-09-23T12:23:17+01:00" level=debug msg="LogMiner query returned no rows after 12.060959ms (scn=75013453 to 75213453)" @service=redpanda-connect label="" path=root.input
time="2026-09-23T12:23:17+01:00" level=debug msg="Collected 1 redo log file(s) for LogMiner: [ARCHIVED]" @service=redpanda-connect label="" path=root.input
time="2026-09-23T12:23:17+01:00" level=debug msg="Started LogMiner session from SCN 75213453 to SCN 75413453" @service=redpanda-connect label="" path=root.input
time="2026-09-23T12:23:17+01:00" level=debug msg="Executing LogMiner query with SCN range (scn=75213453 to 75413453 with window 200000)" @service=redpanda-connect label="" path=root.input
time="2026-09-23T12:23:17+01:00" level=debug msg="LogMiner query returned no rows after 12.39725ms (scn=75213453 to 75413453)" @service=redpanda-connect label="" path=root.input
time="2026-09-23T12:23:17+01:00" level=debug msg="Collected 1 redo log file(s) for LogMiner: [ARCHIVED]" @service=redpanda-connect label="" path=root.input
time="2026-09-23T12:23:17+01:00" level=debug msg="Started LogMiner session from SCN 75413453 to SCN 75613453" @service=redpanda-connect label="" path=root.input
time="2026-09-23T12:23:17+01:00" level=debug msg="Executing LogMiner query with SCN range (scn=75413453 to 75613453 with window 200000)" @service=redpanda-connect label="" path=root.input
time="2026-09-23T12:23:17+01:00" level=debug msg="LogMiner query returned no rows after 11.314333ms (scn=75413453 to 75613453)" @service=redpanda-connect label="" path=root.input
time="2026-09-23T12:23:17+01:00" level=debug msg="Collected 1 redo log file(s) for LogMiner: [ARCHIVED]" @service=redpanda-connect label="" path=root.input
time="2026-09-23T12:23:17+01:00" level=debug msg="Started LogMiner session from SCN 75613453 to SCN 75813453" @service=redpanda-connect label="" path=root.input
time="2026-09-23T12:23:17+01:00" level=debug msg="Executing LogMiner query with SCN range (scn=75613453 to 75813453 with window 200000)" @service=redpanda-connect label="" path=root.input
time="2026-09-23T12:23:17+01:00" level=debug msg="LogMiner query returned no rows after 13.218792ms (scn=75613453 to 75813453)" @service=redpanda-connect label="" path=root.input
time="2026-09-23T12:23:17+01:00" level=debug msg="Collected 1 redo log file(s) for LogMiner: [ARCHIVED]" @service=redpanda-connect label="" path=root.input
time="2026-09-23T12:23:17+01:00" level=debug msg="Started LogMiner session from SCN 75813453 to SCN 76013453" @service=redpanda-connect label="" path=root.input
time="2026-09-23T12:23:17+01:00" level=debug msg="Executing LogMiner query with SCN range (scn=75813453 to 76013453 with window 200000)" @service=redpanda-connect label="" path=root.input
time="2026-09-23T12:23:17+01:00" level=debug msg="LogMiner query returned no rows after 11.424875ms (scn=75813453 to 76013453)" @service=redpanda-connect label="" path=root.input
time="2026-09-23T12:23:17+01:00" level=debug msg="Collected 1 redo log file(s) for LogMiner: [ARCHIVED]" @service=redpanda-connect label="" path=root.input
time="2026-09-23T12:23:17+01:00" level=debug msg="Started LogMiner session from SCN 76013453 to SCN 76213453" @service=redpanda-connect label="" path=root.input
time="2026-09-23T12:23:17+01:00" level=debug msg="Executing LogMiner query with SCN range (scn=76013453 to 76213453 with window 200000)" @service=redpanda-connect label="" path=root.input
time="2026-09-23T12:23:17+01:00" level=debug msg="LogMiner query returned no rows after 7.6695ms (scn=76013453 to 76213453)" @service=redpanda-connect label="" path=root.input
time="2026-09-23T12:23:17+01:00" level=debug msg="Collected 1 redo log file(s) for LogMiner: [ARCHIVED]" @service=redpanda-connect label="" path=root.input
time="2026-09-23T12:23:17+01:00" level=debug msg="Started LogMiner session from SCN 76213453 to SCN 76413453" @service=redpanda-connect label="" path=root.input
time="2026-09-23T12:23:17+01:00" level=debug msg="Executing LogMiner query with SCN range (scn=76213453 to 76413453 with window 200000)" @service=redpanda-connect label="" path=root.input
time="2026-09-23T12:23:17+01:00" level=debug msg="LogMiner query returned no rows after 11.162375ms (scn=76213453 to 76413453)" @service=redpanda-connect label="" path=root.input
time="2026-09-23T12:23:18+01:00" level=debug msg="Collected 1 redo log file(s) for LogMiner: [ARCHIVED]" @service=redpanda-connect label="" path=root.input
time="2026-09-23T12:23:18+01:00" level=debug msg="Started LogMiner session from SCN 76413453 to SCN 76613453" @service=redpanda-connect label="" path=root.input
time="2026-09-23T12:23:18+01:00" level=debug msg="Executing LogMiner query with SCN range (scn=76413453 to 76613453 with window 200000)" @service=redpanda-connect label="" path=root.input
time="2026-09-23T12:23:18+01:00" level=debug msg="LogMiner query returned no rows after 12.57ms (scn=76413453 to 76613453)" @service=redpanda-connect label="" path=root.input
time="2026-09-23T12:23:18+01:00" level=debug msg="Collected 1 redo log file(s) for LogMiner: [ARCHIVED]" @service=redpanda-connect label="" path=root.input
time="2026-09-23T12:23:18+01:00" level=debug msg="Started LogMiner session from SCN 76613453 to SCN 76813453" @service=redpanda-connect label="" path=root.input
time="2026-09-23T12:23:18+01:00" level=debug msg="Executing LogMiner query with SCN range (scn=76613453 to 76813453 with window 200000)" @service=redpanda-connect label="" path=root.input
time="2026-09-23T12:23:18+01:00" level=debug msg="LogMiner query returned no rows after 13.375584ms (scn=76613453 to 76813453)" @service=redpanda-connect label="" path=root.input
time="2026-09-23T12:23:18+01:00" level=debug msg="Collected 1 redo log file(s) for LogMiner: [ARCHIVED]" @service=redpanda-connect label="" path=root.input
time="2026-09-23T12:23:18+01:00" level=debug msg="Started LogMiner session from SCN 76813453 to SCN 77013453" @service=redpanda-connect label="" path=root.input
time="2026-09-23T12:23:18+01:00" level=debug msg="Executing LogMiner query with SCN range (scn=76813453 to 77013453 with window 200000)" @service=redpanda-connect label="" path=root.input
time="2026-09-23T12:23:18+01:00" level=debug msg="LogMiner query returned no rows after 13.689667ms (scn=76813453 to 77013453)" @service=redpanda-connect label="" path=root.input
time="2026-09-23T12:23:18+01:00" level=debug msg="Collected 1 redo log file(s) for LogMiner: [ARCHIVED]" @service=redpanda-connect label="" path=root.input
time="2026-09-23T12:23:18+01:00" level=debug msg="Started LogMiner session from SCN 77013453 to SCN 77213453" @service=redpanda-connect label="" path=root.input
time="2026-09-23T12:23:18+01:00" level=debug msg="Executing LogMiner query with SCN range (scn=77013453 to 77213453 with window 200000)" @service=redpanda-connect label="" path=root.input
time="2026-09-23T12:23:18+01:00" level=debug msg="LogMiner query returned no rows after 12.696833ms (scn=77013453 to 77213453)" @service=redpanda-connect label="" path=root.input
time="2026-09-23T12:23:18+01:00" level=debug msg="Collected 1 redo log file(s) for LogMiner: [ARCHIVED]" @service=redpanda-connect label="" path=root.input
time="2026-09-23T12:23:18+01:00" level=debug msg="Started LogMiner session from SCN 77213453 to SCN 77413453" @service=redpanda-connect label="" path=root.input
time="2026-09-23T12:23:18+01:00" level=debug msg="Executing LogMiner query with SCN range (scn=77213453 to 77413453 with window 200000)" @service=redpanda-connect label="" path=root.input
time="2026-09-23T12:23:18+01:00" level=debug msg="LogMiner query returned no rows after 12.102542ms (scn=77213453 to 77413453)" @service=redpanda-connect label="" path=root.input
time="2026-09-23T12:23:18+01:00" level=debug msg="Collected 1 redo log file(s) for LogMiner: [ARCHIVED]" @service=redpanda-connect label="" path=root.input
time="2026-09-23T12:23:18+01:00" level=debug msg="Started LogMiner session from SCN 77413453 to SCN 77613453" @service=redpanda-connect label="" path=root.input
time="2026-09-23T12:23:18+01:00" level=debug msg="Executing LogMiner query with SCN range (scn=77413453 to 77613453 with window 200000)" @service=redpanda-connect label="" path=root.input
time="2026-09-23T12:23:18+01:00" level=debug msg="LogMiner query returned no rows after 12.962958ms (scn=77413453 to 77613453)" @service=redpanda-connect label="" path=root.input
time="2026-09-23T12:23:18+01:00" level=debug msg="Collected 1 redo log file(s) for LogMiner: [ARCHIVED]" @service=redpanda-connect label="" path=root.input
time="2026-09-23T12:23:18+01:00" level=debug msg="Started LogMiner session from SCN 77613453 to SCN 77813453" @service=redpanda-connect label="" path=root.input
time="2026-09-23T12:23:18+01:00" level=debug msg="Executing LogMiner query with SCN range (scn=77613453 to 77813453 with window 200000)" @service=redpanda-connect label="" path=root.input
time="2026-09-23T12:23:18+01:00" level=debug msg="LogMiner query returned no rows after 8.916833ms (scn=77613453 to 77813453)" @service=redpanda-connect label="" path=root.input
time="2026-09-23T12:23:19+01:00" level=debug msg="Collected 1 redo log file(s) for LogMiner: [ARCHIVED]" @service=redpanda-connect label="" path=root.input
time="2026-09-23T12:23:19+01:00" level=debug msg="Started LogMiner session from SCN 77813453 to SCN 78013453" @service=redpanda-connect label="" path=root.input
time="2026-09-23T12:23:19+01:00" level=debug msg="Executing LogMiner query with SCN range (scn=77813453 to 78013453 with window 200000)" @service=redpanda-connect label="" path=root.input
time="2026-09-23T12:23:19+01:00" level=debug msg="LogMiner query returned no rows after 11.387416ms (scn=77813453 to 78013453)" @service=redpanda-connect label="" path=root.input
time="2026-09-23T12:23:19+01:00" level=debug msg="Collected 1 redo log file(s) for LogMiner: [ARCHIVED]" @service=redpanda-connect label="" path=root.input
time="2026-09-23T12:23:19+01:00" level=debug msg="Started LogMiner session from SCN 78013453 to SCN 78213453" @service=redpanda-connect label="" path=root.input
time="2026-09-23T12:23:19+01:00" level=debug msg="Executing LogMiner query with SCN range (scn=78013453 to 78213453 with window 200000)" @service=redpanda-connect label="" path=root.input
time="2026-09-23T12:23:19+01:00" level=debug msg="LogMiner query returned no rows after 12.683166ms (scn=78013453 to 78213453)" @service=redpanda-connect label="" path=root.input
time="2026-09-23T12:23:19+01:00" level=debug msg="Collected 1 redo log file(s) for LogMiner: [ARCHIVED]" @service=redpanda-connect label="" path=root.input
time="2026-09-23T12:23:19+01:00" level=debug msg="Started LogMiner session from SCN 78213453 to SCN 78413453" @service=redpanda-connect label="" path=root.input
time="2026-09-23T12:23:19+01:00" level=debug msg="Executing LogMiner query with SCN range (scn=78213453 to 78413453 with window 200000)" @service=redpanda-connect label="" path=root.input
time="2026-09-23T12:23:19+01:00" level=debug msg="LogMiner query returned no rows after 12.447791ms (scn=78213453 to 78413453)" @service=redpanda-connect label="" path=root.input
time="2026-09-23T12:23:19+01:00" level=debug msg="Collected 1 redo log file(s) for LogMiner: [ARCHIVED]" @service=redpanda-connect label="" path=root.input
time="2026-09-23T12:23:19+01:00" level=debug msg="Started LogMiner session from SCN 78413453 to SCN 78613453" @service=redpanda-connect label="" path=root.input
time="2026-09-23T12:23:19+01:00" level=debug msg="Executing LogMiner query with SCN range (scn=78413453 to 78613453 with window 200000)" @service=redpanda-connect label="" path=root.input
time="2026-09-23T12:23:19+01:00" level=debug msg="LogMiner query returned no rows after 12.560625ms (scn=78413453 to 78613453)" @service=redpanda-connect label="" path=root.input
time="2026-09-23T12:23:19+01:00" level=debug msg="Collected 1 redo log file(s) for LogMiner: [ARCHIVED]" @service=redpanda-connect label="" path=root.input
time="2026-09-23T12:23:19+01:00" level=debug msg="Started LogMiner session from SCN 78613453 to SCN 78813453" @service=redpanda-connect label="" path=root.input
time="2026-09-23T12:23:19+01:00" level=debug msg="Executing LogMiner query with SCN range (scn=78613453 to 78813453 with window 200000)" @service=redpanda-connect label="" path=root.input
time="2026-09-23T12:23:19+01:00" level=debug msg="LogMiner query returned no rows after 10.856583ms (scn=78613453 to 78813453)" @service=redpanda-connect label="" path=root.input
time="2026-09-23T12:23:19+01:00" level=debug msg="Collected 1 redo log file(s) for LogMiner: [ARCHIVED]" @service=redpanda-connect label="" path=root.input
time="2026-09-23T12:23:19+01:00" level=debug msg="Started LogMiner session from SCN 78813453 to SCN 79013453" @service=redpanda-connect label="" path=root.input
time="2026-09-23T12:23:19+01:00" level=debug msg="Executing LogMiner query with SCN range (scn=78813453 to 79013453 with window 200000)" @service=redpanda-connect label="" path=root.input
time="2026-09-23T12:23:19+01:00" level=debug msg="LogMiner query returned no rows after 11.441792ms (scn=78813453 to 79013453)" @service=redpanda-connect label="" path=root.input
time="2026-09-23T12:23:19+01:00" level=debug msg="Collected 1 redo log file(s) for LogMiner: [ARCHIVED]" @service=redpanda-connect label="" path=root.input
time="2026-09-23T12:23:19+01:00" level=debug msg="Started LogMiner session from SCN 79013453 to SCN 79213453" @service=redpanda-connect label="" path=root.input
time="2026-09-23T12:23:19+01:00" level=debug msg="Executing LogMiner query with SCN range (scn=79013453 to 79213453 with window 200000)" @service=redpanda-connect label="" path=root.input
time="2026-09-23T12:23:19+01:00" level=debug msg="LogMiner query returned no rows after 8.509458ms (scn=79013453 to 79213453)" @service=redpanda-connect label="" path=root.input
time="2026-09-23T12:23:20+01:00" level=debug msg="Collected 1 redo log file(s) for LogMiner: [ARCHIVED]" @service=redpanda-connect label="" path=root.input
time="2026-09-23T12:23:20+01:00" level=debug msg="Started LogMiner session from SCN 79213453 to SCN 79413453" @service=redpanda-connect label="" path=root.input
time="2026-09-23T12:23:20+01:00" level=debug msg="Executing LogMiner query with SCN range (scn=79213453 to 79413453 with window 200000)" @service=redpanda-connect label="" path=root.input
time="2026-09-23T12:23:20+01:00" level=debug msg="LogMiner query returned no rows after 11.565292ms (scn=79213453 to 79413453)" @service=redpanda-connect label="" path=root.input
time="2026-09-23T12:23:20+01:00" level=debug msg="Collected 1 redo log file(s) for LogMiner: [ARCHIVED]" @service=redpanda-connect label="" path=root.input
time="2026-09-23T12:23:20+01:00" level=debug msg="Started LogMiner session from SCN 79413453 to SCN 79613453" @service=redpanda-connect label="" path=root.input
time="2026-09-23T12:23:20+01:00" level=debug msg="Executing LogMiner query with SCN range (scn=79413453 to 79613453 with window 200000)" @service=redpanda-connect label="" path=root.input
time="2026-09-23T12:23:20+01:00" level=debug msg="LogMiner query returned no rows after 12.951625ms (scn=79413453 to 79613453)" @service=redpanda-connect label="" path=root.input
time="2026-09-23T12:23:20+01:00" level=debug msg="Collected 1 redo log file(s) for LogMiner: [ARCHIVED]" @service=redpanda-connect label="" path=root.input
time="2026-09-23T12:23:20+01:00" level=debug msg="Started LogMiner session from SCN 79613453 to SCN 79813453" @service=redpanda-connect label="" path=root.input
time="2026-09-23T12:23:20+01:00" level=debug msg="Executing LogMiner query with SCN range (scn=79613453 to 79813453 with window 200000)" @service=redpanda-connect label="" path=root.input
time="2026-09-23T12:23:20+01:00" level=debug msg="LogMiner query returned no rows after 12.308083ms (scn=79613453 to 79813453)" @service=redpanda-connect label="" path=root.input
time="2026-09-23T12:23:20+01:00" level=debug msg="Collected 1 redo log file(s) for LogMiner: [ARCHIVED]" @service=redpanda-connect label="" path=root.input
time="2026-09-23T12:23:20+01:00" level=debug msg="Started LogMiner session from SCN 79813453 to SCN 80013453" @service=redpanda-connect label="" path=root.input
time="2026-09-23T12:23:20+01:00" level=debug msg="Executing LogMiner query with SCN range (scn=79813453 to 80013453 with window 200000)" @service=redpanda-connect label="" path=root.input
time="2026-09-23T12:23:20+01:00" level=debug msg="LogMiner query returned no rows after 11.310458ms (scn=79813453 to 80013453)" @service=redpanda-connect label="" path=root.input
time="2026-09-23T12:23:20+01:00" level=debug msg="Collected 1 redo log file(s) for LogMiner: [ARCHIVED]" @service=redpanda-connect label="" path=root.input
time="2026-09-23T12:23:20+01:00" level=debug msg="Started LogMiner session from SCN 80013453 to SCN 80213453" @service=redpanda-connect label="" path=root.input
time="2026-09-23T12:23:20+01:00" level=debug msg="Executing LogMiner query with SCN range (scn=80013453 to 80213453 with window 200000)" @service=redpanda-connect label="" path=root.input
time="2026-09-23T12:23:20+01:00" level=debug msg="LogMiner query returned no rows after 11.4635ms (scn=80013453 to 80213453)" @service=redpanda-connect label="" path=root.input
time="2026-09-23T12:23:20+01:00" level=debug msg="Collected 1 redo log file(s) for LogMiner: [ARCHIVED]" @service=redpanda-connect label="" path=root.input
time="2026-09-23T12:23:20+01:00" level=debug msg="Started LogMiner session from SCN 80213453 to SCN 80413453" @service=redpanda-connect label="" path=root.input
time="2026-09-23T12:23:20+01:00" level=debug msg="Executing LogMiner query with SCN range (scn=80213453 to 80413453 with window 200000)" @service=redpanda-connect label="" path=root.input
time="2026-09-23T12:23:20+01:00" level=debug msg="LogMiner query returned no rows after 13.569042ms (scn=80213453 to 80413453)" @service=redpanda-connect label="" path=root.input
time="2026-09-23T12:23:20+01:00" level=debug msg="Collected 1 redo log file(s) for LogMiner: [ARCHIVED]" @service=redpanda-connect label="" path=root.input
time="2026-09-23T12:23:20+01:00" level=debug msg="Started LogMiner session from SCN 80413453 to SCN 80613453" @service=redpanda-connect label="" path=root.input
time="2026-09-23T12:23:20+01:00" level=debug msg="Executing LogMiner query with SCN range (scn=80413453 to 80613453 with window 200000)" @service=redpanda-connect label="" path=root.input
time="2026-09-23T12:23:20+01:00" level=debug msg="LogMiner query returned no rows after 8.382459ms (scn=80413453 to 80613453)" @service=redpanda-connect label="" path=root.input
time="2026-09-23T12:23:21+01:00" level=debug msg="Collected 1 redo log file(s) for LogMiner: [ARCHIVED]" @service=redpanda-connect label="" path=root.input
time="2026-09-23T12:23:21+01:00" level=debug msg="Started LogMiner session from SCN 80613453 to SCN 80813453" @service=redpanda-connect label="" path=root.input
time="2026-09-23T12:23:21+01:00" level=debug msg="Executing LogMiner query with SCN range (scn=80613453 to 80813453 with window 200000)" @service=redpanda-connect label="" path=root.input
time="2026-09-23T12:23:21+01:00" level=debug msg="LogMiner query returned no rows after 10.92125ms (scn=80613453 to 80813453)" @service=redpanda-connect label="" path=root.input
time="2026-09-23T12:23:21+01:00" level=debug msg="Collected 1 redo log file(s) for LogMiner: [ARCHIVED]" @service=redpanda-connect label="" path=root.input
time="2026-09-23T12:23:21+01:00" level=debug msg="Started LogMiner session from SCN 80813453 to SCN 81013453" @service=redpanda-connect label="" path=root.input
time="2026-09-23T12:23:21+01:00" level=debug msg="Executing LogMiner query with SCN range (scn=80813453 to 81013453 with window 200000)" @service=redpanda-connect label="" path=root.input
time="2026-09-23T12:23:21+01:00" level=debug msg="LogMiner query returned no rows after 12.522708ms (scn=80813453 to 81013453)" @service=redpanda-connect label="" path=root.input
time="2026-09-23T12:23:21+01:00" level=debug msg="Collected 1 redo log file(s) for LogMiner: [ARCHIVED]" @service=redpanda-connect label="" path=root.input
time="2026-09-23T12:23:21+01:00" level=debug msg="Started LogMiner session from SCN 81013453 to SCN 81213453" @service=redpanda-connect label="" path=root.input
time="2026-09-23T12:23:21+01:00" level=debug msg="Executing LogMiner query with SCN range (scn=81013453 to 81213453 with window 200000)" @service=redpanda-connect label="" path=root.input
time="2026-09-23T12:23:21+01:00" level=debug msg="LogMiner query returned no rows after 10.600125ms (scn=81013453 to 81213453)" @service=redpanda-connect label="" path=root.input
time="2026-09-23T12:23:21+01:00" level=debug msg="Collected 1 redo log file(s) for LogMiner: [ARCHIVED]" @service=redpanda-connect label="" path=root.input
time="2026-09-23T12:23:21+01:00" level=debug msg="Started LogMiner session from SCN 81213453 to SCN 81413453" @service=redpanda-connect label="" path=root.input
time="2026-09-23T12:23:21+01:00" level=debug msg="Executing LogMiner query with SCN range (scn=81213453 to 81413453 with window 200000)" @service=redpanda-connect label="" path=root.input
time="2026-09-23T12:23:21+01:00" level=debug msg="LogMiner query returned no rows after 11.497333ms (scn=81213453 to 81413453)" @service=redpanda-connect label="" path=root.input
time="2026-09-23T12:23:21+01:00" level=debug msg="Collected 1 redo log file(s) for LogMiner: [ARCHIVED]" @service=redpanda-connect label="" path=root.input
time="2026-09-23T12:23:21+01:00" level=debug msg="Started LogMiner session from SCN 81413453 to SCN 81613453" @service=redpanda-connect label="" path=root.input
time="2026-09-23T12:23:21+01:00" level=debug msg="Executing LogMiner query with SCN range (scn=81413453 to 81613453 with window 200000)" @service=redpanda-connect label="" path=root.input
time="2026-09-23T12:23:21+01:00" level=debug msg="LogMiner query returned no rows after 11.572958ms (scn=81413453 to 81613453)" @service=redpanda-connect label="" path=root.input
time="2026-09-23T12:23:21+01:00" level=debug msg="Collected 1 redo log file(s) for LogMiner: [ARCHIVED]" @service=redpanda-connect label="" path=root.input
time="2026-09-23T12:23:21+01:00" level=debug msg="Started LogMiner session from SCN 81613453 to SCN 81813453" @service=redpanda-connect label="" path=root.input
time="2026-09-23T12:23:21+01:00" level=debug msg="Executing LogMiner query with SCN range (scn=81613453 to 81813453 with window 200000)" @service=redpanda-connect label="" path=root.input
time="2026-09-23T12:23:21+01:00" level=debug msg="LogMiner query returned no rows after 8.871542ms (scn=81613453 to 81813453)" @service=redpanda-connect label="" path=root.input
time="2026-09-23T12:23:21+01:00" level=debug msg="Collected 1 redo log file(s) for LogMiner: [ARCHIVED]" @service=redpanda-connect label="" path=root.input
time="2026-09-23T12:23:21+01:00" level=debug msg="Started LogMiner session from SCN 81813453 to SCN 82013453" @service=redpanda-connect label="" path=root.input
time="2026-09-23T12:23:21+01:00" level=debug msg="Executing LogMiner query with SCN range (scn=81813453 to 82013453 with window 200000)" @service=redpanda-connect label="" path=root.input
time="2026-09-23T12:23:21+01:00" level=debug msg="LogMiner query returned no rows after 11.6395ms (scn=81813453 to 82013453)" @service=redpanda-connect label="" path=root.input
time="2026-09-23T12:23:21+01:00" level=debug msg="Collected 1 redo log file(s) for LogMiner: [ARCHIVED]" @service=redpanda-connect label="" path=root.input
time="2026-09-23T12:23:21+01:00" level=debug msg="Started LogMiner session from SCN 82013453 to SCN 82213453" @service=redpanda-connect label="" path=root.input
time="2026-09-23T12:23:21+01:00" level=debug msg="Executing LogMiner query with SCN range (scn=82013453 to 82213453 with window 200000)" @service=redpanda-connect label="" path=root.input
time="2026-09-23T12:23:22+01:00" level=debug msg="LogMiner query returned no rows after 10.563167ms (scn=82013453 to 82213453)" @service=redpanda-connect label="" path=root.input
time="2026-09-23T12:23:22+01:00" level=debug msg="Collected 1 redo log file(s) for LogMiner: [ARCHIVED]" @service=redpanda-connect label="" path=root.input
time="2026-09-23T12:23:22+01:00" level=debug msg="Started LogMiner session from SCN 82213453 to SCN 82413453" @service=redpanda-connect label="" path=root.input
time="2026-09-23T12:23:22+01:00" level=debug msg="Executing LogMiner query with SCN range (scn=82213453 to 82413453 with window 200000)" @service=redpanda-connect label="" path=root.input
time="2026-09-23T12:23:22+01:00" level=debug msg="LogMiner query returned no rows after 11.703792ms (scn=82213453 to 82413453)" @service=redpanda-connect label="" path=root.input
time="2026-09-23T12:23:22+01:00" level=debug msg="Collected 1 redo log file(s) for LogMiner: [ARCHIVED]" @service=redpanda-connect label="" path=root.input
time="2026-09-23T12:23:22+01:00" level=debug msg="Started LogMiner session from SCN 82413453 to SCN 82613453" @service=redpanda-connect label="" path=root.input
time="2026-09-23T12:23:22+01:00" level=debug msg="Executing LogMiner query with SCN range (scn=82413453 to 82613453 with window 200000)" @service=redpanda-connect label="" path=root.input
time="2026-09-23T12:23:22+01:00" level=debug msg="LogMiner query returned no rows after 12.3685ms (scn=82413453 to 82613453)" @service=redpanda-connect label="" path=root.input
time="2026-09-23T12:23:22+01:00" level=debug msg="Collected 1 redo log file(s) for LogMiner: [ARCHIVED]" @service=redpanda-connect label="" path=root.input
time="2026-09-23T12:23:22+01:00" level=debug msg="Started LogMiner session from SCN 82613453 to SCN 82813453" @service=redpanda-connect label="" path=root.input
time="2026-09-23T12:23:22+01:00" level=debug msg="Executing LogMiner query with SCN range (scn=82613453 to 82813453 with window 200000)" @service=redpanda-connect label="" path=root.input
time="2026-09-23T12:23:22+01:00" level=debug msg="LogMiner query returned no rows after 12.04825ms (scn=82613453 to 82813453)" @service=redpanda-connect label="" path=root.input
time="2026-09-23T12:23:22+01:00" level=debug msg="Collected 1 redo log file(s) for LogMiner: [ARCHIVED]" @service=redpanda-connect label="" path=root.input
time="2026-09-23T12:23:22+01:00" level=debug msg="Started LogMiner session from SCN 82813453 to SCN 83013453" @service=redpanda-connect label="" path=root.input
time="2026-09-23T12:23:22+01:00" level=debug msg="Executing LogMiner query with SCN range (scn=82813453 to 83013453 with window 200000)" @service=redpanda-connect label="" path=root.input
time="2026-09-23T12:23:22+01:00" level=debug msg="LogMiner query returned no rows after 14.065291ms (scn=82813453 to 83013453)" @service=redpanda-connect label="" path=root.input
time="2026-09-23T12:23:22+01:00" level=debug msg="Collected 1 redo log file(s) for LogMiner: [ARCHIVED]" @service=redpanda-connect label="" path=root.input
time="2026-09-23T12:23:22+01:00" level=debug msg="Started LogMiner session from SCN 83013453 to SCN 83213453" @service=redpanda-connect label="" path=root.input
time="2026-09-23T12:23:22+01:00" level=debug msg="Executing LogMiner query with SCN range (scn=83013453 to 83213453 with window 200000)" @service=redpanda-connect label="" path=root.input
time="2026-09-23T12:23:22+01:00" level=debug msg="LogMiner query returned no rows after 11.966666ms (scn=83013453 to 83213453)" @service=redpanda-connect label="" path=root.input
time="2026-09-23T12:23:22+01:00" level=debug msg="Collected 1 redo log file(s) for LogMiner: [ARCHIVED]" @service=redpanda-connect label="" path=root.input
time="2026-09-23T12:23:22+01:00" level=debug msg="Started LogMiner session from SCN 83213453 to SCN 83413453" @service=redpanda-connect label="" path=root.input
time="2026-09-23T12:23:22+01:00" level=debug msg="Executing LogMiner query with SCN range (scn=83213453 to 83413453 with window 200000)" @service=redpanda-connect label="" path=root.input
time="2026-09-23T12:23:22+01:00" level=debug msg="LogMiner query returned no rows after 7.933458ms (scn=83213453 to 83413453)" @service=redpanda-connect label="" path=root.input
time="2026-09-23T12:23:22+01:00" level=debug msg="Collected 1 redo log file(s) for LogMiner: [ARCHIVED]" @service=redpanda-connect label="" path=root.input
time="2026-09-23T12:23:22+01:00" level=debug msg="Started LogMiner session from SCN 83413453 to SCN 83613453" @service=redpanda-connect label="" path=root.input
time="2026-09-23T12:23:22+01:00" level=debug msg="Executing LogMiner query with SCN range (scn=83413453 to 83613453 with window 200000)" @service=redpanda-connect label="" path=root.input
time="2026-09-23T12:23:22+01:00" level=debug msg="LogMiner query returned no rows after 11.419375ms (scn=83413453 to 83613453)" @service=redpanda-connect label="" path=root.input
time="2026-09-23T12:23:23+01:00" level=debug msg="Collected 1 redo log file(s) for LogMiner: [ARCHIVED]" @service=redpanda-connect label="" path=root.input
time="2026-09-23T12:23:23+01:00" level=debug msg="Started LogMiner session from SCN 83613453 to SCN 83813453" @service=redpanda-connect label="" path=root.input
time="2026-09-23T12:23:23+01:00" level=debug msg="Executing LogMiner query with SCN range (scn=83613453 to 83813453 with window 200000)" @service=redpanda-connect label="" path=root.input
time="2026-09-23T12:23:23+01:00" level=debug msg="LogMiner query returned no rows after 9.584583ms (scn=83613453 to 83813453)" @service=redpanda-connect label="" path=root.input
time="2026-09-23T12:23:23+01:00" level=debug msg="Collected 1 redo log file(s) for LogMiner: [ARCHIVED]" @service=redpanda-connect label="" path=root.input
time="2026-09-23T12:23:23+01:00" level=debug msg="Started LogMiner session from SCN 83813453 to SCN 84013453" @service=redpanda-connect label="" path=root.input
time="2026-09-23T12:23:23+01:00" level=debug msg="Executing LogMiner query with SCN range (scn=83813453 to 84013453 with window 200000)" @service=redpanda-connect label="" path=root.input
time="2026-09-23T12:23:23+01:00" level=debug msg="LogMiner query returned no rows after 10.250875ms (scn=83813453 to 84013453)" @service=redpanda-connect label="" path=root.input
time="2026-09-23T12:23:23+01:00" level=debug msg="Collected 1 redo log file(s) for LogMiner: [ARCHIVED]" @service=redpanda-connect label="" path=root.input
time="2026-09-23T12:23:23+01:00" level=debug msg="Started LogMiner session from SCN 84013453 to SCN 84213453" @service=redpanda-connect label="" path=root.input
time="2026-09-23T12:23:23+01:00" level=debug msg="Executing LogMiner query with SCN range (scn=84013453 to 84213453 with window 200000)" @service=redpanda-connect label="" path=root.input
time="2026-09-23T12:23:23+01:00" level=debug msg="LogMiner query returned no rows after 12.917959ms (scn=84013453 to 84213453)" @service=redpanda-connect label="" path=root.input
time="2026-09-23T12:23:23+01:00" level=debug msg="Collected 1 redo log file(s) for LogMiner: [ARCHIVED]" @service=redpanda-connect label="" path=root.input
time="2026-09-23T12:23:23+01:00" level=debug msg="Started LogMiner session from SCN 84213453 to SCN 84413453" @service=redpanda-connect label="" path=root.input
time="2026-09-23T12:23:23+01:00" level=debug msg="Executing LogMiner query with SCN range (scn=84213453 to 84413453 with window 200000)" @service=redpanda-connect label="" path=root.input
time="2026-09-23T12:23:23+01:00" level=debug msg="LogMiner query returned no rows after 12.711ms (scn=84213453 to 84413453)" @service=redpanda-connect label="" path=root.input
time="2026-09-23T12:23:23+01:00" level=debug msg="Collected 1 redo log file(s) for LogMiner: [ARCHIVED]" @service=redpanda-connect label="" path=root.input
time="2026-09-23T12:23:23+01:00" level=debug msg="Started LogMiner session from SCN 84413453 to SCN 84613453" @service=redpanda-connect label="" path=root.input
time="2026-09-23T12:23:23+01:00" level=debug msg="Executing LogMiner query with SCN range (scn=84413453 to 84613453 with window 200000)" @service=redpanda-connect label="" path=root.input
time="2026-09-23T12:23:23+01:00" level=debug msg="LogMiner query returned no rows after 13.412959ms (scn=84413453 to 84613453)" @service=redpanda-connect label="" path=root.input
time="2026-09-23T12:23:23+01:00" level=debug msg="Collected 1 redo log file(s) for LogMiner: [ARCHIVED]" @service=redpanda-connect label="" path=root.input
time="2026-09-23T12:23:23+01:00" level=debug msg="Started LogMiner session from SCN 84613453 to SCN 84813453" @service=redpanda-connect label="" path=root.input
time="2026-09-23T12:23:23+01:00" level=debug msg="Executing LogMiner query with SCN range (scn=84613453 to 84813453 with window 200000)" @service=redpanda-connect label="" path=root.input
time="2026-09-23T12:23:23+01:00" level=debug msg="LogMiner query returned no rows after 14.066125ms (scn=84613453 to 84813453)" @service=redpanda-connect label="" path=root.input
time="2026-09-23T12:23:23+01:00" level=debug msg="Collected 1 redo log file(s) for LogMiner: [ARCHIVED]" @service=redpanda-connect label="" path=root.input
time="2026-09-23T12:23:23+01:00" level=debug msg="Started LogMiner session from SCN 84813453 to SCN 85013453" @service=redpanda-connect label="" path=root.input
time="2026-09-23T12:23:23+01:00" level=debug msg="Executing LogMiner query with SCN range (scn=84813453 to 85013453 with window 200000)" @service=redpanda-connect label="" path=root.input
time="2026-09-23T12:23:23+01:00" level=debug msg="LogMiner query returned no rows after 12.548625ms (scn=84813453 to 85013453)" @service=redpanda-connect label="" path=root.input
time="2026-09-23T12:23:24+01:00" level=debug msg="Collected 1 redo log file(s) for LogMiner: [ARCHIVED]" @service=redpanda-connect label="" path=root.input
time="2026-09-23T12:23:24+01:00" level=debug msg="Started LogMiner session from SCN 85013453 to SCN 85213453" @service=redpanda-connect label="" path=root.input
time="2026-09-23T12:23:24+01:00" level=debug msg="Executing LogMiner query with SCN range (scn=85013453 to 85213453 with window 200000)" @service=redpanda-connect label="" path=root.input
time="2026-09-23T12:23:24+01:00" level=debug msg="LogMiner query returned no rows after 11.88025ms (scn=85013453 to 85213453)" @service=redpanda-connect label="" path=root.input
time="2026-09-23T12:23:24+01:00" level=debug msg="Collected 1 redo log file(s) for LogMiner: [ARCHIVED]" @service=redpanda-connect label="" path=root.input
time="2026-09-23T12:23:24+01:00" level=debug msg="Started LogMiner session from SCN 85213453 to SCN 85413453" @service=redpanda-connect label="" path=root.input
time="2026-09-23T12:23:24+01:00" level=debug msg="Executing LogMiner query with SCN range (scn=85213453 to 85413453 with window 200000)" @service=redpanda-connect label="" path=root.input
time="2026-09-23T12:23:24+01:00" level=debug msg="LogMiner query returned no rows after 13.586458ms (scn=85213453 to 85413453)" @service=redpanda-connect label="" path=root.input
time="2026-09-23T12:23:24+01:00" level=debug msg="Collected 1 redo log file(s) for LogMiner: [ARCHIVED]" @service=redpanda-connect label="" path=root.input
time="2026-09-23T12:23:24+01:00" level=debug msg="Started LogMiner session from SCN 85413453 to SCN 85613453" @service=redpanda-connect label="" path=root.input
time="2026-09-23T12:23:24+01:00" level=debug msg="Executing LogMiner query with SCN range (scn=85413453 to 85613453 with window 200000)" @service=redpanda-connect label="" path=root.input
time="2026-09-23T12:23:24+01:00" level=debug msg="LogMiner query returned no rows after 12.426667ms (scn=85413453 to 85613453)" @service=redpanda-connect label="" path=root.input
time="2026-09-23T12:23:24+01:00" level=debug msg="Collected 1 redo log file(s) for LogMiner: [ARCHIVED]" @service=redpanda-connect label="" path=root.input
time="2026-09-23T12:23:24+01:00" level=debug msg="Started LogMiner session from SCN 85613453 to SCN 85813453" @service=redpanda-connect label="" path=root.input
time="2026-09-23T12:23:24+01:00" level=debug msg="Executing LogMiner query with SCN range (scn=85613453 to 85813453 with window 200000)" @service=redpanda-connect label="" path=root.input
time="2026-09-23T12:23:24+01:00" level=debug msg="LogMiner query returned no rows after 12.403292ms (scn=85613453 to 85813453)" @service=redpanda-connect label="" path=root.input
time="2026-09-23T12:23:24+01:00" level=debug msg="Collected 1 redo log file(s) for LogMiner: [ARCHIVED]" @service=redpanda-connect label="" path=root.input
time="2026-09-23T12:23:24+01:00" level=debug msg="Started LogMiner session from SCN 85813453 to SCN 86013453" @service=redpanda-connect label="" path=root.input
time="2026-09-23T12:23:24+01:00" level=debug msg="Executing LogMiner query with SCN range (scn=85813453 to 86013453 with window 200000)" @service=redpanda-connect label="" path=root.input
time="2026-09-23T12:23:24+01:00" level=debug msg="LogMiner query returned no rows after 12.907542ms (scn=85813453 to 86013453)" @service=redpanda-connect label="" path=root.input
time="2026-09-23T12:23:24+01:00" level=debug msg="Collected 1 redo log file(s) for LogMiner: [ARCHIVED]" @service=redpanda-connect label="" path=root.input
time="2026-09-23T12:23:24+01:00" level=debug msg="Started LogMiner session from SCN 86013453 to SCN 86213453" @service=redpanda-connect label="" path=root.input
time="2026-09-23T12:23:24+01:00" level=debug msg="Executing LogMiner query with SCN range (scn=86013453 to 86213453 with window 200000)" @service=redpanda-connect label="" path=root.input
time="2026-09-23T12:23:24+01:00" level=debug msg="LogMiner query returned no rows after 11.838833ms (scn=86013453 to 86213453)" @service=redpanda-connect label="" path=root.input
time="2026-09-23T12:23:24+01:00" level=debug msg="Collected 1 redo log file(s) for LogMiner: [ARCHIVED]" @service=redpanda-connect label="" path=root.input
time="2026-09-23T12:23:24+01:00" level=debug msg="Started LogMiner session from SCN 86213453 to SCN 86413453" @service=redpanda-connect label="" path=root.input
time="2026-09-23T12:23:24+01:00" level=debug msg="Executing LogMiner query with SCN range (scn=86213453 to 86413453 with window 200000)" @service=redpanda-connect label="" path=root.input
time="2026-09-23T12:23:24+01:00" level=debug msg="LogMiner query returned no rows after 12.329792ms (scn=86213453 to 86413453)" @service=redpanda-connect label="" path=root.input
time="2026-09-23T12:23:25+01:00" level=debug msg="Collected 1 redo log file(s) for LogMiner: [ARCHIVED]" @service=redpanda-connect label="" path=root.input
time="2026-09-23T12:23:25+01:00" level=debug msg="Started LogMiner session from SCN 86413453 to SCN 86613453" @service=redpanda-connect label="" path=root.input
time="2026-09-23T12:23:25+01:00" level=debug msg="Executing LogMiner query with SCN range (scn=86413453 to 86613453 with window 200000)" @service=redpanda-connect label="" path=root.input
time="2026-09-23T12:23:25+01:00" level=debug msg="LogMiner query returned no rows after 12.159292ms (scn=86413453 to 86613453)" @service=redpanda-connect label="" path=root.input
time="2026-09-23T12:23:25+01:00" level=debug msg="Collected 1 redo log file(s) for LogMiner: [ARCHIVED]" @service=redpanda-connect label="" path=root.input
time="2026-09-23T12:23:25+01:00" level=debug msg="Started LogMiner session from SCN 86613453 to SCN 86813453" @service=redpanda-connect label="" path=root.input
time="2026-09-23T12:23:25+01:00" level=debug msg="Executing LogMiner query with SCN range (scn=86613453 to 86813453 with window 200000)" @service=redpanda-connect label="" path=root.input
time="2026-09-23T12:23:25+01:00" level=debug msg="LogMiner query returned no rows after 12.131ms (scn=86613453 to 86813453)" @service=redpanda-connect label="" path=root.input
time="2026-09-23T12:23:25+01:00" level=debug msg="Collected 1 redo log file(s) for LogMiner: [ARCHIVED]" @service=redpanda-connect label="" path=root.input
time="2026-09-23T12:23:25+01:00" level=debug msg="Started LogMiner session from SCN 86813453 to SCN 87013453" @service=redpanda-connect label="" path=root.input
time="2026-09-23T12:23:25+01:00" level=debug msg="Executing LogMiner query with SCN range (scn=86813453 to 87013453 with window 200000)" @service=redpanda-connect label="" path=root.input
time="2026-09-23T12:23:25+01:00" level=debug msg="LogMiner query returned no rows after 11.621667ms (scn=86813453 to 87013453)" @service=redpanda-connect label="" path=root.input
time="2026-09-23T12:23:25+01:00" level=debug msg="Collected 1 redo log file(s) for LogMiner: [ARCHIVED]" @service=redpanda-connect label="" path=root.input
time="2026-09-23T12:23:25+01:00" level=debug msg="Started LogMiner session from SCN 87013453 to SCN 87213453" @service=redpanda-connect label="" path=root.input
time="2026-09-23T12:23:25+01:00" level=debug msg="Executing LogMiner query with SCN range (scn=87013453 to 87213453 with window 200000)" @service=redpanda-connect label="" path=root.input
time="2026-09-23T12:23:25+01:00" level=debug msg="LogMiner query returned no rows after 11.896167ms (scn=87013453 to 87213453)" @service=redpanda-connect label="" path=root.input
time="2026-09-23T12:23:25+01:00" level=debug msg="Collected 1 redo log file(s) for LogMiner: [ARCHIVED]" @service=redpanda-connect label="" path=root.input
time="2026-09-23T12:23:25+01:00" level=debug msg="Started LogMiner session from SCN 87213453 to SCN 87413453" @service=redpanda-connect label="" path=root.input
time="2026-09-23T12:23:25+01:00" level=debug msg="Executing LogMiner query with SCN range (scn=87213453 to 87413453 with window 200000)" @service=redpanda-connect label="" path=root.input
time="2026-09-23T12:23:25+01:00" level=debug msg="LogMiner query returned no rows after 13.817417ms (scn=87213453 to 87413453)" @service=redpanda-connect label="" path=root.input
time="2026-09-23T12:23:25+01:00" level=debug msg="Collected 1 redo log file(s) for LogMiner: [ARCHIVED]" @service=redpanda-connect label="" path=root.input
time="2026-09-23T12:23:25+01:00" level=debug msg="Started LogMiner session from SCN 87413453 to SCN 87613453" @service=redpanda-connect label="" path=root.input
time="2026-09-23T12:23:25+01:00" level=debug msg="Executing LogMiner query with SCN range (scn=87413453 to 87613453 with window 200000)" @service=redpanda-connect label="" path=root.input
time="2026-09-23T12:23:25+01:00" level=debug msg="LogMiner query returned no rows after 12.262ms (scn=87413453 to 87613453)" @service=redpanda-connect label="" path=root.input
time="2026-09-23T12:23:25+01:00" level=debug msg="Collected 1 redo log file(s) for LogMiner: [ARCHIVED]" @service=redpanda-connect label="" path=root.input
time="2026-09-23T12:23:25+01:00" level=debug msg="Started LogMiner session from SCN 87613453 to SCN 87813453" @service=redpanda-connect label="" path=root.input
time="2026-09-23T12:23:25+01:00" level=debug msg="Executing LogMiner query with SCN range (scn=87613453 to 87813453 with window 200000)" @service=redpanda-connect label="" path=root.input
time="2026-09-23T12:23:25+01:00" level=debug msg="LogMiner query returned no rows after 11.0165ms (scn=87613453 to 87813453)" @service=redpanda-connect label="" path=root.input
time="2026-09-23T12:23:26+01:00" level=debug msg="Collected 1 redo log file(s) for LogMiner: [ARCHIVED]" @service=redpanda-connect label="" path=root.input
time="2026-09-23T12:23:26+01:00" level=debug msg="Started LogMiner session from SCN 87813453 to SCN 88013453" @service=redpanda-connect label="" path=root.input
time="2026-09-23T12:23:26+01:00" level=debug msg="Executing LogMiner query with SCN range (scn=87813453 to 88013453 with window 200000)" @service=redpanda-connect label="" path=root.input
time="2026-09-23T12:23:26+01:00" level=debug msg="LogMiner query returned no rows after 10.381042ms (scn=87813453 to 88013453)" @service=redpanda-connect label="" path=root.input
time="2026-09-23T12:23:26+01:00" level=debug msg="Collected 1 redo log file(s) for LogMiner: [ARCHIVED]" @service=redpanda-connect label="" path=root.input
time="2026-09-23T12:23:26+01:00" level=debug msg="Started LogMiner session from SCN 88013453 to SCN 88213453" @service=redpanda-connect label="" path=root.input
time="2026-09-23T12:23:26+01:00" level=debug msg="Executing LogMiner query with SCN range (scn=88013453 to 88213453 with window 200000)" @service=redpanda-connect label="" path=root.input
time="2026-09-23T12:23:26+01:00" level=debug msg="LogMiner query returned no rows after 13.607583ms (scn=88013453 to 88213453)" @service=redpanda-connect label="" path=root.input
time="2026-09-23T12:23:26+01:00" level=debug msg="Collected 1 redo log file(s) for LogMiner: [ARCHIVED]" @service=redpanda-connect label="" path=root.input
time="2026-09-23T12:23:26+01:00" level=debug msg="Started LogMiner session from SCN 88213453 to SCN 88413453" @service=redpanda-connect label="" path=root.input
time="2026-09-23T12:23:26+01:00" level=debug msg="Executing LogMiner query with SCN range (scn=88213453 to 88413453 with window 200000)" @service=redpanda-connect label="" path=root.input
time="2026-09-23T12:23:26+01:00" level=debug msg="LogMiner query returned no rows after 9.609958ms (scn=88213453 to 88413453)" @service=redpanda-connect label="" path=root.input
time="2026-09-23T12:23:26+01:00" level=debug msg="Collected 1 redo log file(s) for LogMiner: [ARCHIVED]" @service=redpanda-connect label="" path=root.input
time="2026-09-23T12:23:26+01:00" level=debug msg="Started LogMiner session from SCN 88413453 to SCN 88613453" @service=redpanda-connect label="" path=root.input
time="2026-09-23T12:23:26+01:00" level=debug msg="Executing LogMiner query with SCN range (scn=88413453 to 88613453 with window 200000)" @service=redpanda-connect label="" path=root.input
time="2026-09-23T12:23:26+01:00" level=debug msg="LogMiner query returned no rows after 13.412667ms (scn=88413453 to 88613453)" @service=redpanda-connect label="" path=root.input
time="2026-09-23T12:23:26+01:00" level=debug msg="Collected 1 redo log file(s) for LogMiner: [ARCHIVED]" @service=redpanda-connect label="" path=root.input
time="2026-09-23T12:23:26+01:00" level=debug msg="Started LogMiner session from SCN 88613453 to SCN 88813453" @service=redpanda-connect label="" path=root.input
time="2026-09-23T12:23:26+01:00" level=debug msg="Executing LogMiner query with SCN range (scn=88613453 to 88813453 with window 200000)" @service=redpanda-connect label="" path=root.input
time="2026-09-23T12:23:26+01:00" level=debug msg="LogMiner query returned no rows after 9.85825ms (scn=88613453 to 88813453)" @service=redpanda-connect label="" path=root.input
time="2026-09-23T12:23:26+01:00" level=debug msg="Collected 1 redo log file(s) for LogMiner: [ARCHIVED]" @service=redpanda-connect label="" path=root.input
time="2026-09-23T12:23:26+01:00" level=debug msg="Started LogMiner session from SCN 88813453 to SCN 89013453" @service=redpanda-connect label="" path=root.input
time="2026-09-23T12:23:26+01:00" level=debug msg="Executing LogMiner query with SCN range (scn=88813453 to 89013453 with window 200000)" @service=redpanda-connect label="" path=root.input
time="2026-09-23T12:23:26+01:00" level=debug msg="LogMiner query returned no rows after 14.036958ms (scn=88813453 to 89013453)" @service=redpanda-connect label="" path=root.input
time="2026-09-23T12:23:26+01:00" level=debug msg="Collected 1 redo log file(s) for LogMiner: [ARCHIVED]" @service=redpanda-connect label="" path=root.input
time="2026-09-23T12:23:26+01:00" level=debug msg="Started LogMiner session from SCN 89013453 to SCN 89213453" @service=redpanda-connect label="" path=root.input
time="2026-09-23T12:23:26+01:00" level=debug msg="Executing LogMiner query with SCN range (scn=89013453 to 89213453 with window 200000)" @service=redpanda-connect label="" path=root.input
time="2026-09-23T12:23:26+01:00" level=debug msg="LogMiner query returned no rows after 12.612584ms (scn=89013453 to 89213453)" @service=redpanda-connect label="" path=root.input
time="2026-09-23T12:23:27+01:00" level=debug msg="Collected 1 redo log file(s) for LogMiner: [ARCHIVED]" @service=redpanda-connect label="" path=root.input
time="2026-09-23T12:23:27+01:00" level=debug msg="Started LogMiner session from SCN 89213453 to SCN 89413453" @service=redpanda-connect label="" path=root.input
time="2026-09-23T12:23:27+01:00" level=debug msg="Executing LogMiner query with SCN range (scn=89213453 to 89413453 with window 200000)" @service=redpanda-connect label="" path=root.input
time="2026-09-23T12:23:27+01:00" level=debug msg="LogMiner query returned no rows after 10.2065ms (scn=89213453 to 89413453)" @service=redpanda-connect label="" path=root.input
time="2026-09-23T12:23:27+01:00" level=debug msg="Collected 1 redo log file(s) for LogMiner: [ARCHIVED]" @service=redpanda-connect label="" path=root.input
time="2026-09-23T12:23:27+01:00" level=debug msg="Started LogMiner session from SCN 89413453 to SCN 89613453" @service=redpanda-connect label="" path=root.input
time="2026-09-23T12:23:27+01:00" level=debug msg="Executing LogMiner query with SCN range (scn=89413453 to 89613453 with window 200000)" @service=redpanda-connect label="" path=root.input
time="2026-09-23T12:23:27+01:00" level=debug msg="LogMiner query returned no rows after 11.459334ms (scn=89413453 to 89613453)" @service=redpanda-connect label="" path=root.input
time="2026-09-23T12:23:27+01:00" level=debug msg="Collected 1 redo log file(s) for LogMiner: [ARCHIVED]" @service=redpanda-connect label="" path=root.input
time="2026-09-23T12:23:27+01:00" level=debug msg="Started LogMiner session from SCN 89613453 to SCN 89813453" @service=redpanda-connect label="" path=root.input
time="2026-09-23T12:23:27+01:00" level=debug msg="Executing LogMiner query with SCN range (scn=89613453 to 89813453 with window 200000)" @service=redpanda-connect label="" path=root.input
time="2026-09-23T12:23:27+01:00" level=debug msg="LogMiner query returned no rows after 11.306166ms (scn=89613453 to 89813453)" @service=redpanda-connect label="" path=root.input
time="2026-09-23T12:23:27+01:00" level=debug msg="Collected 1 redo log file(s) for LogMiner: [ARCHIVED]" @service=redpanda-connect label="" path=root.input
time="2026-09-23T12:23:27+01:00" level=debug msg="Started LogMiner session from SCN 89813453 to SCN 90013453" @service=redpanda-connect label="" path=root.input
time="2026-09-23T12:23:27+01:00" level=debug msg="Executing LogMiner query with SCN range (scn=89813453 to 90013453 with window 200000)" @service=redpanda-connect label="" path=root.input
time="2026-09-23T12:23:27+01:00" level=debug msg="LogMiner query returned no rows after 11.483625ms (scn=89813453 to 90013453)" @service=redpanda-connect label="" path=root.input
time="2026-09-23T12:23:27+01:00" level=debug msg="Collected 1 redo log file(s) for LogMiner: [ARCHIVED]" @service=redpanda-connect label="" path=root.input
time="2026-09-23T12:23:27+01:00" level=debug msg="Started LogMiner session from SCN 90013453 to SCN 90213453" @service=redpanda-connect label="" path=root.input
time="2026-09-23T12:23:27+01:00" level=debug msg="Executing LogMiner query with SCN range (scn=90013453 to 90213453 with window 200000)" @service=redpanda-connect label="" path=root.input
time="2026-09-23T12:23:27+01:00" level=debug msg="LogMiner query returned no rows after 13.449583ms (scn=90013453 to 90213453)" @service=redpanda-connect label="" path=root.input
time="2026-09-23T12:23:27+01:00" level=debug msg="Collected 1 redo log file(s) for LogMiner: [ARCHIVED]" @service=redpanda-connect label="" path=root.input
time="2026-09-23T12:23:27+01:00" level=debug msg="Started LogMiner session from SCN 90213453 to SCN 90413453" @service=redpanda-connect label="" path=root.input
time="2026-09-23T12:23:27+01:00" level=debug msg="Executing LogMiner query with SCN range (scn=90213453 to 90413453 with window 200000)" @service=redpanda-connect label="" path=root.input
time="2026-09-23T12:23:27+01:00" level=debug msg="LogMiner query returned no rows after 13.602791ms (scn=90213453 to 90413453)" @service=redpanda-connect label="" path=root.input
time="2026-09-23T12:23:27+01:00" level=debug msg="Collected 1 redo log file(s) for LogMiner: [ARCHIVED]" @service=redpanda-connect label="" path=root.input
time="2026-09-23T12:23:27+01:00" level=debug msg="Started LogMiner session from SCN 90413453 to SCN 90613453" @service=redpanda-connect label="" path=root.input
time="2026-09-23T12:23:27+01:00" level=debug msg="Executing LogMiner query with SCN range (scn=90413453 to 90613453 with window 200000)" @service=redpanda-connect label="" path=root.input
time="2026-09-23T12:23:27+01:00" level=debug msg="LogMiner query returned no rows after 10.37475ms (scn=90413453 to 90613453)" @service=redpanda-connect label="" path=root.input
time="2026-09-23T12:23:28+01:00" level=debug msg="Collected 1 redo log file(s) for LogMiner: [ARCHIVED]" @service=redpanda-connect label="" path=root.input
time="2026-09-23T12:23:28+01:00" level=debug msg="Started LogMiner session from SCN 90613453 to SCN 90813453" @service=redpanda-connect label="" path=root.input
time="2026-09-23T12:23:28+01:00" level=debug msg="Executing LogMiner query with SCN range (scn=90613453 to 90813453 with window 200000)" @service=redpanda-connect label="" path=root.input
time="2026-09-23T12:23:28+01:00" level=debug msg="LogMiner query returned no rows after 7.732625ms (scn=90613453 to 90813453)" @service=redpanda-connect label="" path=root.input
time="2026-09-23T12:23:28+01:00" level=debug msg="Collected 1 redo log file(s) for LogMiner: [ARCHIVED]" @service=redpanda-connect label="" path=root.input
time="2026-09-23T12:23:28+01:00" level=debug msg="Started LogMiner session from SCN 90813453 to SCN 91013453" @service=redpanda-connect label="" path=root.input
time="2026-09-23T12:23:28+01:00" level=debug msg="Executing LogMiner query with SCN range (scn=90813453 to 91013453 with window 200000)" @service=redpanda-connect label="" path=root.input
time="2026-09-23T12:23:28+01:00" level=debug msg="LogMiner query returned no rows after 13.629584ms (scn=90813453 to 91013453)" @service=redpanda-connect label="" path=root.input
time="2026-09-23T12:23:28+01:00" level=debug msg="Collected 1 redo log file(s) for LogMiner: [ARCHIVED]" @service=redpanda-connect label="" path=root.input
time="2026-09-23T12:23:28+01:00" level=debug msg="Started LogMiner session from SCN 91013453 to SCN 91213453" @service=redpanda-connect label="" path=root.input
time="2026-09-23T12:23:28+01:00" level=debug msg="Executing LogMiner query with SCN range (scn=91013453 to 91213453 with window 200000)" @service=redpanda-connect label="" path=root.input
time="2026-09-23T12:23:28+01:00" level=debug msg="LogMiner query returned no rows after 10.428542ms (scn=91013453 to 91213453)" @service=redpanda-connect label="" path=root.input
time="2026-09-23T12:23:28+01:00" level=debug msg="Collected 1 redo log file(s) for LogMiner: [ARCHIVED]" @service=redpanda-connect label="" path=root.input
time="2026-09-23T12:23:28+01:00" level=debug msg="Started LogMiner session from SCN 91213453 to SCN 91413453" @service=redpanda-connect label="" path=root.input
time="2026-09-23T12:23:28+01:00" level=debug msg="Executing LogMiner query with SCN range (scn=91213453 to 91413453 with window 200000)" @service=redpanda-connect label="" path=root.input
time="2026-09-23T12:23:28+01:00" level=debug msg="LogMiner query returned no rows after 8.646417ms (scn=91213453 to 91413453)" @service=redpanda-connect label="" path=root.input
time="2026-09-23T12:23:28+01:00" level=debug msg="Collected 1 redo log file(s) for LogMiner: [ARCHIVED]" @service=redpanda-connect label="" path=root.input
time="2026-09-23T12:23:28+01:00" level=debug msg="Started LogMiner session from SCN 91413453 to SCN 91613453" @service=redpanda-connect label="" path=root.input
time="2026-09-23T12:23:28+01:00" level=debug msg="Executing LogMiner query with SCN range (scn=91413453 to 91613453 with window 200000)" @service=redpanda-connect label="" path=root.input
time="2026-09-23T12:23:28+01:00" level=debug msg="LogMiner query returned no rows after 11.382917ms (scn=91413453 to 91613453)" @service=redpanda-connect label="" path=root.input
time="2026-09-23T12:23:28+01:00" level=debug msg="Collected 1 redo log file(s) for LogMiner: [ARCHIVED]" @service=redpanda-connect label="" path=root.input
time="2026-09-23T12:23:28+01:00" level=debug msg="Started LogMiner session from SCN 91613453 to SCN 91813453" @service=redpanda-connect label="" path=root.input
time="2026-09-23T12:23:28+01:00" level=debug msg="Executing LogMiner query with SCN range (scn=91613453 to 91813453 with window 200000)" @service=redpanda-connect label="" path=root.input
time="2026-09-23T12:23:28+01:00" level=debug msg="LogMiner query returned no rows after 14.984917ms (scn=91613453 to 91813453)" @service=redpanda-connect label="" path=root.input
time="2026-09-23T12:23:28+01:00" level=debug msg="Collected 1 redo log file(s) for LogMiner: [ARCHIVED]" @service=redpanda-connect label="" path=root.input
time="2026-09-23T12:23:28+01:00" level=debug msg="Started LogMiner session from SCN 91813453 to SCN 92013453" @service=redpanda-connect label="" path=root.input
time="2026-09-23T12:23:28+01:00" level=debug msg="Executing LogMiner query with SCN range (scn=91813453 to 92013453 with window 200000)" @service=redpanda-connect label="" path=root.input
time="2026-09-23T12:23:28+01:00" level=debug msg="LogMiner query returned no rows after 10.985416ms (scn=91813453 to 92013453)" @service=redpanda-connect label="" path=root.input
time="2026-09-23T12:23:28+01:00" level=debug msg="Collected 1 redo log file(s) for LogMiner: [ARCHIVED]" @service=redpanda-connect label="" path=root.input
time="2026-09-23T12:23:28+01:00" level=debug msg="Started LogMiner session from SCN 92013453 to SCN 92213453" @service=redpanda-connect label="" path=root.input
time="2026-09-23T12:23:28+01:00" level=debug msg="Executing LogMiner query with SCN range (scn=92013453 to 92213453 with window 200000)" @service=redpanda-connect label="" path=root.input
time="2026-09-23T12:23:28+01:00" level=debug msg="LogMiner query returned no rows after 13.59175ms (scn=92013453 to 92213453)" @service=redpanda-connect label="" path=root.input
time="2026-09-23T12:23:29+01:00" level=debug msg="Collected 1 redo log file(s) for LogMiner: [ARCHIVED]" @service=redpanda-connect label="" path=root.input
time="2026-09-23T12:23:29+01:00" level=debug msg="Started LogMiner session from SCN 92213453 to SCN 92413453" @service=redpanda-connect label="" path=root.input
time="2026-09-23T12:23:29+01:00" level=debug msg="Executing LogMiner query with SCN range (scn=92213453 to 92413453 with window 200000)" @service=redpanda-connect label="" path=root.input
time="2026-09-23T12:23:29+01:00" level=debug msg="LogMiner query returned no rows after 12.030542ms (scn=92213453 to 92413453)" @service=redpanda-connect label="" path=root.input
time="2026-09-23T12:23:29+01:00" level=debug msg="Collected 1 redo log file(s) for LogMiner: [ARCHIVED]" @service=redpanda-connect label="" path=root.input
time="2026-09-23T12:23:29+01:00" level=debug msg="Started LogMiner session from SCN 92413453 to SCN 92613453" @service=redpanda-connect label="" path=root.input
time="2026-09-23T12:23:29+01:00" level=debug msg="Executing LogMiner query with SCN range (scn=92413453 to 92613453 with window 200000)" @service=redpanda-connect label="" path=root.input
time="2026-09-23T12:23:29+01:00" level=debug msg="LogMiner query returned no rows after 12.628542ms (scn=92413453 to 92613453)" @service=redpanda-connect label="" path=root.input
time="2026-09-23T12:23:29+01:00" level=debug msg="Collected 1 redo log file(s) for LogMiner: [ARCHIVED]" @service=redpanda-connect label="" path=root.input
time="2026-09-23T12:23:29+01:00" level=debug msg="Started LogMiner session from SCN 92613453 to SCN 92813453" @service=redpanda-connect label="" path=root.input
time="2026-09-23T12:23:29+01:00" level=debug msg="Executing LogMiner query with SCN range (scn=92613453 to 92813453 with window 200000)" @service=redpanda-connect label="" path=root.input
time="2026-09-23T12:23:29+01:00" level=debug msg="LogMiner query returned no rows after 12.324667ms (scn=92613453 to 92813453)" @service=redpanda-connect label="" path=root.input
time="2026-09-23T12:23:29+01:00" level=debug msg="Collected 1 redo log file(s) for LogMiner: [ARCHIVED]" @service=redpanda-connect label="" path=root.input
time="2026-09-23T12:23:29+01:00" level=debug msg="Started LogMiner session from SCN 92813453 to SCN 93013453" @service=redpanda-connect label="" path=root.input
time="2026-09-23T12:23:29+01:00" level=debug msg="Executing LogMiner query with SCN range (scn=92813453 to 93013453 with window 200000)" @service=redpanda-connect label="" path=root.input
time="2026-09-23T12:23:29+01:00" level=debug msg="LogMiner query returned no rows after 11.741542ms (scn=92813453 to 93013453)" @service=redpanda-connect label="" path=root.input
time="2026-09-23T12:23:29+01:00" level=debug msg="Collected 1 redo log file(s) for LogMiner: [ARCHIVED]" @service=redpanda-connect label="" path=root.input
time="2026-09-23T12:23:29+01:00" level=debug msg="Started LogMiner session from SCN 93013453 to SCN 93213453" @service=redpanda-connect label="" path=root.input
time="2026-09-23T12:23:29+01:00" level=debug msg="Executing LogMiner query with SCN range (scn=93013453 to 93213453 with window 200000)" @service=redpanda-connect label="" path=root.input
time="2026-09-23T12:23:29+01:00" level=debug msg="LogMiner query returned no rows after 12.198417ms (scn=93013453 to 93213453)" @service=redpanda-connect label="" path=root.input
time="2026-09-23T12:23:29+01:00" level=debug msg="Collected 1 redo log file(s) for LogMiner: [ARCHIVED]" @service=redpanda-connect label="" path=root.input
time="2026-09-23T12:23:29+01:00" level=debug msg="Started LogMiner session from SCN 93213453 to SCN 93413453" @service=redpanda-connect label="" path=root.input
time="2026-09-23T12:23:29+01:00" level=debug msg="Executing LogMiner query with SCN range (scn=93213453 to 93413453 with window 200000)" @service=redpanda-connect label="" path=root.input
time="2026-09-23T12:23:29+01:00" level=debug msg="LogMiner query returned no rows after 10.991667ms (scn=93213453 to 93413453)" @service=redpanda-connect label="" path=root.input
time="2026-09-23T12:23:29+01:00" level=debug msg="Collected 1 redo log file(s) for LogMiner: [ARCHIVED]" @service=redpanda-connect label="" path=root.input
time="2026-09-23T12:23:29+01:00" level=debug msg="Started LogMiner session from SCN 93413453 to SCN 93613453" @service=redpanda-connect label="" path=root.input
time="2026-09-23T12:23:29+01:00" level=debug msg="Executing LogMiner query with SCN range (scn=93413453 to 93613453 with window 200000)" @service=redpanda-connect label="" path=root.input
time="2026-09-23T12:23:29+01:00" level=debug msg="LogMiner query returned no rows after 9.707583ms (scn=93413453 to 93613453)" @service=redpanda-connect label="" path=root.input
time="2026-09-23T12:23:30+01:00" level=debug msg="Collected 1 redo log file(s) for LogMiner: [ARCHIVED]" @service=redpanda-connect label="" path=root.input
time="2026-09-23T12:23:30+01:00" level=debug msg="Started LogMiner session from SCN 93613453 to SCN 93813453" @service=redpanda-connect label="" path=root.input
time="2026-09-23T12:23:30+01:00" level=debug msg="Executing LogMiner query with SCN range (scn=93613453 to 93813453 with window 200000)" @service=redpanda-connect label="" path=root.input
time="2026-09-23T12:23:30+01:00" level=debug msg="LogMiner query returned no rows after 9.757125ms (scn=93613453 to 93813453)" @service=redpanda-connect label="" path=root.input
time="2026-09-23T12:23:30+01:00" level=debug msg="Collected 1 redo log file(s) for LogMiner: [ARCHIVED]" @service=redpanda-connect label="" path=root.input
time="2026-09-23T12:23:30+01:00" level=debug msg="Started LogMiner session from SCN 93813453 to SCN 94013453" @service=redpanda-connect label="" path=root.input
time="2026-09-23T12:23:30+01:00" level=debug msg="Executing LogMiner query with SCN range (scn=93813453 to 94013453 with window 200000)" @service=redpanda-connect label="" path=root.input
time="2026-09-23T12:23:30+01:00" level=debug msg="LogMiner query returned no rows after 13.38625ms (scn=93813453 to 94013453)" @service=redpanda-connect label="" path=root.input
time="2026-09-23T12:23:30+01:00" level=debug msg="Collected 1 redo log file(s) for LogMiner: [ARCHIVED]" @service=redpanda-connect label="" path=root.input
time="2026-09-23T12:23:30+01:00" level=debug msg="Started LogMiner session from SCN 94013453 to SCN 94213453" @service=redpanda-connect label="" path=root.input
time="2026-09-23T12:23:30+01:00" level=debug msg="Executing LogMiner query with SCN range (scn=94013453 to 94213453 with window 200000)" @service=redpanda-connect label="" path=root.input
time="2026-09-23T12:23:30+01:00" level=debug msg="LogMiner query returned no rows after 13.891958ms (scn=94013453 to 94213453)" @service=redpanda-connect label="" path=root.input
time="2026-09-23T12:23:30+01:00" level=debug msg="Collected 1 redo log file(s) for LogMiner: [ARCHIVED]" @service=redpanda-connect label="" path=root.input
time="2026-09-23T12:23:30+01:00" level=debug msg="Started LogMiner session from SCN 94213453 to SCN 94413453" @service=redpanda-connect label="" path=root.input
time="2026-09-23T12:23:30+01:00" level=debug msg="Executing LogMiner query with SCN range (scn=94213453 to 94413453 with window 200000)" @service=redpanda-connect label="" path=root.input
time="2026-09-23T12:23:30+01:00" level=debug msg="LogMiner query returned no rows after 13.317791ms (scn=94213453 to 94413453)" @service=redpanda-connect label="" path=root.input
time="2026-09-23T12:23:30+01:00" level=debug msg="Collected 1 redo log file(s) for LogMiner: [ARCHIVED]" @service=redpanda-connect label="" path=root.input
time="2026-09-23T12:23:30+01:00" level=debug msg="Started LogMiner session from SCN 94413453 to SCN 94613453" @service=redpanda-connect label="" path=root.input
time="2026-09-23T12:23:30+01:00" level=debug msg="Executing LogMiner query with SCN range (scn=94413453 to 94613453 with window 200000)" @service=redpanda-connect label="" path=root.input
time="2026-09-23T12:23:30+01:00" level=debug msg="LogMiner query returned no rows after 11.562333ms (scn=94413453 to 94613453)" @service=redpanda-connect label="" path=root.input
time="2026-09-23T12:23:30+01:00" level=debug msg="Collected 1 redo log file(s) for LogMiner: [ARCHIVED]" @service=redpanda-connect label="" path=root.input
time="2026-09-23T12:23:30+01:00" level=debug msg="Started LogMiner session from SCN 94613453 to SCN 94813453" @service=redpanda-connect label="" path=root.input
time="2026-09-23T12:23:30+01:00" level=debug msg="Executing LogMiner query with SCN range (scn=94613453 to 94813453 with window 200000)" @service=redpanda-connect label="" path=root.input
time="2026-09-23T12:23:30+01:00" level=debug msg="LogMiner query returned no rows after 6.839541ms (scn=94613453 to 94813453)" @service=redpanda-connect label="" path=root.input
time="2026-09-23T12:23:30+01:00" level=debug msg="Collected 1 redo log file(s) for LogMiner: [ARCHIVED]" @service=redpanda-connect label="" path=root.input
time="2026-09-23T12:23:30+01:00" level=debug msg="Started LogMiner session from SCN 94813453 to SCN 95013453" @service=redpanda-connect label="" path=root.input
time="2026-09-23T12:23:30+01:00" level=debug msg="Executing LogMiner query with SCN range (scn=94813453 to 95013453 with window 200000)" @service=redpanda-connect label="" path=root.input
time="2026-09-23T12:23:30+01:00" level=debug msg="LogMiner query returned no rows after 11.226958ms (scn=94813453 to 95013453)" @service=redpanda-connect label="" path=root.input
time="2026-09-23T12:23:31+01:00" level=debug msg="Collected 1 redo log file(s) for LogMiner: [ARCHIVED]" @service=redpanda-connect label="" path=root.input
time="2026-09-23T12:23:31+01:00" level=debug msg="Started LogMiner session from SCN 95013453 to SCN 95213453" @service=redpanda-connect label="" path=root.input
time="2026-09-23T12:23:31+01:00" level=debug msg="Executing LogMiner query with SCN range (scn=95013453 to 95213453 with window 200000)" @service=redpanda-connect label="" path=root.input
time="2026-09-23T12:23:31+01:00" level=debug msg="LogMiner query returned no rows after 14.127166ms (scn=95013453 to 95213453)" @service=redpanda-connect label="" path=root.input
time="2026-09-23T12:23:31+01:00" level=debug msg="Collected 1 redo log file(s) for LogMiner: [ARCHIVED]" @service=redpanda-connect label="" path=root.input
time="2026-09-23T12:23:31+01:00" level=debug msg="Started LogMiner session from SCN 95213453 to SCN 95413453" @service=redpanda-connect label="" path=root.input
time="2026-09-23T12:23:31+01:00" level=debug msg="Executing LogMiner query with SCN range (scn=95213453 to 95413453 with window 200000)" @service=redpanda-connect label="" path=root.input
time="2026-09-23T12:23:31+01:00" level=debug msg="LogMiner query returned no rows after 12.066125ms (scn=95213453 to 95413453)" @service=redpanda-connect label="" path=root.input
time="2026-09-23T12:23:31+01:00" level=debug msg="Collected 1 redo log file(s) for LogMiner: [ARCHIVED]" @service=redpanda-connect label="" path=root.input
time="2026-09-23T12:23:31+01:00" level=debug msg="Started LogMiner session from SCN 95413453 to SCN 95613453" @service=redpanda-connect label="" path=root.input
time="2026-09-23T12:23:31+01:00" level=debug msg="Executing LogMiner query with SCN range (scn=95413453 to 95613453 with window 200000)" @service=redpanda-connect label="" path=root.input
time="2026-09-23T12:23:31+01:00" level=debug msg="LogMiner query returned no rows after 9.032ms (scn=95413453 to 95613453)" @service=redpanda-connect label="" path=root.input
time="2026-09-23T12:23:31+01:00" level=debug msg="Collected 1 redo log file(s) for LogMiner: [ARCHIVED]" @service=redpanda-connect label="" path=root.input
time="2026-09-23T12:23:31+01:00" level=debug msg="Started LogMiner session from SCN 95613453 to SCN 95813453" @service=redpanda-connect label="" path=root.input
time="2026-09-23T12:23:31+01:00" level=debug msg="Executing LogMiner query with SCN range (scn=95613453 to 95813453 with window 200000)" @service=redpanda-connect label="" path=root.input
time="2026-09-23T12:23:31+01:00" level=debug msg="LogMiner query returned no rows after 7.996166ms (scn=95613453 to 95813453)" @service=redpanda-connect label="" path=root.input
time="2026-09-23T12:23:31+01:00" level=debug msg="Collected 1 redo log file(s) for LogMiner: [ARCHIVED]" @service=redpanda-connect label="" path=root.input
time="2026-09-23T12:23:31+01:00" level=debug msg="Started LogMiner session from SCN 95813453 to SCN 96013453" @service=redpanda-connect label="" path=root.input
time="2026-09-23T12:23:31+01:00" level=debug msg="Executing LogMiner query with SCN range (scn=95813453 to 96013453 with window 200000)" @service=redpanda-connect label="" path=root.input
time="2026-09-23T12:23:31+01:00" level=debug msg="LogMiner query returned no rows after 11.175042ms (scn=95813453 to 96013453)" @service=redpanda-connect label="" path=root.input
time="2026-09-23T12:23:31+01:00" level=debug msg="Collected 1 redo log file(s) for LogMiner: [ARCHIVED]" @service=redpanda-connect label="" path=root.input
time="2026-09-23T12:23:31+01:00" level=debug msg="Started LogMiner session from SCN 96013453 to SCN 96213453" @service=redpanda-connect label="" path=root.input
time="2026-09-23T12:23:31+01:00" level=debug msg="Executing LogMiner query with SCN range (scn=96013453 to 96213453 with window 200000)" @service=redpanda-connect label="" path=root.input
time="2026-09-23T12:23:31+01:00" level=debug msg="LogMiner query returned no rows after 11.8625ms (scn=96013453 to 96213453)" @service=redpanda-connect label="" path=root.input
time="2026-09-23T12:23:31+01:00" level=debug msg="Collected 1 redo log file(s) for LogMiner: [ARCHIVED]" @service=redpanda-connect label="" path=root.input
time="2026-09-23T12:23:31+01:00" level=debug msg="Started LogMiner session from SCN 96213453 to SCN 96413453" @service=redpanda-connect label="" path=root.input
time="2026-09-23T12:23:31+01:00" level=debug msg="Executing LogMiner query with SCN range (scn=96213453 to 96413453 with window 200000)" @service=redpanda-connect label="" path=root.input
time="2026-09-23T12:23:31+01:00" level=debug msg="LogMiner query returned no rows after 14.058459ms (scn=96213453 to 96413453)" @service=redpanda-connect label="" path=root.input
time="2026-09-23T12:23:32+01:00" level=debug msg="Collected 1 redo log file(s) for LogMiner: [ARCHIVED]" @service=redpanda-connect label="" path=root.input
time="2026-09-23T12:23:32+01:00" level=debug msg="Started LogMiner session from SCN 96413453 to SCN 96613453" @service=redpanda-connect label="" path=root.input
time="2026-09-23T12:23:32+01:00" level=debug msg="Executing LogMiner query with SCN range (scn=96413453 to 96613453 with window 200000)" @service=redpanda-connect label="" path=root.input
time="2026-09-23T12:23:32+01:00" level=debug msg="LogMiner query returned no rows after 11.197042ms (scn=96413453 to 96613453)" @service=redpanda-connect label="" path=root.input
time="2026-09-23T12:23:32+01:00" level=debug msg="Collected 1 redo log file(s) for LogMiner: [ARCHIVED]" @service=redpanda-connect label="" path=root.input
time="2026-09-23T12:23:32+01:00" level=debug msg="Started LogMiner session from SCN 96613453 to SCN 96813453" @service=redpanda-connect label="" path=root.input
time="2026-09-23T12:23:32+01:00" level=debug msg="Executing LogMiner query with SCN range (scn=96613453 to 96813453 with window 200000)" @service=redpanda-connect label="" path=root.input
time="2026-09-23T12:23:32+01:00" level=debug msg="LogMiner query returned no rows after 11.770667ms (scn=96613453 to 96813453)" @service=redpanda-connect label="" path=root.input
time="2026-09-23T12:23:32+01:00" level=debug msg="Collected 1 redo log file(s) for LogMiner: [ARCHIVED]" @service=redpanda-connect label="" path=root.input
time="2026-09-23T12:23:32+01:00" level=debug msg="Started LogMiner session from SCN 96813453 to SCN 97013453" @service=redpanda-connect label="" path=root.input
time="2026-09-23T12:23:32+01:00" level=debug msg="Executing LogMiner query with SCN range (scn=96813453 to 97013453 with window 200000)" @service=redpanda-connect label="" path=root.input
time="2026-09-23T12:23:32+01:00" level=debug msg="LogMiner query returned no rows after 12.378834ms (scn=96813453 to 97013453)" @service=redpanda-connect label="" path=root.input
time="2026-09-23T12:23:32+01:00" level=debug msg="Collected 1 redo log file(s) for LogMiner: [ARCHIVED]" @service=redpanda-connect label="" path=root.input
time="2026-09-23T12:23:32+01:00" level=debug msg="Started LogMiner session from SCN 97013453 to SCN 97213453" @service=redpanda-connect label="" path=root.input
time="2026-09-23T12:23:32+01:00" level=debug msg="Executing LogMiner query with SCN range (scn=97013453 to 97213453 with window 200000)" @service=redpanda-connect label="" path=root.input
time="2026-09-23T12:23:32+01:00" level=debug msg="LogMiner query returned no rows after 10.893875ms (scn=97013453 to 97213453)" @service=redpanda-connect label="" path=root.input
time="2026-09-23T12:23:32+01:00" level=debug msg="Collected 1 redo log file(s) for LogMiner: [ARCHIVED]" @service=redpanda-connect label="" path=root.input
time="2026-09-23T12:23:32+01:00" level=debug msg="Started LogMiner session from SCN 97213453 to SCN 97413453" @service=redpanda-connect label="" path=root.input
time="2026-09-23T12:23:32+01:00" level=debug msg="Executing LogMiner query with SCN range (scn=97213453 to 97413453 with window 200000)" @service=redpanda-connect label="" path=root.input
time="2026-09-23T12:23:32+01:00" level=debug msg="LogMiner query returned no rows after 12.318917ms (scn=97213453 to 97413453)" @service=redpanda-connect label="" path=root.input
time="2026-09-23T12:23:32+01:00" level=debug msg="Collected 1 redo log file(s) for LogMiner: [ARCHIVED]" @service=redpanda-connect label="" path=root.input
time="2026-09-23T12:23:32+01:00" level=debug msg="Started LogMiner session from SCN 97413453 to SCN 97613453" @service=redpanda-connect label="" path=root.input
time="2026-09-23T12:23:32+01:00" level=debug msg="Executing LogMiner query with SCN range (scn=97413453 to 97613453 with window 200000)" @service=redpanda-connect label="" path=root.input
time="2026-09-23T12:23:32+01:00" level=debug msg="LogMiner query returned no rows after 9.778292ms (scn=97413453 to 97613453)" @service=redpanda-connect label="" path=root.input
time="2026-09-23T12:23:32+01:00" level=debug msg="Collected 1 redo log file(s) for LogMiner: [ARCHIVED]" @service=redpanda-connect label="" path=root.input
time="2026-09-23T12:23:32+01:00" level=debug msg="Started LogMiner session from SCN 97613453 to SCN 97813453" @service=redpanda-connect label="" path=root.input
time="2026-09-23T12:23:32+01:00" level=debug msg="Executing LogMiner query with SCN range (scn=97613453 to 97813453 with window 200000)" @service=redpanda-connect label="" path=root.input
time="2026-09-23T12:23:32+01:00" level=debug msg="LogMiner query returned no rows after 12.556334ms (scn=97613453 to 97813453)" @service=redpanda-connect label="" path=root.input
time="2026-09-23T12:23:32+01:00" level=debug msg="Collected 1 redo log file(s) for LogMiner: [ARCHIVED]" @service=redpanda-connect label="" path=root.input
time="2026-09-23T12:23:32+01:00" level=debug msg="Started LogMiner session from SCN 97813453 to SCN 98013453" @service=redpanda-connect label="" path=root.input
time="2026-09-23T12:23:32+01:00" level=debug msg="Executing LogMiner query with SCN range (scn=97813453 to 98013453 with window 200000)" @service=redpanda-connect label="" path=root.input
time="2026-09-23T12:23:33+01:00" level=debug msg="LogMiner query returned no rows after 11.843792ms (scn=97813453 to 98013453)" @service=redpanda-connect label="" path=root.input
time="2026-09-23T12:23:33+01:00" level=debug msg="Collected 1 redo log file(s) for LogMiner: [ARCHIVED]" @service=redpanda-connect label="" path=root.input
time="2026-09-23T12:23:33+01:00" level=debug msg="Started LogMiner session from SCN 98013453 to SCN 98213453" @service=redpanda-connect label="" path=root.input
time="2026-09-23T12:23:33+01:00" level=debug msg="Executing LogMiner query with SCN range (scn=98013453 to 98213453 with window 200000)" @service=redpanda-connect label="" path=root.input
time="2026-09-23T12:23:33+01:00" level=debug msg="LogMiner query returned no rows after 11.705167ms (scn=98013453 to 98213453)" @service=redpanda-connect label="" path=root.input
time="2026-09-23T12:23:33+01:00" level=debug msg="Collected 1 redo log file(s) for LogMiner: [ARCHIVED]" @service=redpanda-connect label="" path=root.input
time="2026-09-23T12:23:33+01:00" level=debug msg="Started LogMiner session from SCN 98213453 to SCN 98413453" @service=redpanda-connect label="" path=root.input
time="2026-09-23T12:23:33+01:00" level=debug msg="Executing LogMiner query with SCN range (scn=98213453 to 98413453 with window 200000)" @service=redpanda-connect label="" path=root.input
time="2026-09-23T12:23:33+01:00" level=debug msg="LogMiner query returned no rows after 9.439ms (scn=98213453 to 98413453)" @service=redpanda-connect label="" path=root.input
time="2026-09-23T12:23:33+01:00" level=debug msg="Collected 1 redo log file(s) for LogMiner: [ARCHIVED]" @service=redpanda-connect label="" path=root.input
time="2026-09-23T12:23:33+01:00" level=debug msg="Started LogMiner session from SCN 98413453 to SCN 98613453" @service=redpanda-connect label="" path=root.input
time="2026-09-23T12:23:33+01:00" level=debug msg="Executing LogMiner query with SCN range (scn=98413453 to 98613453 with window 200000)" @service=redpanda-connect label="" path=root.input
time="2026-09-23T12:23:33+01:00" level=debug msg="LogMiner query returned no rows after 11.127917ms (scn=98413453 to 98613453)" @service=redpanda-connect label="" path=root.input
time="2026-09-23T12:23:33+01:00" level=debug msg="Collected 1 redo log file(s) for LogMiner: [ARCHIVED]" @service=redpanda-connect label="" path=root.input
time="2026-09-23T12:23:33+01:00" level=debug msg="Started LogMiner session from SCN 98613453 to SCN 98813453" @service=redpanda-connect label="" path=root.input
time="2026-09-23T12:23:33+01:00" level=debug msg="Executing LogMiner query with SCN range (scn=98613453 to 98813453 with window 200000)" @service=redpanda-connect label="" path=root.input
time="2026-09-23T12:23:33+01:00" level=debug msg="LogMiner query returned no rows after 12.930709ms (scn=98613453 to 98813453)" @service=redpanda-connect label="" path=root.input
time="2026-09-23T12:23:33+01:00" level=debug msg="Collected 1 redo log file(s) for LogMiner: [ARCHIVED]" @service=redpanda-connect label="" path=root.input
time="2026-09-23T12:23:33+01:00" level=debug msg="Started LogMiner session from SCN 98813453 to SCN 99013453" @service=redpanda-connect label="" path=root.input
time="2026-09-23T12:23:33+01:00" level=debug msg="Executing LogMiner query with SCN range (scn=98813453 to 99013453 with window 200000)" @service=redpanda-connect label="" path=root.input
time="2026-09-23T12:23:33+01:00" level=debug msg="LogMiner query returned no rows after 13.21875ms (scn=98813453 to 99013453)" @service=redpanda-connect label="" path=root.input
time="2026-09-23T12:23:33+01:00" level=debug msg="Collected 1 redo log file(s) for LogMiner: [ARCHIVED]" @service=redpanda-connect label="" path=root.input
time="2026-09-23T12:23:33+01:00" level=debug msg="Started LogMiner session from SCN 99013453 to SCN 99213453" @service=redpanda-connect label="" path=root.input
time="2026-09-23T12:23:33+01:00" level=debug msg="Executing LogMiner query with SCN range (scn=99013453 to 99213453 with window 200000)" @service=redpanda-connect label="" path=root.input
time="2026-09-23T12:23:33+01:00" level=debug msg="LogMiner query returned no rows after 13.325542ms (scn=99013453 to 99213453)" @service=redpanda-connect label="" path=root.input
time="2026-09-23T12:23:33+01:00" level=debug msg="Collected 1 redo log file(s) for LogMiner: [ARCHIVED]" @service=redpanda-connect label="" path=root.input
time="2026-09-23T12:23:33+01:00" level=debug msg="Started LogMiner session from SCN 99213453 to SCN 99413453" @service=redpanda-connect label="" path=root.input
time="2026-09-23T12:23:33+01:00" level=debug msg="Executing LogMiner query with SCN range (scn=99213453 to 99413453 with window 200000)" @service=redpanda-connect label="" path=root.input
time="2026-09-23T12:23:33+01:00" level=debug msg="LogMiner query returned no rows after 14.205583ms (scn=99213453 to 99413453)" @service=redpanda-connect label="" path=root.input
time="2026-09-23T12:23:34+01:00" level=debug msg="Collected 1 redo log file(s) for LogMiner: [ARCHIVED]" @service=redpanda-connect label="" path=root.input
time="2026-09-23T12:23:34+01:00" level=debug msg="Started LogMiner session from SCN 99413453 to SCN 99613453" @service=redpanda-connect label="" path=root.input
time="2026-09-23T12:23:34+01:00" level=debug msg="Executing LogMiner query with SCN range (scn=99413453 to 99613453 with window 200000)" @service=redpanda-connect label="" path=root.input
time="2026-09-23T12:23:34+01:00" level=debug msg="LogMiner query returned no rows after 13.010958ms (scn=99413453 to 99613453)" @service=redpanda-connect label="" path=root.input
time="2026-09-23T12:23:34+01:00" level=debug msg="Collected 1 redo log file(s) for LogMiner: [ARCHIVED]" @service=redpanda-connect label="" path=root.input
time="2026-09-23T12:23:34+01:00" level=debug msg="Started LogMiner session from SCN 99613453 to SCN 99813453" @service=redpanda-connect label="" path=root.input
time="2026-09-23T12:23:34+01:00" level=debug msg="Executing LogMiner query with SCN range (scn=99613453 to 99813453 with window 200000)" @service=redpanda-connect label="" path=root.input
time="2026-09-23T12:23:34+01:00" level=debug msg="LogMiner query returned no rows after 11.526583ms (scn=99613453 to 99813453)" @service=redpanda-connect label="" path=root.input
time="2026-09-23T12:23:34+01:00" level=debug msg="Collected 1 redo log file(s) for LogMiner: [ARCHIVED]" @service=redpanda-connect label="" path=root.input
time="2026-09-23T12:23:34+01:00" level=debug msg="Started LogMiner session from SCN 99813453 to SCN 100013453" @service=redpanda-connect label="" path=root.input
time="2026-09-23T12:23:34+01:00" level=debug msg="Executing LogMiner query with SCN range (scn=99813453 to 100013453 with window 200000)" @service=redpanda-connect label="" path=root.input
time="2026-09-23T12:23:34+01:00" level=debug msg="LogMiner query returned no rows after 12.573708ms (scn=99813453 to 100013453)" @service=redpanda-connect label="" path=root.input
time="2026-09-23T12:23:34+01:00" level=debug msg="Collected 1 redo log file(s) for LogMiner: [ARCHIVED]" @service=redpanda-connect label="" path=root.input
time="2026-09-23T12:23:34+01:00" level=debug msg="Started LogMiner session from SCN 100013453 to SCN 100213453" @service=redpanda-connect label="" path=root.input
time="2026-09-23T12:23:34+01:00" level=debug msg="Executing LogMiner query with SCN range (scn=100013453 to 100213453 with window 200000)" @service=redpanda-connect label="" path=root.input
time="2026-09-23T12:23:34+01:00" level=debug msg="LogMiner query returned no rows after 10.078917ms (scn=100013453 to 100213453)" @service=redpanda-connect label="" path=root.input
time="2026-09-23T12:23:34+01:00" level=debug msg="Collected 1 redo log file(s) for LogMiner: [ARCHIVED]" @service=redpanda-connect label="" path=root.input
time="2026-09-23T12:23:34+01:00" level=debug msg="Started LogMiner session from SCN 100213453 to SCN 100413453" @service=redpanda-connect label="" path=root.input
time="2026-09-23T12:23:34+01:00" level=debug msg="Executing LogMiner query with SCN range (scn=100213453 to 100413453 with window 200000)" @service=redpanda-connect label="" path=root.input
time="2026-09-23T12:23:34+01:00" level=debug msg="LogMiner query returned no rows after 10.320666ms (scn=100213453 to 100413453)" @service=redpanda-connect label="" path=root.input
time="2026-09-23T12:23:34+01:00" level=debug msg="Collected 1 redo log file(s) for LogMiner: [ARCHIVED]" @service=redpanda-connect label="" path=root.input
time="2026-09-23T12:23:34+01:00" level=debug msg="Started LogMiner session from SCN 100413453 to SCN 100613453" @service=redpanda-connect label="" path=root.input
time="2026-09-23T12:23:34+01:00" level=debug msg="Executing LogMiner query with SCN range (scn=100413453 to 100613453 with window 200000)" @service=redpanda-connect label="" path=root.input
time="2026-09-23T12:23:34+01:00" level=debug msg="LogMiner query returned no rows after 9.997041ms (scn=100413453 to 100613453)" @service=redpanda-connect label="" path=root.input
time="2026-09-23T12:23:34+01:00" level=debug msg="Collected 1 redo log file(s) for LogMiner: [ARCHIVED]" @service=redpanda-connect label="" path=root.input
time="2026-09-23T12:23:34+01:00" level=debug msg="Started LogMiner session from SCN 100613453 to SCN 100813453" @service=redpanda-connect label="" path=root.input
time="2026-09-23T12:23:34+01:00" level=debug msg="Executing LogMiner query with SCN range (scn=100613453 to 100813453 with window 200000)" @service=redpanda-connect label="" path=root.input
time="2026-09-23T12:23:34+01:00" level=debug msg="LogMiner query returned no rows after 9.723333ms (scn=100613453 to 100813453)" @service=redpanda-connect label="" path=root.input
time="2026-09-23T12:23:35+01:00" level=debug msg="Collected 1 redo log file(s) for LogMiner: [ARCHIVED]" @service=redpanda-connect label="" path=root.input
time="2026-09-23T12:23:35+01:00" level=debug msg="Started LogMiner session from SCN 100813453 to SCN 101013453" @service=redpanda-connect label="" path=root.input
time="2026-09-23T12:23:35+01:00" level=debug msg="Executing LogMiner query with SCN range (scn=100813453 to 101013453 with window 200000)" @service=redpanda-connect label="" path=root.input
time="2026-09-23T12:23:35+01:00" level=debug msg="LogMiner query returned no rows after 10.466875ms (scn=100813453 to 101013453)" @service=redpanda-connect label="" path=root.input
time="2026-09-23T12:23:35+01:00" level=debug msg="Collected 1 redo log file(s) for LogMiner: [ARCHIVED]" @service=redpanda-connect label="" path=root.input
time="2026-09-23T12:23:35+01:00" level=debug msg="Started LogMiner session from SCN 101013453 to SCN 101213453" @service=redpanda-connect label="" path=root.input
time="2026-09-23T12:23:35+01:00" level=debug msg="Executing LogMiner query with SCN range (scn=101013453 to 101213453 with window 200000)" @service=redpanda-connect label="" path=root.input
time="2026-09-23T12:23:35+01:00" level=debug msg="LogMiner query returned no rows after 10.434333ms (scn=101013453 to 101213453)" @service=redpanda-connect label="" path=root.input
time="2026-09-23T12:23:35+01:00" level=debug msg="Collected 1 redo log file(s) for LogMiner: [ARCHIVED]" @service=redpanda-connect label="" path=root.input
time="2026-09-23T12:23:35+01:00" level=debug msg="Started LogMiner session from SCN 101213453 to SCN 101413453" @service=redpanda-connect label="" path=root.input
time="2026-09-23T12:23:35+01:00" level=debug msg="Executing LogMiner query with SCN range (scn=101213453 to 101413453 with window 200000)" @service=redpanda-connect label="" path=root.input
time="2026-09-23T12:23:35+01:00" level=debug msg="LogMiner query returned no rows after 10.12975ms (scn=101213453 to 101413453)" @service=redpanda-connect label="" path=root.input
time="2026-09-23T12:23:35+01:00" level=debug msg="Collected 1 redo log file(s) for LogMiner: [ARCHIVED]" @service=redpanda-connect label="" path=root.input
time="2026-09-23T12:23:35+01:00" level=debug msg="Started LogMiner session from SCN 101413453 to SCN 101613453" @service=redpanda-connect label="" path=root.input
time="2026-09-23T12:23:35+01:00" level=debug msg="Executing LogMiner query with SCN range (scn=101413453 to 101613453 with window 200000)" @service=redpanda-connect label="" path=root.input
time="2026-09-23T12:23:35+01:00" level=debug msg="LogMiner query returned no rows after 7.917333ms (scn=101413453 to 101613453)" @service=redpanda-connect label="" path=root.input
time="2026-09-23T12:23:35+01:00" level=debug msg="Collected 1 redo log file(s) for LogMiner: [ARCHIVED]" @service=redpanda-connect label="" path=root.input
time="2026-09-23T12:23:35+01:00" level=debug msg="Started LogMiner session from SCN 101613453 to SCN 101813453" @service=redpanda-connect label="" path=root.input
time="2026-09-23T12:23:35+01:00" level=debug msg="Executing LogMiner query with SCN range (scn=101613453 to 101813453 with window 200000)" @service=redpanda-connect label="" path=root.input
time="2026-09-23T12:23:35+01:00" level=debug msg="LogMiner query returned no rows after 10.882458ms (scn=101613453 to 101813453)" @service=redpanda-connect label="" path=root.input
time="2026-09-23T12:23:35+01:00" level=debug msg="Collected 1 redo log file(s) for LogMiner: [ARCHIVED]" @service=redpanda-connect label="" path=root.input
time="2026-09-23T12:23:35+01:00" level=debug msg="Started LogMiner session from SCN 101813453 to SCN 102013453" @service=redpanda-connect label="" path=root.input
time="2026-09-23T12:23:35+01:00" level=debug msg="Executing LogMiner query with SCN range (scn=101813453 to 102013453 with window 200000)" @service=redpanda-connect label="" path=root.input
time="2026-09-23T12:23:35+01:00" level=debug msg="LogMiner query returned no rows after 10.384833ms (scn=101813453 to 102013453)" @service=redpanda-connect label="" path=root.input
time="2026-09-23T12:23:35+01:00" level=debug msg="Collected 1 redo log file(s) for LogMiner: [ARCHIVED]" @service=redpanda-connect label="" path=root.input
time="2026-09-23T12:23:35+01:00" level=debug msg="Started LogMiner session from SCN 102013453 to SCN 102213453" @service=redpanda-connect label="" path=root.input
time="2026-09-23T12:23:35+01:00" level=debug msg="Executing LogMiner query with SCN range (scn=102013453 to 102213453 with window 200000)" @service=redpanda-connect label="" path=root.input
time="2026-09-23T12:23:35+01:00" level=debug msg="LogMiner query returned no rows after 9.728917ms (scn=102013453 to 102213453)" @service=redpanda-connect label="" path=root.input
time="2026-09-23T12:23:35+01:00" level=debug msg="Collected 1 redo log file(s) for LogMiner: [ARCHIVED]" @service=redpanda-connect label="" path=root.input
time="2026-09-23T12:23:35+01:00" level=debug msg="Started LogMiner session from SCN 102213453 to SCN 102413453" @service=redpanda-connect label="" path=root.input
time="2026-09-23T12:23:35+01:00" level=debug msg="Executing LogMiner query with SCN range (scn=102213453 to 102413453 with window 200000)" @service=redpanda-connect label="" path=root.input
time="2026-09-23T12:23:35+01:00" level=debug msg="LogMiner query returned no rows after 8.271833ms (scn=102213453 to 102413453)" @service=redpanda-connect label="" path=root.input
time="2026-09-23T12:23:36+01:00" level=debug msg="Collected 1 redo log file(s) for LogMiner: [ARCHIVED]" @service=redpanda-connect label="" path=root.input
time="2026-09-23T12:23:36+01:00" level=debug msg="Started LogMiner session from SCN 102413453 to SCN 102613453" @service=redpanda-connect label="" path=root.input
time="2026-09-23T12:23:36+01:00" level=debug msg="Executing LogMiner query with SCN range (scn=102413453 to 102613453 with window 200000)" @service=redpanda-connect label="" path=root.input
time="2026-09-23T12:23:36+01:00" level=debug msg="LogMiner query returned no rows after 10.708417ms (scn=102413453 to 102613453)" @service=redpanda-connect label="" path=root.input
time="2026-09-23T12:23:36+01:00" level=debug msg="Collected 1 redo log file(s) for LogMiner: [ARCHIVED]" @service=redpanda-connect label="" path=root.input
time="2026-09-23T12:23:36+01:00" level=debug msg="Started LogMiner session from SCN 102613453 to SCN 102813453" @service=redpanda-connect label="" path=root.input
time="2026-09-23T12:23:36+01:00" level=debug msg="Executing LogMiner query with SCN range (scn=102613453 to 102813453 with window 200000)" @service=redpanda-connect label="" path=root.input
time="2026-09-23T12:23:36+01:00" level=debug msg="LogMiner query returned no rows after 12.812417ms (scn=102613453 to 102813453)" @service=redpanda-connect label="" path=root.input
time="2026-09-23T12:23:36+01:00" level=debug msg="Collected 1 redo log file(s) for LogMiner: [ARCHIVED]" @service=redpanda-connect label="" path=root.input
time="2026-09-23T12:23:36+01:00" level=debug msg="Started LogMiner session from SCN 102813453 to SCN 103013453" @service=redpanda-connect label="" path=root.input
time="2026-09-23T12:23:36+01:00" level=debug msg="Executing LogMiner query with SCN range (scn=102813453 to 103013453 with window 200000)" @service=redpanda-connect label="" path=root.input
time="2026-09-23T12:23:36+01:00" level=debug msg="LogMiner query returned no rows after 9.18ms (scn=102813453 to 103013453)" @service=redpanda-connect label="" path=root.input
time="2026-09-23T12:23:36+01:00" level=debug msg="Collected 1 redo log file(s) for LogMiner: [ARCHIVED]" @service=redpanda-connect label="" path=root.input
time="2026-09-23T12:23:36+01:00" level=debug msg="Started LogMiner session from SCN 103013453 to SCN 103213453" @service=redpanda-connect label="" path=root.input
time="2026-09-23T12:23:36+01:00" level=debug msg="Executing LogMiner query with SCN range (scn=103013453 to 103213453 with window 200000)" @service=redpanda-connect label="" path=root.input
time="2026-09-23T12:23:36+01:00" level=debug msg="LogMiner query returned no rows after 12.043166ms (scn=103013453 to 103213453)" @service=redpanda-connect label="" path=root.input
time="2026-09-23T12:23:36+01:00" level=debug msg="Collected 1 redo log file(s) for LogMiner: [ARCHIVED]" @service=redpanda-connect label="" path=root.input
time="2026-09-23T12:23:36+01:00" level=debug msg="Started LogMiner session from SCN 103213453 to SCN 103413453" @service=redpanda-connect label="" path=root.input
time="2026-09-23T12:23:36+01:00" level=debug msg="Executing LogMiner query with SCN range (scn=103213453 to 103413453 with window 200000)" @service=redpanda-connect label="" path=root.input
time="2026-09-23T12:23:36+01:00" level=debug msg="LogMiner query returned no rows after 12.547416ms (scn=103213453 to 103413453)" @service=redpanda-connect label="" path=root.input
time="2026-09-23T12:23:36+01:00" level=debug msg="Collected 1 redo log file(s) for LogMiner: [ARCHIVED]" @service=redpanda-connect label="" path=root.input
time="2026-09-23T12:23:36+01:00" level=debug msg="Started LogMiner session from SCN 103413453 to SCN 103613453" @service=redpanda-connect label="" path=root.input
time="2026-09-23T12:23:36+01:00" level=debug msg="Executing LogMiner query with SCN range (scn=103413453 to 103613453 with window 200000)" @service=redpanda-connect label="" path=root.input
time="2026-09-23T12:23:36+01:00" level=debug msg="LogMiner query returned no rows after 13.225042ms (scn=103413453 to 103613453)" @service=redpanda-connect label="" path=root.input
time="2026-09-23T12:23:36+01:00" level=debug msg="Collected 1 redo log file(s) for LogMiner: [ARCHIVED]" @service=redpanda-connect label="" path=root.input
time="2026-09-23T12:23:36+01:00" level=debug msg="Started LogMiner session from SCN 103613453 to SCN 103813453" @service=redpanda-connect label="" path=root.input
time="2026-09-23T12:23:36+01:00" level=debug msg="Executing LogMiner query with SCN range (scn=103613453 to 103813453 with window 200000)" @service=redpanda-connect label="" path=root.input
time="2026-09-23T12:23:36+01:00" level=debug msg="LogMiner query returned no rows after 12.810791ms (scn=103613453 to 103813453)" @service=redpanda-connect label="" path=root.input
time="2026-09-23T12:23:37+01:00" level=debug msg="Collected 1 redo log file(s) for LogMiner: [ARCHIVED]" @service=redpanda-connect label="" path=root.input
time="2026-09-23T12:23:37+01:00" level=debug msg="Started LogMiner session from SCN 103813453 to SCN 104013453" @service=redpanda-connect label="" path=root.input
time="2026-09-23T12:23:37+01:00" level=debug msg="Executing LogMiner query with SCN range (scn=103813453 to 104013453 with window 200000)" @service=redpanda-connect label="" path=root.input
time="2026-09-23T12:23:37+01:00" level=debug msg="LogMiner query returned no rows after 12.269ms (scn=103813453 to 104013453)" @service=redpanda-connect label="" path=root.input
time="2026-09-23T12:23:37+01:00" level=debug msg="Collected 1 redo log file(s) for LogMiner: [ARCHIVED]" @service=redpanda-connect label="" path=root.input
time="2026-09-23T12:23:37+01:00" level=debug msg="Started LogMiner session from SCN 104013453 to SCN 104213453" @service=redpanda-connect label="" path=root.input
time="2026-09-23T12:23:37+01:00" level=debug msg="Executing LogMiner query with SCN range (scn=104013453 to 104213453 with window 200000)" @service=redpanda-connect label="" path=root.input
time="2026-09-23T12:23:37+01:00" level=debug msg="LogMiner query returned no rows after 13.424375ms (scn=104013453 to 104213453)" @service=redpanda-connect label="" path=root.input
time="2026-09-23T12:23:37+01:00" level=debug msg="Collected 1 redo log file(s) for LogMiner: [ARCHIVED]" @service=redpanda-connect label="" path=root.input
time="2026-09-23T12:23:37+01:00" level=debug msg="Started LogMiner session from SCN 104213453 to SCN 104413453" @service=redpanda-connect label="" path=root.input
time="2026-09-23T12:23:37+01:00" level=debug msg="Executing LogMiner query with SCN range (scn=104213453 to 104413453 with window 200000)" @service=redpanda-connect label="" path=root.input
time="2026-09-23T12:23:37+01:00" level=debug msg="LogMiner query returned no rows after 12.74675ms (scn=104213453 to 104413453)" @service=redpanda-connect label="" path=root.input
time="2026-09-23T12:23:37+01:00" level=debug msg="Collected 1 redo log file(s) for LogMiner: [ARCHIVED]" @service=redpanda-connect label="" path=root.input
time="2026-09-23T12:23:37+01:00" level=debug msg="Started LogMiner session from SCN 104413453 to SCN 104613453" @service=redpanda-connect label="" path=root.input
time="2026-09-23T12:23:37+01:00" level=debug msg="Executing LogMiner query with SCN range (scn=104413453 to 104613453 with window 200000)" @service=redpanda-connect label="" path=root.input
time="2026-09-23T12:23:37+01:00" level=debug msg="LogMiner query returned no rows after 11.689583ms (scn=104413453 to 104613453)" @service=redpanda-connect label="" path=root.input
time="2026-09-23T12:23:37+01:00" level=debug msg="Collected 1 redo log file(s) for LogMiner: [ARCHIVED]" @service=redpanda-connect label="" path=root.input
time="2026-09-23T12:23:37+01:00" level=debug msg="Started LogMiner session from SCN 104613453 to SCN 104813453" @service=redpanda-connect label="" path=root.input
time="2026-09-23T12:23:37+01:00" level=debug msg="Executing LogMiner query with SCN range (scn=104613453 to 104813453 with window 200000)" @service=redpanda-connect label="" path=root.input
time="2026-09-23T12:23:37+01:00" level=debug msg="LogMiner query returned no rows after 13.730375ms (scn=104613453 to 104813453)" @service=redpanda-connect label="" path=root.input
time="2026-09-23T12:23:37+01:00" level=debug msg="Collected 1 redo log file(s) for LogMiner: [ARCHIVED]" @service=redpanda-connect label="" path=root.input
time="2026-09-23T12:23:37+01:00" level=debug msg="Started LogMiner session from SCN 104813453 to SCN 105013453" @service=redpanda-connect label="" path=root.input
time="2026-09-23T12:23:37+01:00" level=debug msg="Executing LogMiner query with SCN range (scn=104813453 to 105013453 with window 200000)" @service=redpanda-connect label="" path=root.input
time="2026-09-23T12:23:37+01:00" level=debug msg="LogMiner query returned no rows after 8.337125ms (scn=104813453 to 105013453)" @service=redpanda-connect label="" path=root.input
time="2026-09-23T12:23:37+01:00" level=debug msg="Collected 1 redo log file(s) for LogMiner: [ARCHIVED]" @service=redpanda-connect label="" path=root.input
time="2026-09-23T12:23:37+01:00" level=debug msg="Started LogMiner session from SCN 105013453 to SCN 105213453" @service=redpanda-connect label="" path=root.input
time="2026-09-23T12:23:37+01:00" level=debug msg="Executing LogMiner query with SCN range (scn=105013453 to 105213453 with window 200000)" @service=redpanda-connect label="" path=root.input
time="2026-09-23T12:23:37+01:00" level=debug msg="LogMiner query returned no rows after 10.62225ms (scn=105013453 to 105213453)" @service=redpanda-connect label="" path=root.input
time="2026-09-23T12:23:38+01:00" level=debug msg="Collected 1 redo log file(s) for LogMiner: [ARCHIVED]" @service=redpanda-connect label="" path=root.input
time="2026-09-23T12:23:38+01:00" level=debug msg="Started LogMiner session from SCN 105213453 to SCN 105413453" @service=redpanda-connect label="" path=root.input
time="2026-09-23T12:23:38+01:00" level=debug msg="Executing LogMiner query with SCN range (scn=105213453 to 105413453 with window 200000)" @service=redpanda-connect label="" path=root.input
time="2026-09-23T12:23:38+01:00" level=debug msg="LogMiner query returned no rows after 13.197167ms (scn=105213453 to 105413453)" @service=redpanda-connect label="" path=root.input
time="2026-09-23T12:23:38+01:00" level=debug msg="Collected 1 redo log file(s) for LogMiner: [ARCHIVED]" @service=redpanda-connect label="" path=root.input
time="2026-09-23T12:23:38+01:00" level=debug msg="Started LogMiner session from SCN 105413453 to SCN 105613453" @service=redpanda-connect label="" path=root.input
time="2026-09-23T12:23:38+01:00" level=debug msg="Executing LogMiner query with SCN range (scn=105413453 to 105613453 with window 200000)" @service=redpanda-connect label="" path=root.input
time="2026-09-23T12:23:38+01:00" level=debug msg="LogMiner query returned no rows after 12.198458ms (scn=105413453 to 105613453)" @service=redpanda-connect label="" path=root.input
time="2026-09-23T12:23:38+01:00" level=debug msg="Collected 1 redo log file(s) for LogMiner: [ARCHIVED]" @service=redpanda-connect label="" path=root.input
time="2026-09-23T12:23:38+01:00" level=debug msg="Started LogMiner session from SCN 105613453 to SCN 105813453" @service=redpanda-connect label="" path=root.input
time="2026-09-23T12:23:38+01:00" level=debug msg="Executing LogMiner query with SCN range (scn=105613453 to 105813453 with window 200000)" @service=redpanda-connect label="" path=root.input
time="2026-09-23T12:23:38+01:00" level=debug msg="LogMiner query returned no rows after 9.025958ms (scn=105613453 to 105813453)" @service=redpanda-connect label="" path=root.input
time="2026-09-23T12:23:38+01:00" level=debug msg="Collected 1 redo log file(s) for LogMiner: [ARCHIVED]" @service=redpanda-connect label="" path=root.input
time="2026-09-23T12:23:38+01:00" level=debug msg="Started LogMiner session from SCN 105813453 to SCN 106013453" @service=redpanda-connect label="" path=root.input
time="2026-09-23T12:23:38+01:00" level=debug msg="Executing LogMiner query with SCN range (scn=105813453 to 106013453 with window 200000)" @service=redpanda-connect label="" path=root.input
time="2026-09-23T12:23:38+01:00" level=debug msg="LogMiner query returned no rows after 13.492708ms (scn=105813453 to 106013453)" @service=redpanda-connect label="" path=root.input
time="2026-09-23T12:23:38+01:00" level=debug msg="Collected 1 redo log file(s) for LogMiner: [ARCHIVED]" @service=redpanda-connect label="" path=root.input
time="2026-09-23T12:23:38+01:00" level=debug msg="Started LogMiner session from SCN 106013453 to SCN 106213453" @service=redpanda-connect label="" path=root.input
time="2026-09-23T12:23:38+01:00" level=debug msg="Executing LogMiner query with SCN range (scn=106013453 to 106213453 with window 200000)" @service=redpanda-connect label="" path=root.input
time="2026-09-23T12:23:38+01:00" level=debug msg="LogMiner query returned no rows after 10.352833ms (scn=106013453 to 106213453)" @service=redpanda-connect label="" path=root.input
time="2026-09-23T12:23:38+01:00" level=debug msg="Collected 1 redo log file(s) for LogMiner: [ARCHIVED]" @service=redpanda-connect label="" path=root.input
time="2026-09-23T12:23:38+01:00" level=debug msg="Started LogMiner session from SCN 106213453 to SCN 106413453" @service=redpanda-connect label="" path=root.input
time="2026-09-23T12:23:38+01:00" level=debug msg="Executing LogMiner query with SCN range (scn=106213453 to 106413453 with window 200000)" @service=redpanda-connect label="" path=root.input
time="2026-09-23T12:23:38+01:00" level=debug msg="LogMiner query returned no rows after 11.203292ms (scn=106213453 to 106413453)" @service=redpanda-connect label="" path=root.input
time="2026-09-23T12:23:38+01:00" level=debug msg="Collected 1 redo log file(s) for LogMiner: [ARCHIVED]" @service=redpanda-connect label="" path=root.input
time="2026-09-23T12:23:38+01:00" level=debug msg="Started LogMiner session from SCN 106413453 to SCN 106613453" @service=redpanda-connect label="" path=root.input
time="2026-09-23T12:23:38+01:00" level=debug msg="Executing LogMiner query with SCN range (scn=106413453 to 106613453 with window 200000)" @service=redpanda-connect label="" path=root.input
time="2026-09-23T12:23:38+01:00" level=debug msg="LogMiner query returned no rows after 12.133333ms (scn=106413453 to 106613453)" @service=redpanda-connect label="" path=root.input
time="2026-09-23T12:23:39+01:00" level=debug msg="Collected 1 redo log file(s) for LogMiner: [ARCHIVED]" @service=redpanda-connect label="" path=root.input
time="2026-09-23T12:23:39+01:00" level=debug msg="Started LogMiner session from SCN 106613453 to SCN 106813453" @service=redpanda-connect label="" path=root.input
time="2026-09-23T12:23:39+01:00" level=debug msg="Executing LogMiner query with SCN range (scn=106613453 to 106813453 with window 200000)" @service=redpanda-connect label="" path=root.input
time="2026-09-23T12:23:39+01:00" level=debug msg="LogMiner query returned no rows after 9.836166ms (scn=106613453 to 106813453)" @service=redpanda-connect label="" path=root.input
time="2026-09-23T12:23:39+01:00" level=debug msg="Collected 1 redo log file(s) for LogMiner: [ARCHIVED]" @service=redpanda-connect label="" path=root.input
time="2026-09-23T12:23:39+01:00" level=debug msg="Started LogMiner session from SCN 106813453 to SCN 107013453" @service=redpanda-connect label="" path=root.input
time="2026-09-23T12:23:39+01:00" level=debug msg="Executing LogMiner query with SCN range (scn=106813453 to 107013453 with window 200000)" @service=redpanda-connect label="" path=root.input
time="2026-09-23T12:23:39+01:00" level=debug msg="LogMiner query returned no rows after 11.786ms (scn=106813453 to 107013453)" @service=redpanda-connect label="" path=root.input
time="2026-09-23T12:23:39+01:00" level=debug msg="Collected 1 redo log file(s) for LogMiner: [ARCHIVED]" @service=redpanda-connect label="" path=root.input
time="2026-09-23T12:23:39+01:00" level=debug msg="Started LogMiner session from SCN 107013453 to SCN 107213453" @service=redpanda-connect label="" path=root.input
time="2026-09-23T12:23:39+01:00" level=debug msg="Executing LogMiner query with SCN range (scn=107013453 to 107213453 with window 200000)" @service=redpanda-connect label="" path=root.input
time="2026-09-23T12:23:39+01:00" level=debug msg="LogMiner query returned no rows after 12.503ms (scn=107013453 to 107213453)" @service=redpanda-connect label="" path=root.input
time="2026-09-23T12:23:39+01:00" level=debug msg="Collected 1 redo log file(s) for LogMiner: [ARCHIVED]" @service=redpanda-connect label="" path=root.input
time="2026-09-23T12:23:39+01:00" level=debug msg="Started LogMiner session from SCN 107213453 to SCN 107413453" @service=redpanda-connect label="" path=root.input
time="2026-09-23T12:23:39+01:00" level=debug msg="Executing LogMiner query with SCN range (scn=107213453 to 107413453 with window 200000)" @service=redpanda-connect label="" path=root.input
time="2026-09-23T12:23:39+01:00" level=debug msg="LogMiner query returned no rows after 13.343292ms (scn=107213453 to 107413453)" @service=redpanda-connect label="" path=root.input
time="2026-09-23T12:23:39+01:00" level=debug msg="Collected 1 redo log file(s) for LogMiner: [ARCHIVED]" @service=redpanda-connect label="" path=root.input
time="2026-09-23T12:23:39+01:00" level=debug msg="Started LogMiner session from SCN 107413453 to SCN 107613453" @service=redpanda-connect label="" path=root.input
time="2026-09-23T12:23:39+01:00" level=debug msg="Executing LogMiner query with SCN range (scn=107413453 to 107613453 with window 200000)" @service=redpanda-connect label="" path=root.input
time="2026-09-23T12:23:39+01:00" level=debug msg="LogMiner query returned no rows after 13.172125ms (scn=107413453 to 107613453)" @service=redpanda-connect label="" path=root.input
time="2026-09-23T12:23:39+01:00" level=debug msg="Collected 1 redo log file(s) for LogMiner: [ARCHIVED]" @service=redpanda-connect label="" path=root.input
time="2026-09-23T12:23:39+01:00" level=debug msg="Started LogMiner session from SCN 107613453 to SCN 107813453" @service=redpanda-connect label="" path=root.input
time="2026-09-23T12:23:39+01:00" level=debug msg="Executing LogMiner query with SCN range (scn=107613453 to 107813453 with window 200000)" @service=redpanda-connect label="" path=root.input
time="2026-09-23T12:23:39+01:00" level=debug msg="LogMiner query returned no rows after 12.783709ms (scn=107613453 to 107813453)" @service=redpanda-connect label="" path=root.input
time="2026-09-23T12:23:39+01:00" level=debug msg="Collected 1 redo log file(s) for LogMiner: [ARCHIVED]" @service=redpanda-connect label="" path=root.input
time="2026-09-23T12:23:39+01:00" level=debug msg="Started LogMiner session from SCN 107813453 to SCN 108013453" @service=redpanda-connect label="" path=root.input
time="2026-09-23T12:23:39+01:00" level=debug msg="Executing LogMiner query with SCN range (scn=107813453 to 108013453 with window 200000)" @service=redpanda-connect label="" path=root.input
time="2026-09-23T12:23:39+01:00" level=debug msg="LogMiner query returned no rows after 11.484042ms (scn=107813453 to 108013453)" @service=redpanda-connect label="" path=root.input
time="2026-09-23T12:23:39+01:00" level=debug msg="Collected 1 redo log file(s) for LogMiner: [ARCHIVED]" @service=redpanda-connect label="" path=root.input
time="2026-09-23T12:23:39+01:00" level=debug msg="Started LogMiner session from SCN 108013453 to SCN 108213453" @service=redpanda-connect label="" path=root.input
time="2026-09-23T12:23:39+01:00" level=debug msg="Executing LogMiner query with SCN range (scn=108013453 to 108213453 with window 200000)" @service=redpanda-connect label="" path=root.input
time="2026-09-23T12:23:40+01:00" level=debug msg="LogMiner query returned no rows after 9.4215ms (scn=108013453 to 108213453)" @service=redpanda-connect label="" path=root.input
time="2026-09-23T12:23:40+01:00" level=debug msg="Collected 1 redo log file(s) for LogMiner: [ARCHIVED]" @service=redpanda-connect label="" path=root.input
time="2026-09-23T12:23:40+01:00" level=debug msg="Started LogMiner session from SCN 108213453 to SCN 108413453" @service=redpanda-connect label="" path=root.input
time="2026-09-23T12:23:40+01:00" level=debug msg="Executing LogMiner query with SCN range (scn=108213453 to 108413453 with window 200000)" @service=redpanda-connect label="" path=root.input
time="2026-09-23T12:23:40+01:00" level=debug msg="LogMiner query returned no rows after 7.7535ms (scn=108213453 to 108413453)" @service=redpanda-connect label="" path=root.input
time="2026-09-23T12:23:40+01:00" level=debug msg="Collected 1 redo log file(s) for LogMiner: [ARCHIVED]" @service=redpanda-connect label="" path=root.input
time="2026-09-23T12:23:40+01:00" level=debug msg="Started LogMiner session from SCN 108413453 to SCN 108613453" @service=redpanda-connect label="" path=root.input
time="2026-09-23T12:23:40+01:00" level=debug msg="Executing LogMiner query with SCN range (scn=108413453 to 108613453 with window 200000)" @service=redpanda-connect label="" path=root.input
time="2026-09-23T12:23:40+01:00" level=debug msg="LogMiner query returned no rows after 12.373125ms (scn=108413453 to 108613453)" @service=redpanda-connect label="" path=root.input
time="2026-09-23T12:23:40+01:00" level=debug msg="Collected 1 redo log file(s) for LogMiner: [ARCHIVED]" @service=redpanda-connect label="" path=root.input
time="2026-09-23T12:23:40+01:00" level=debug msg="Started LogMiner session from SCN 108613453 to SCN 108813453" @service=redpanda-connect label="" path=root.input
time="2026-09-23T12:23:40+01:00" level=debug msg="Executing LogMiner query with SCN range (scn=108613453 to 108813453 with window 200000)" @service=redpanda-connect label="" path=root.input
time="2026-09-23T12:23:40+01:00" level=debug msg="LogMiner query returned no rows after 12.492834ms (scn=108613453 to 108813453)" @service=redpanda-connect label="" path=root.input
time="2026-09-23T12:23:40+01:00" level=debug msg="Collected 1 redo log file(s) for LogMiner: [ARCHIVED]" @service=redpanda-connect label="" path=root.input
time="2026-09-23T12:23:40+01:00" level=debug msg="Started LogMiner session from SCN 108813453 to SCN 109013453" @service=redpanda-connect label="" path=root.input
time="2026-09-23T12:23:40+01:00" level=debug msg="Executing LogMiner query with SCN range (scn=108813453 to 109013453 with window 200000)" @service=redpanda-connect label="" path=root.input
time="2026-09-23T12:23:40+01:00" level=debug msg="LogMiner query returned no rows after 12.985083ms (scn=108813453 to 109013453)" @service=redpanda-connect label="" path=root.input
time="2026-09-23T12:23:40+01:00" level=debug msg="Collected 1 redo log file(s) for LogMiner: [ARCHIVED]" @service=redpanda-connect label="" path=root.input
time="2026-09-23T12:23:40+01:00" level=debug msg="Started LogMiner session from SCN 109013453 to SCN 109213453" @service=redpanda-connect label="" path=root.input
time="2026-09-23T12:23:40+01:00" level=debug msg="Executing LogMiner query with SCN range (scn=109013453 to 109213453 with window 200000)" @service=redpanda-connect label="" path=root.input
time="2026-09-23T12:23:40+01:00" level=debug msg="LogMiner query returned no rows after 12.187292ms (scn=109013453 to 109213453)" @service=redpanda-connect label="" path=root.input
time="2026-09-23T12:23:40+01:00" level=debug msg="Collected 1 redo log file(s) for LogMiner: [ARCHIVED]" @service=redpanda-connect label="" path=root.input
time="2026-09-23T12:23:40+01:00" level=debug msg="Started LogMiner session from SCN 109213453 to SCN 109413453" @service=redpanda-connect label="" path=root.input
time="2026-09-23T12:23:40+01:00" level=debug msg="Executing LogMiner query with SCN range (scn=109213453 to 109413453 with window 200000)" @service=redpanda-connect label="" path=root.input
time="2026-09-23T12:23:40+01:00" level=debug msg="LogMiner query returned no rows after 11.958167ms (scn=109213453 to 109413453)" @service=redpanda-connect label="" path=root.input
time="2026-09-23T12:23:40+01:00" level=debug msg="Collected 1 redo log file(s) for LogMiner: [ARCHIVED]" @service=redpanda-connect label="" path=root.input
time="2026-09-23T12:23:40+01:00" level=debug msg="Started LogMiner session from SCN 109413453 to SCN 109613453" @service=redpanda-connect label="" path=root.input
time="2026-09-23T12:23:40+01:00" level=debug msg="Executing LogMiner query with SCN range (scn=109413453 to 109613453 with window 200000)" @service=redpanda-connect label="" path=root.input
time="2026-09-23T12:23:40+01:00" level=debug msg="LogMiner query returned no rows after 12.852459ms (scn=109413453 to 109613453)" @service=redpanda-connect label="" path=root.input
time="2026-09-23T12:23:41+01:00" level=debug msg="Collected 1 redo log file(s) for LogMiner: [ARCHIVED]" @service=redpanda-connect label="" path=root.input
time="2026-09-23T12:23:41+01:00" level=debug msg="Started LogMiner session from SCN 109613453 to SCN 109813453" @service=redpanda-connect label="" path=root.input
time="2026-09-23T12:23:41+01:00" level=debug msg="Executing LogMiner query with SCN range (scn=109613453 to 109813453 with window 200000)" @service=redpanda-connect label="" path=root.input
time="2026-09-23T12:23:41+01:00" level=debug msg="LogMiner query returned no rows after 12.799208ms (scn=109613453 to 109813453)" @service=redpanda-connect label="" path=root.input
time="2026-09-23T12:23:41+01:00" level=debug msg="Collected 1 redo log file(s) for LogMiner: [ARCHIVED]" @service=redpanda-connect label="" path=root.input
time="2026-09-23T12:23:41+01:00" level=debug msg="Started LogMiner session from SCN 109813453 to SCN 110013453" @service=redpanda-connect label="" path=root.input
time="2026-09-23T12:23:41+01:00" level=debug msg="Executing LogMiner query with SCN range (scn=109813453 to 110013453 with window 200000)" @service=redpanda-connect label="" path=root.input
time="2026-09-23T12:23:41+01:00" level=debug msg="LogMiner query returned no rows after 13.725708ms (scn=109813453 to 110013453)" @service=redpanda-connect label="" path=root.input
time="2026-09-23T12:23:41+01:00" level=debug msg="Collected 1 redo log file(s) for LogMiner: [ARCHIVED]" @service=redpanda-connect label="" path=root.input
time="2026-09-23T12:23:41+01:00" level=debug msg="Started LogMiner session from SCN 110013453 to SCN 110213453" @service=redpanda-connect label="" path=root.input
time="2026-09-23T12:23:41+01:00" level=debug msg="Executing LogMiner query with SCN range (scn=110013453 to 110213453 with window 200000)" @service=redpanda-connect label="" path=root.input
time="2026-09-23T12:23:41+01:00" level=debug msg="LogMiner query returned no rows after 12.732541ms (scn=110013453 to 110213453)" @service=redpanda-connect label="" path=root.input
time="2026-09-23T12:23:41+01:00" level=debug msg="Collected 1 redo log file(s) for LogMiner: [ARCHIVED]" @service=redpanda-connect label="" path=root.input
time="2026-09-23T12:23:41+01:00" level=debug msg="Started LogMiner session from SCN 110213453 to SCN 110413453" @service=redpanda-connect label="" path=root.input
time="2026-09-23T12:23:41+01:00" level=debug msg="Executing LogMiner query with SCN range (scn=110213453 to 110413453 with window 200000)" @service=redpanda-connect label="" path=root.input
time="2026-09-23T12:23:41+01:00" level=debug msg="LogMiner query returned no rows after 12.200625ms (scn=110213453 to 110413453)" @service=redpanda-connect label="" path=root.input
time="2026-09-23T12:23:41+01:00" level=debug msg="Collected 1 redo log file(s) for LogMiner: [ARCHIVED]" @service=redpanda-connect label="" path=root.input
time="2026-09-23T12:23:41+01:00" level=debug msg="Started LogMiner session from SCN 110413453 to SCN 110613453" @service=redpanda-connect label="" path=root.input
time="2026-09-23T12:23:41+01:00" level=debug msg="Executing LogMiner query with SCN range (scn=110413453 to 110613453 with window 200000)" @service=redpanda-connect label="" path=root.input
time="2026-09-23T12:23:41+01:00" level=debug msg="LogMiner query returned no rows after 12.274042ms (scn=110413453 to 110613453)" @service=redpanda-connect label="" path=root.input
time="2026-09-23T12:23:41+01:00" level=debug msg="Collected 1 redo log file(s) for LogMiner: [ARCHIVED]" @service=redpanda-connect label="" path=root.input
time="2026-09-23T12:23:41+01:00" level=debug msg="Started LogMiner session from SCN 110613453 to SCN 110813453" @service=redpanda-connect label="" path=root.input
time="2026-09-23T12:23:41+01:00" level=debug msg="Executing LogMiner query with SCN range (scn=110613453 to 110813453 with window 200000)" @service=redpanda-connect label="" path=root.input
time="2026-09-23T12:23:41+01:00" level=debug msg="LogMiner query returned no rows after 11.430292ms (scn=110613453 to 110813453)" @service=redpanda-connect label="" path=root.input
time="2026-09-23T12:23:41+01:00" level=debug msg="Collected 1 redo log file(s) for LogMiner: [ARCHIVED]" @service=redpanda-connect label="" path=root.input
time="2026-09-23T12:23:41+01:00" level=debug msg="Started LogMiner session from SCN 110813453 to SCN 111013453" @service=redpanda-connect label="" path=root.input
time="2026-09-23T12:23:41+01:00" level=debug msg="Executing LogMiner query with SCN range (scn=110813453 to 111013453 with window 200000)" @service=redpanda-connect label="" path=root.input
time="2026-09-23T12:23:41+01:00" level=debug msg="LogMiner query returned no rows after 11.936083ms (scn=110813453 to 111013453)" @service=redpanda-connect label="" path=root.input
time="2026-09-23T12:23:42+01:00" level=debug msg="Collected 1 redo log file(s) for LogMiner: [ARCHIVED]" @service=redpanda-connect label="" path=root.input
time="2026-09-23T12:23:42+01:00" level=debug msg="Started LogMiner session from SCN 111013453 to SCN 111213453" @service=redpanda-connect label="" path=root.input
time="2026-09-23T12:23:42+01:00" level=debug msg="Executing LogMiner query with SCN range (scn=111013453 to 111213453 with window 200000)" @service=redpanda-connect label="" path=root.input
time="2026-09-23T12:23:42+01:00" level=debug msg="LogMiner query returned no rows after 11.775208ms (scn=111013453 to 111213453)" @service=redpanda-connect label="" path=root.input
time="2026-09-23T12:23:42+01:00" level=debug msg="Collected 1 redo log file(s) for LogMiner: [ARCHIVED]" @service=redpanda-connect label="" path=root.input
time="2026-09-23T12:23:42+01:00" level=debug msg="Started LogMiner session from SCN 111213453 to SCN 111413453" @service=redpanda-connect label="" path=root.input
time="2026-09-23T12:23:42+01:00" level=debug msg="Executing LogMiner query with SCN range (scn=111213453 to 111413453 with window 200000)" @service=redpanda-connect label="" path=root.input
time="2026-09-23T12:23:42+01:00" level=debug msg="LogMiner query returned no rows after 10.371958ms (scn=111213453 to 111413453)" @service=redpanda-connect label="" path=root.input
time="2026-09-23T12:23:42+01:00" level=debug msg="Collected 1 redo log file(s) for LogMiner: [ARCHIVED]" @service=redpanda-connect label="" path=root.input
time="2026-09-23T12:23:42+01:00" level=debug msg="Started LogMiner session from SCN 111413453 to SCN 111613453" @service=redpanda-connect label="" path=root.input
time="2026-09-23T12:23:42+01:00" level=debug msg="Executing LogMiner query with SCN range (scn=111413453 to 111613453 with window 200000)" @service=redpanda-connect label="" path=root.input
time="2026-09-23T12:23:42+01:00" level=debug msg="LogMiner query returned no rows after 11.59975ms (scn=111413453 to 111613453)" @service=redpanda-connect label="" path=root.input
time="2026-09-23T12:23:42+01:00" level=debug msg="Collected 1 redo log file(s) for LogMiner: [ARCHIVED]" @service=redpanda-connect label="" path=root.input
time="2026-09-23T12:23:42+01:00" level=debug msg="Started LogMiner session from SCN 111613453 to SCN 111813453" @service=redpanda-connect label="" path=root.input
time="2026-09-23T12:23:42+01:00" level=debug msg="Executing LogMiner query with SCN range (scn=111613453 to 111813453 with window 200000)" @service=redpanda-connect label="" path=root.input
time="2026-09-23T12:23:42+01:00" level=debug msg="LogMiner query returned no rows after 12.313416ms (scn=111613453 to 111813453)" @service=redpanda-connect label="" path=root.input
time="2026-09-23T12:23:42+01:00" level=debug msg="Collected 229 redo log file(s) for LogMiner: [ARCHIVED ARCHIVED ARCHIVED ARCHIVED ARCHIVED ARCHIVED ARCHIVED ARCHIVED ARCHIVED ARCHIVED ARCHIVED ARCHIVED ARCHIVED ARCHIVED ARCHIVED ARCHIVED ARCHIVED ARCHIVED ARCHIVED ARCHIVED ARCHIVED ARCHIVED ARCHIVED ARCHIVED ARCHIVED ARCHIVED ARCHIVED ARCHIVED ARCHIVED ARCHIVED ARCHIVED ARCHIVED ARCHIVED ARCHIVED ARCHIVED ARCHIVED ARCHIVED ARCHIVED ARCHIVED ARCHIVED ARCHIVED ARCHIVED ARCHIVED ARCHIVED ARCHIVED ARCHIVED ARCHIVED ARCHIVED ARCHIVED ARCHIVED ARCHIVED ARCHIVED ARCHIVED ARCHIVED ARCHIVED ARCHIVED ARCHIVED ARCHIVED ARCHIVED ARCHIVED ARCHIVED ARCHIVED ARCHIVED ARCHIVED ARCHIVED ARCHIVED ARCHIVED ARCHIVED ARCHIVED ARCHIVED ARCHIVED ARCHIVED ARCHIVED ARCHIVED ARCHIVED ARCHIVED ARCHIVED ARCHIVED ARCHIVED ARCHIVED ARCHIVED ARCHIVED ARCHIVED ARCHIVED ARCHIVED ARCHIVED ARCHIVED ARCHIVED ARCHIVED ARCHIVED ARCHIVED ARCHIVED ARCHIVED ARCHIVED ARCHIVED ARCHIVED ARCHIVED ARCHIVED ARCHIVED ARCHIVED ARCHIVED ARCHIVED ARCHIVED ARCHIVED ARCHIVED ARCHIVED ARCHIVED ARCHIVED ARCHIVED ARCHIVED ARCHIVED ARCHIVED ARCHIVED ARCHIVED ARCHIVED ARCHIVED ARCHIVED ARCHIVED ARCHIVED ARCHIVED ARCHIVED ARCHIVED ARCHIVED ARCHIVED ARCHIVED ARCHIVED ARCHIVED ARCHIVED ARCHIVED ARCHIVED ARCHIVED ARCHIVED ARCHIVED ARCHIVED ARCHIVED ARCHIVED ARCHIVED ARCHIVED ARCHIVED ARCHIVED ARCHIVED ARCHIVED ARCHIVED ARCHIVED ARCHIVED ARCHIVED ARCHIVED ARCHIVED ARCHIVED ARCHIVED ARCHIVED ARCHIVED ARCHIVED ARCHIVED ARCHIVED ARCHIVED ARCHIVED ARCHIVED ARCHIVED ARCHIVED ARCHIVED ARCHIVED ARCHIVED ARCHIVED ARCHIVED ARCHIVED ARCHIVED ARCHIVED ARCHIVED ARCHIVED ARCHIVED ARCHIVED ARCHIVED ARCHIVED ARCHIVED ARCHIVED ARCHIVED ARCHIVED ARCHIVED ARCHIVED ARCHIVED ARCHIVED ARCHIVED ARCHIVED ARCHIVED ARCHIVED ARCHIVED ARCHIVED ARCHIVED ARCHIVED ARCHIVED ARCHIVED ARCHIVED ARCHIVED ARCHIVED ARCHIVED ARCHIVED ARCHIVED ARCHIVED ARCHIVED ARCHIVED ARCHIVED ARCHIVED ARCHIVED ARCHIVED ARCHIVED ARCHIVED ARCHIVED ARCHIVED ARCHIVED ARCHIVED ARCHIVED ARCHIVED ARCHIVED ARCHIVED ARCHIVED ARCHIVED ARCHIVED ARCHIVED ARCHIVED ARCHIVED ARCHIVED ARCHIVED ARCHIVED ARCHIVED ARCHIVED ARCHIVED ARCHIVED ARCHIVED]" @service=redpanda-connect label="" path=root.input
time="2026-09-23T12:23:42+01:00" level=debug msg="Loaded ARCHIVED redo log file '/opt/oracle/oradata/recovery_area/FREE/archivelog/2026_09_14/o1_mf_1_63_obhy6gdz_.arc' into LogMiner" @service=redpanda-connect label="" path=root.input
time="2026-09-23T12:23:42+01:00" level=debug msg="Loaded ARCHIVED redo log file '/opt/oracle/oradata/recovery_area/FREE/archivelog/2026_09_14/o1_mf_1_64_obhy8bgt_.arc' into LogMiner" @service=redpanda-connect label="" path=root.input
time="2026-09-23T12:23:42+01:00" level=debug msg="Loaded ARCHIVED redo log file '/opt/oracle/oradata/recovery_area/FREE/archivelog/2026_09_14/o1_mf_1_65_obhyb6jw_.arc' into LogMiner" @service=redpanda-connect label="" path=root.input
time="2026-09-23T12:23:42+01:00" level=debug msg="Loaded ARCHIVED redo log file '/opt/oracle/oradata/recovery_area/FREE/archivelog/2026_09_14/o1_mf_1_66_obhyd2md_.arc' into LogMiner" @service=redpanda-connect label="" path=root.input
time="2026-09-23T12:23:42+01:00" level=debug msg="Loaded ARCHIVED redo log file '/opt/oracle/oradata/recovery_area/FREE/archivelog/2026_09_14/o1_mf_1_67_obhyfyoj_.arc' into LogMiner" @service=redpanda-connect label="" path=root.input
time="2026-09-23T12:23:42+01:00" level=debug msg="Loaded ARCHIVED redo log file '/opt/oracle/oradata/recovery_area/FREE/archivelog/2026_09_14/o1_mf_1_68_obhyhtpt_.arc' into LogMiner" @service=redpanda-connect label="" path=root.input
time="2026-09-23T12:23:42+01:00" level=debug msg="Loaded ARCHIVED redo log file '/opt/oracle/oradata/recovery_area/FREE/archivelog/2026_09_14/o1_mf_1_69_obhykpry_.arc' into LogMiner" @service=redpanda-connect label="" path=root.input
time="2026-09-23T12:23:42+01:00" level=debug msg="Loaded ARCHIVED redo log file '/opt/oracle/oradata/recovery_area/FREE/archivelog/2026_09_14/o1_mf_1_70_obhymlv1_.arc' into LogMiner" @service=redpanda-connect label="" path=root.input
time="2026-09-23T12:23:42+01:00" level=debug msg="Loaded ARCHIVED redo log file '/opt/oracle/oradata/recovery_area/FREE/archivelog/2026_09_14/o1_mf_1_71_obhyogwm_.arc' into LogMiner" @service=redpanda-connect label="" path=root.input
time="2026-09-23T12:23:42+01:00" level=debug msg="Loaded ARCHIVED redo log file '/opt/oracle/oradata/recovery_area/FREE/archivelog/2026_09_14/o1_mf_1_72_obhyqbyw_.arc' into LogMiner" @service=redpanda-connect label="" path=root.input
time="2026-09-23T12:23:42+01:00" level=debug msg="Loaded ARCHIVED redo log file '/opt/oracle/oradata/recovery_area/FREE/archivelog/2026_09_14/o1_mf_1_73_obhys71s_.arc' into LogMiner" @service=redpanda-connect label="" path=root.input
time="2026-09-23T12:23:42+01:00" level=debug msg="Loaded ARCHIVED redo log file '/opt/oracle/oradata/recovery_area/FREE/archivelog/2026_09_14/o1_mf_1_74_obhyv34w_.arc' into LogMiner" @service=redpanda-connect label="" path=root.input
time="2026-09-23T12:23:42+01:00" level=debug msg="Loaded ARCHIVED redo log file '/opt/oracle/oradata/recovery_area/FREE/archivelog/2026_09_14/o1_mf_1_75_obhywz70_.arc' into LogMiner" @service=redpanda-connect label="" path=root.input
time="2026-09-23T12:23:42+01:00" level=debug msg="Loaded ARCHIVED redo log file '/opt/oracle/oradata/recovery_area/FREE/archivelog/2026_09_14/o1_mf_1_76_obhyyv9b_.arc' into LogMiner" @service=redpanda-connect label="" path=root.input
time="2026-09-23T12:23:42+01:00" level=debug msg="Loaded ARCHIVED redo log file '/opt/oracle/oradata/recovery_area/FREE/archivelog/2026_09_14/o1_mf_1_77_obhz0qd3_.arc' into LogMiner" @service=redpanda-connect label="" path=root.input
time="2026-09-23T12:23:42+01:00" level=debug msg="Loaded ARCHIVED redo log file '/opt/oracle/oradata/recovery_area/FREE/archivelog/2026_09_14/o1_mf_1_78_obhz2mfw_.arc' into LogMiner" @service=redpanda-connect label="" path=root.input
time="2026-09-23T12:23:42+01:00" level=debug msg="Loaded ARCHIVED redo log file '/opt/oracle/oradata/recovery_area/FREE/archivelog/2026_09_14/o1_mf_1_79_obhz4hhd_.arc' into LogMiner" @service=redpanda-connect label="" path=root.input
time="2026-09-23T12:23:42+01:00" level=debug msg="Loaded ARCHIVED redo log file '/opt/oracle/oradata/recovery_area/FREE/archivelog/2026_09_14/o1_mf_1_80_obhz6cko_.arc' into LogMiner" @service=redpanda-connect label="" path=root.input
time="2026-09-23T12:23:42+01:00" level=debug msg="Loaded ARCHIVED redo log file '/opt/oracle/oradata/recovery_area/FREE/archivelog/2026_09_14/o1_mf_1_81_obhz87mm_.arc' into LogMiner" @service=redpanda-connect label="" path=root.input
time="2026-09-23T12:23:42+01:00" level=debug msg="Loaded ARCHIVED redo log file '/opt/oracle/oradata/recovery_area/FREE/archivelog/2026_09_14/o1_mf_1_82_obhzb3o7_.arc' into LogMiner" @service=redpanda-connect label="" path=root.input
time="2026-09-23T12:23:42+01:00" level=debug msg="Loaded ARCHIVED redo log file '/opt/oracle/oradata/recovery_area/FREE/archivelog/2026_09_14/o1_mf_1_83_obhzczpv_.arc' into LogMiner" @service=redpanda-connect label="" path=root.input
time="2026-09-23T12:23:42+01:00" level=debug msg="Loaded ARCHIVED redo log file '/opt/oracle/oradata/recovery_area/FREE/archivelog/2026_09_14/o1_mf_1_84_obhzfvrv_.arc' into LogMiner" @service=redpanda-connect label="" path=root.input
time="2026-09-23T12:23:42+01:00" level=debug msg="Loaded ARCHIVED redo log file '/opt/oracle/oradata/recovery_area/FREE/archivelog/2026_09_14/o1_mf_1_85_obhzhqvx_.arc' into LogMiner" @service=redpanda-connect label="" path=root.input
time="2026-09-23T12:23:42+01:00" level=debug msg="Loaded ARCHIVED redo log file '/opt/oracle/oradata/recovery_area/FREE/archivelog/2026_09_14/o1_mf_1_86_obhzkmwl_.arc' into LogMiner" @service=redpanda-connect label="" path=root.input
time="2026-09-23T12:23:42+01:00" level=debug msg="Loaded ARCHIVED redo log file '/opt/oracle/oradata/recovery_area/FREE/archivelog/2026_09_14/o1_mf_1_87_obhzmhyf_.arc' into LogMiner" @service=redpanda-connect label="" path=root.input
time="2026-09-23T12:23:42+01:00" level=debug msg="Loaded ARCHIVED redo log file '/opt/oracle/oradata/recovery_area/FREE/archivelog/2026_09_14/o1_mf_1_88_obhzod03_.arc' into LogMiner" @service=redpanda-connect label="" path=root.input
time="2026-09-23T12:23:42+01:00" level=debug msg="Loaded ARCHIVED redo log file '/opt/oracle/oradata/recovery_area/FREE/archivelog/2026_09_14/o1_mf_1_89_obhzq81h_.arc' into LogMiner" @service=redpanda-connect label="" path=root.input
time="2026-09-23T12:23:42+01:00" level=debug msg="Loaded ARCHIVED redo log file '/opt/oracle/oradata/recovery_area/FREE/archivelog/2026_09_14/o1_mf_1_90_obhzs432_.arc' into LogMiner" @service=redpanda-connect label="" path=root.input
time="2026-09-23T12:23:42+01:00" level=debug msg="Loaded ARCHIVED redo log file '/opt/oracle/oradata/recovery_area/FREE/archivelog/2026_09_14/o1_mf_1_91_obhzv04o_.arc' into LogMiner" @service=redpanda-connect label="" path=root.input
time="2026-09-23T12:23:42+01:00" level=debug msg="Loaded ARCHIVED redo log file '/opt/oracle/oradata/recovery_area/FREE/archivelog/2026_09_14/o1_mf_1_92_obhzww5v_.arc' into LogMiner" @service=redpanda-connect label="" path=root.input
time="2026-09-23T12:23:42+01:00" level=debug msg="Loaded ARCHIVED redo log file '/opt/oracle/oradata/recovery_area/FREE/archivelog/2026_09_14/o1_mf_1_93_obhzyr7m_.arc' into LogMiner" @service=redpanda-connect label="" path=root.input
time="2026-09-23T12:23:42+01:00" level=debug msg="Loaded ARCHIVED redo log file '/opt/oracle/oradata/recovery_area/FREE/archivelog/2026_09_14/o1_mf_1_94_obj00k8c_.arc' into LogMiner" @service=redpanda-connect label="" path=root.input
time="2026-09-23T12:23:42+01:00" level=debug msg="Loaded ARCHIVED redo log file '/opt/oracle/oradata/recovery_area/FREE/archivelog/2026_09_14/o1_mf_1_95_obj02fb1_.arc' into LogMiner" @service=redpanda-connect label="" path=root.input
time="2026-09-23T12:23:42+01:00" level=debug msg="Loaded ARCHIVED redo log file '/opt/oracle/oradata/recovery_area/FREE/archivelog/2026_09_14/o1_mf_1_96_obj049bm_.arc' into LogMiner" @service=redpanda-connect label="" path=root.input
time="2026-09-23T12:23:42+01:00" level=debug msg="Loaded ARCHIVED redo log file '/opt/oracle/oradata/recovery_area/FREE/archivelog/2026_09_14/o1_mf_1_97_obj065fd_.arc' into LogMiner" @service=redpanda-connect label="" path=root.input
time="2026-09-23T12:23:42+01:00" level=debug msg="Loaded ARCHIVED redo log file '/opt/oracle/oradata/recovery_area/FREE/archivelog/2026_09_14/o1_mf_1_98_obj081gr_.arc' into LogMiner" @service=redpanda-connect label="" path=root.input
time="2026-09-23T12:23:42+01:00" level=debug msg="Loaded ARCHIVED redo log file '/opt/oracle/oradata/recovery_area/FREE/archivelog/2026_09_14/o1_mf_1_99_obj09xj6_.arc' into LogMiner" @service=redpanda-connect label="" path=root.input
time="2026-09-23T12:23:42+01:00" level=debug msg="Loaded ARCHIVED redo log file '/opt/oracle/oradata/recovery_area/FREE/archivelog/2026_09_14/o1_mf_1_100_obj0csll_.arc' into LogMiner" @service=redpanda-connect label="" path=root.input
time="2026-09-23T12:23:42+01:00" level=debug msg="Loaded ARCHIVED redo log file '/opt/oracle/oradata/recovery_area/FREE/archivelog/2026_09_14/o1_mf_1_101_obj0fon8_.arc' into LogMiner" @service=redpanda-connect label="" path=root.input
time="2026-09-23T12:23:42+01:00" level=debug msg="Loaded ARCHIVED redo log file '/opt/oracle/oradata/recovery_area/FREE/archivelog/2026_09_14/o1_mf_1_102_obj0hkp7_.arc' into LogMiner" @service=redpanda-connect label="" path=root.input
time="2026-09-23T12:23:42+01:00" level=debug msg="Loaded ARCHIVED redo log file '/opt/oracle/oradata/recovery_area/FREE/archivelog/2026_09_14/o1_mf_1_103_obj0kfr1_.arc' into LogMiner" @service=redpanda-connect label="" path=root.input
time="2026-09-23T12:23:42+01:00" level=debug msg="Loaded ARCHIVED redo log file '/opt/oracle/oradata/recovery_area/FREE/archivelog/2026_09_14/o1_mf_1_104_obj0m9rl_.arc' into LogMiner" @service=redpanda-connect label="" path=root.input
time="2026-09-23T12:23:42+01:00" level=debug msg="Loaded ARCHIVED redo log file '/opt/oracle/oradata/recovery_area/FREE/archivelog/2026_09_14/o1_mf_1_105_obj0o5tb_.arc' into LogMiner" @service=redpanda-connect label="" path=root.input
time="2026-09-23T12:23:42+01:00" level=debug msg="Loaded ARCHIVED redo log file '/opt/oracle/oradata/recovery_area/FREE/archivelog/2026_09_14/o1_mf_1_106_obj0q1vj_.arc' into LogMiner" @service=redpanda-connect label="" path=root.input
time="2026-09-23T12:23:42+01:00" level=debug msg="Loaded ARCHIVED redo log file '/opt/oracle/oradata/recovery_area/FREE/archivelog/2026_09_14/o1_mf_1_107_obj0rxxo_.arc' into LogMiner" @service=redpanda-connect label="" path=root.input
time="2026-09-23T12:23:42+01:00" level=debug msg="Loaded ARCHIVED redo log file '/opt/oracle/oradata/recovery_area/FREE/archivelog/2026_09_14/o1_mf_1_108_obj0tt0x_.arc' into LogMiner" @service=redpanda-connect label="" path=root.input
time="2026-09-23T12:23:42+01:00" level=debug msg="Loaded ARCHIVED redo log file '/opt/oracle/oradata/recovery_area/FREE/archivelog/2026_09_14/o1_mf_1_109_obj0wp2x_.arc' into LogMiner" @service=redpanda-connect label="" path=root.input
time="2026-09-23T12:23:42+01:00" level=debug msg="Loaded ARCHIVED redo log file '/opt/oracle/oradata/recovery_area/FREE/archivelog/2026_09_14/o1_mf_1_110_obj0yl52_.arc' into LogMiner" @service=redpanda-connect label="" path=root.input
time="2026-09-23T12:23:42+01:00" level=debug msg="Loaded ARCHIVED redo log file '/opt/oracle/oradata/recovery_area/FREE/archivelog/2026_09_14/o1_mf_1_111_obj10g6k_.arc' into LogMiner" @service=redpanda-connect label="" path=root.input
time="2026-09-23T12:23:42+01:00" level=debug msg="Loaded ARCHIVED redo log file '/opt/oracle/oradata/recovery_area/FREE/archivelog/2026_09_14/o1_mf_1_112_obj12b81_.arc' into LogMiner" @service=redpanda-connect label="" path=root.input
time="2026-09-23T12:23:42+01:00" level=debug msg="Loaded ARCHIVED redo log file '/opt/oracle/oradata/recovery_area/FREE/archivelog/2026_09_14/o1_mf_1_113_obj1469x_.arc' into LogMiner" @service=redpanda-connect label="" path=root.input
time="2026-09-23T12:23:42+01:00" level=debug msg="Loaded ARCHIVED redo log file '/opt/oracle/oradata/recovery_area/FREE/archivelog/2026_09_14/o1_mf_1_114_obj162co_.arc' into LogMiner" @service=redpanda-connect label="" path=root.input
time="2026-09-23T12:23:42+01:00" level=debug msg="Loaded ARCHIVED redo log file '/opt/oracle/oradata/recovery_area/FREE/archivelog/2026_09_14/o1_mf_1_115_obj17ydk_.arc' into LogMiner" @service=redpanda-connect label="" path=root.input
time="2026-09-23T12:23:42+01:00" level=debug msg="Loaded ARCHIVED redo log file '/opt/oracle/oradata/recovery_area/FREE/archivelog/2026_09_14/o1_mf_1_116_obj19tf1_.arc' into LogMiner" @service=redpanda-connect label="" path=root.input
time="2026-09-23T12:23:42+01:00" level=debug msg="Loaded ARCHIVED redo log file '/opt/oracle/oradata/recovery_area/FREE/archivelog/2026_09_14/o1_mf_1_117_obj1cph5_.arc' into LogMiner" @service=redpanda-connect label="" path=root.input
time="2026-09-23T12:23:42+01:00" level=debug msg="Loaded ARCHIVED redo log file '/opt/oracle/oradata/recovery_area/FREE/archivelog/2026_09_14/o1_mf_1_118_obj1flkp_.arc' into LogMiner" @service=redpanda-connect label="" path=root.input
time="2026-09-23T12:23:42+01:00" level=debug msg="Loaded ARCHIVED redo log file '/opt/oracle/oradata/recovery_area/FREE/archivelog/2026_09_14/o1_mf_1_119_obj1hgmk_.arc' into LogMiner" @service=redpanda-connect label="" path=root.input
time="2026-09-23T12:23:42+01:00" level=debug msg="Loaded ARCHIVED redo log file '/opt/oracle/oradata/recovery_area/FREE/archivelog/2026_09_14/o1_mf_1_120_obj1kbp8_.arc' into LogMiner" @service=redpanda-connect label="" path=root.input
time="2026-09-23T12:23:42+01:00" level=debug msg="Loaded ARCHIVED redo log file '/opt/oracle/oradata/recovery_area/FREE/archivelog/2026_09_14/o1_mf_1_121_obj1m6qz_.arc' into LogMiner" @service=redpanda-connect label="" path=root.input
time="2026-09-23T12:23:42+01:00" level=debug msg="Loaded ARCHIVED redo log file '/opt/oracle/oradata/recovery_area/FREE/archivelog/2026_09_14/o1_mf_1_122_obj1o2sq_.arc' into LogMiner" @service=redpanda-connect label="" path=root.input
time="2026-09-23T12:23:42+01:00" level=debug msg="Loaded ARCHIVED redo log file '/opt/oracle/oradata/recovery_area/FREE/archivelog/2026_09_14/o1_mf_1_123_obj1pyty_.arc' into LogMiner" @service=redpanda-connect label="" path=root.input
time="2026-09-23T12:23:43+01:00" level=debug msg="Loaded ARCHIVED redo log file '/opt/oracle/oradata/recovery_area/FREE/archivelog/2026_09_14/o1_mf_1_124_obj1rtx5_.arc' into LogMiner" @service=redpanda-connect label="" path=root.input
time="2026-09-23T12:23:43+01:00" level=debug msg="Loaded ARCHIVED redo log file '/opt/oracle/oradata/recovery_area/FREE/archivelog/2026_09_14/o1_mf_1_125_obj1tq00_.arc' into LogMiner" @service=redpanda-connect label="" path=root.input
time="2026-09-23T12:23:43+01:00" level=debug msg="Loaded ARCHIVED redo log file '/opt/oracle/oradata/recovery_area/FREE/archivelog/2026_09_14/o1_mf_1_126_obj1wm1y_.arc' into LogMiner" @service=redpanda-connect label="" path=root.input
time="2026-09-23T12:23:43+01:00" level=debug msg="Loaded ARCHIVED redo log file '/opt/oracle/oradata/recovery_area/FREE/archivelog/2026_09_14/o1_mf_1_127_obj1yh38_.arc' into LogMiner" @service=redpanda-connect label="" path=root.input
time="2026-09-23T12:23:43+01:00" level=debug msg="Loaded ARCHIVED redo log file '/opt/oracle/oradata/recovery_area/FREE/archivelog/2026_09_14/o1_mf_1_128_obj20c59_.arc' into LogMiner" @service=redpanda-connect label="" path=root.input
time="2026-09-23T12:23:43+01:00" level=debug msg="Loaded ARCHIVED redo log file '/opt/oracle/oradata/recovery_area/FREE/archivelog/2026_09_14/o1_mf_1_129_obj2276k_.arc' into LogMiner" @service=redpanda-connect label="" path=root.input
time="2026-09-23T12:23:43+01:00" level=debug msg="Loaded ARCHIVED redo log file '/opt/oracle/oradata/recovery_area/FREE/archivelog/2026_09_14/o1_mf_1_130_obj24387_.arc' into LogMiner" @service=redpanda-connect label="" path=root.input
time="2026-09-23T12:23:43+01:00" level=debug msg="Loaded ARCHIVED redo log file '/opt/oracle/oradata/recovery_area/FREE/archivelog/2026_09_14/o1_mf_1_131_obj25z9r_.arc' into LogMiner" @service=redpanda-connect label="" path=root.input
time="2026-09-23T12:23:43+01:00" level=debug msg="Loaded ARCHIVED redo log file '/opt/oracle/oradata/recovery_area/FREE/archivelog/2026_09_14/o1_mf_1_132_obj27vbx_.arc' into LogMiner" @service=redpanda-connect label="" path=root.input
time="2026-09-23T12:23:43+01:00" level=debug msg="Loaded ARCHIVED redo log file '/opt/oracle/oradata/recovery_area/FREE/archivelog/2026_09_14/o1_mf_1_133_obj29qdm_.arc' into LogMiner" @service=redpanda-connect label="" path=root.input
time="2026-09-23T12:23:43+01:00" level=debug msg="Loaded ARCHIVED redo log file '/opt/oracle/oradata/recovery_area/FREE/archivelog/2026_09_14/o1_mf_1_134_obj2cmgl_.arc' into LogMiner" @service=redpanda-connect label="" path=root.input
time="2026-09-23T12:23:43+01:00" level=debug msg="Loaded ARCHIVED redo log file '/opt/oracle/oradata/recovery_area/FREE/archivelog/2026_09_14/o1_mf_1_135_obj2fhk2_.arc' into LogMiner" @service=redpanda-connect label="" path=root.input
time="2026-09-23T12:23:43+01:00" level=debug msg="Loaded ARCHIVED redo log file '/opt/oracle/oradata/recovery_area/FREE/archivelog/2026_09_14/o1_mf_1_136_obj2hclc_.arc' into LogMiner" @service=redpanda-connect label="" path=root.input
time="2026-09-23T12:23:43+01:00" level=debug msg="Loaded ARCHIVED redo log file '/opt/oracle/oradata/recovery_area/FREE/archivelog/2026_09_14/o1_mf_1_137_obj2k7ml_.arc' into LogMiner" @service=redpanda-connect label="" path=root.input
time="2026-09-23T12:23:43+01:00" level=debug msg="Loaded ARCHIVED redo log file '/opt/oracle/oradata/recovery_area/FREE/archivelog/2026_09_14/o1_mf_1_138_obj2m3nl_.arc' into LogMiner" @service=redpanda-connect label="" path=root.input
time="2026-09-23T12:23:43+01:00" level=debug msg="Loaded ARCHIVED redo log file '/opt/oracle/oradata/recovery_area/FREE/archivelog/2026_09_14/o1_mf_1_139_obj2nzp0_.arc' into LogMiner" @service=redpanda-connect label="" path=root.input
time="2026-09-23T12:23:43+01:00" level=debug msg="Loaded ARCHIVED redo log file '/opt/oracle/oradata/recovery_area/FREE/archivelog/2026_09_14/o1_mf_1_140_obj2pvqj_.arc' into LogMiner" @service=redpanda-connect label="" path=root.input
time="2026-09-23T12:23:43+01:00" level=debug msg="Loaded ARCHIVED redo log file '/opt/oracle/oradata/recovery_area/FREE/archivelog/2026_09_14/o1_mf_1_141_obj2rqs1_.arc' into LogMiner" @service=redpanda-connect label="" path=root.input
time="2026-09-23T12:23:43+01:00" level=debug msg="Loaded ARCHIVED redo log file '/opt/oracle/oradata/recovery_area/FREE/archivelog/2026_09_14/o1_mf_1_142_obj2tmt0_.arc' into LogMiner" @service=redpanda-connect label="" path=root.input
time="2026-09-23T12:23:43+01:00" level=debug msg="Loaded ARCHIVED redo log file '/opt/oracle/oradata/recovery_area/FREE/archivelog/2026_09_14/o1_mf_1_143_obj2whvn_.arc' into LogMiner" @service=redpanda-connect label="" path=root.input
time="2026-09-23T12:23:43+01:00" level=debug msg="Loaded ARCHIVED redo log file '/opt/oracle/oradata/recovery_area/FREE/archivelog/2026_09_14/o1_mf_1_144_obj2ycxk_.arc' into LogMiner" @service=redpanda-connect label="" path=root.input
time="2026-09-23T12:23:43+01:00" level=debug msg="Loaded ARCHIVED redo log file '/opt/oracle/oradata/recovery_area/FREE/archivelog/2026_09_14/o1_mf_1_145_obj307z4_.arc' into LogMiner" @service=redpanda-connect label="" path=root.input
time="2026-09-23T12:23:43+01:00" level=debug msg="Loaded ARCHIVED redo log file '/opt/oracle/oradata/recovery_area/FREE/archivelog/2026_09_14/o1_mf_1_146_obj3241j_.arc' into LogMiner" @service=redpanda-connect label="" path=root.input
time="2026-09-23T12:23:43+01:00" level=debug msg="Loaded ARCHIVED redo log file '/opt/oracle/oradata/recovery_area/FREE/archivelog/2026_09_14/o1_mf_1_147_obj34031_.arc' into LogMiner" @service=redpanda-connect label="" path=root.input
time="2026-09-23T12:23:43+01:00" level=debug msg="Loaded ARCHIVED redo log file '/opt/oracle/oradata/recovery_area/FREE/archivelog/2026_09_14/o1_mf_1_148_obj35w44_.arc' into LogMiner" @service=redpanda-connect label="" path=root.input
time="2026-09-23T12:23:43+01:00" level=debug msg="Loaded ARCHIVED redo log file '/opt/oracle/oradata/recovery_area/FREE/archivelog/2026_09_14/o1_mf_1_149_obj37r5s_.arc' into LogMiner" @service=redpanda-connect label="" path=root.input
time="2026-09-23T12:23:43+01:00" level=debug msg="Loaded ARCHIVED redo log file '/opt/oracle/oradata/recovery_area/FREE/archivelog/2026_09_14/o1_mf_1_150_obj39n81_.arc' into LogMiner" @service=redpanda-connect label="" path=root.input
time="2026-09-23T12:23:43+01:00" level=debug msg="Loaded ARCHIVED redo log file '/opt/oracle/oradata/recovery_area/FREE/archivelog/2026_09_14/o1_mf_1_151_obj3cf9p_.arc' into LogMiner" @service=redpanda-connect label="" path=root.input
time="2026-09-23T12:23:43+01:00" level=debug msg="Loaded ARCHIVED redo log file '/opt/oracle/oradata/recovery_area/FREE/archivelog/2026_09_14/o1_mf_1_152_obj3f9bn_.arc' into LogMiner" @service=redpanda-connect label="" path=root.input
time="2026-09-23T12:23:43+01:00" level=debug msg="Loaded ARCHIVED redo log file '/opt/oracle/oradata/recovery_area/FREE/archivelog/2026_09_14/o1_mf_1_153_obj3h5cv_.arc' into LogMiner" @service=redpanda-connect label="" path=root.input
time="2026-09-23T12:23:43+01:00" level=debug msg="Loaded ARCHIVED redo log file '/opt/oracle/oradata/recovery_area/FREE/archivelog/2026_09_14/o1_mf_1_154_obj3k1f0_.arc' into LogMiner" @service=redpanda-connect label="" path=root.input
time="2026-09-23T12:23:43+01:00" level=debug msg="Loaded ARCHIVED redo log file '/opt/oracle/oradata/recovery_area/FREE/archivelog/2026_09_14/o1_mf_1_155_obj3lxg7_.arc' into LogMiner" @service=redpanda-connect label="" path=root.input
time="2026-09-23T12:23:43+01:00" level=debug msg="Loaded ARCHIVED redo log file '/opt/oracle/oradata/recovery_area/FREE/archivelog/2026_09_14/o1_mf_1_156_obj3nshk_.arc' into LogMiner" @service=redpanda-connect label="" path=root.input
time="2026-09-23T12:23:43+01:00" level=debug msg="Loaded ARCHIVED redo log file '/opt/oracle/oradata/recovery_area/FREE/archivelog/2026_09_14/o1_mf_1_157_obj3pojc_.arc' into LogMiner" @service=redpanda-connect label="" path=root.input
time="2026-09-23T12:23:43+01:00" level=debug msg="Loaded ARCHIVED redo log file '/opt/oracle/oradata/recovery_area/FREE/archivelog/2026_09_14/o1_mf_1_158_obj3rkkl_.arc' into LogMiner" @service=redpanda-connect label="" path=root.input
time="2026-09-23T12:23:43+01:00" level=debug msg="Loaded ARCHIVED redo log file '/opt/oracle/oradata/recovery_area/FREE/archivelog/2026_09_14/o1_mf_1_159_obj3tfl8_.arc' into LogMiner" @service=redpanda-connect label="" path=root.input
time="2026-09-23T12:23:43+01:00" level=debug msg="Loaded ARCHIVED redo log file '/opt/oracle/oradata/recovery_area/FREE/archivelog/2026_09_14/o1_mf_1_160_obj3w9nd_.arc' into LogMiner" @service=redpanda-connect label="" path=root.input
time="2026-09-23T12:23:43+01:00" level=debug msg="Loaded ARCHIVED redo log file '/opt/oracle/oradata/recovery_area/FREE/archivelog/2026_09_14/o1_mf_1_161_obj3y5ow_.arc' into LogMiner" @service=redpanda-connect label="" path=root.input
time="2026-09-23T12:23:43+01:00" level=debug msg="Loaded ARCHIVED redo log file '/opt/oracle/oradata/recovery_area/FREE/archivelog/2026_09_14/o1_mf_1_162_obj401qf_.arc' into LogMiner" @service=redpanda-connect label="" path=root.input
time="2026-09-23T12:23:43+01:00" level=debug msg="Loaded ARCHIVED redo log file '/opt/oracle/oradata/recovery_area/FREE/archivelog/2026_09_14/o1_mf_1_163_obj41xrk_.arc' into LogMiner" @service=redpanda-connect label="" path=root.input
time="2026-09-23T12:23:43+01:00" level=debug msg="Loaded ARCHIVED redo log file '/opt/oracle/oradata/recovery_area/FREE/archivelog/2026_09_14/o1_mf_1_164_obj43ssg_.arc' into LogMiner" @service=redpanda-connect label="" path=root.input
time="2026-09-23T12:23:43+01:00" level=debug msg="Loaded ARCHIVED redo log file '/opt/oracle/oradata/recovery_area/FREE/archivelog/2026_09_14/o1_mf_1_165_obj45ot7_.arc' into LogMiner" @service=redpanda-connect label="" path=root.input
time="2026-09-23T12:23:43+01:00" level=debug msg="Loaded ARCHIVED redo log file '/opt/oracle/oradata/recovery_area/FREE/archivelog/2026_09_14/o1_mf_1_166_obj47kvm_.arc' into LogMiner" @service=redpanda-connect label="" path=root.input
time="2026-09-23T12:23:43+01:00" level=debug msg="Loaded ARCHIVED redo log file '/opt/oracle/oradata/recovery_area/FREE/archivelog/2026_09_14/o1_mf_1_167_obj49fxd_.arc' into LogMiner" @service=redpanda-connect label="" path=root.input
time="2026-09-23T12:23:43+01:00" level=debug msg="Loaded ARCHIVED redo log file '/opt/oracle/oradata/recovery_area/FREE/archivelog/2026_09_14/o1_mf_1_168_obj4cb02_.arc' into LogMiner" @service=redpanda-connect label="" path=root.input
time="2026-09-23T12:23:43+01:00" level=debug msg="Loaded ARCHIVED redo log file '/opt/oracle/oradata/recovery_area/FREE/archivelog/2026_09_14/o1_mf_1_169_obj4f626_.arc' into LogMiner" @service=redpanda-connect label="" path=root.input
time="2026-09-23T12:23:43+01:00" level=debug msg="Loaded ARCHIVED redo log file '/opt/oracle/oradata/recovery_area/FREE/archivelog/2026_09_14/o1_mf_1_170_obj4h23x_.arc' into LogMiner" @service=redpanda-connect label="" path=root.input
time="2026-09-23T12:23:43+01:00" level=debug msg="Loaded ARCHIVED redo log file '/opt/oracle/oradata/recovery_area/FREE/archivelog/2026_09_14/o1_mf_1_171_obj4jy57_.arc' into LogMiner" @service=redpanda-connect label="" path=root.input
time="2026-09-23T12:23:43+01:00" level=debug msg="Loaded ARCHIVED redo log file '/opt/oracle/oradata/recovery_area/FREE/archivelog/2026_09_14/o1_mf_1_172_obj4lt6d_.arc' into LogMiner" @service=redpanda-connect label="" path=root.input
time="2026-09-23T12:23:43+01:00" level=debug msg="Loaded ARCHIVED redo log file '/opt/oracle/oradata/recovery_area/FREE/archivelog/2026_09_14/o1_mf_1_173_obj4np8y_.arc' into LogMiner" @service=redpanda-connect label="" path=root.input
time="2026-09-23T12:23:43+01:00" level=debug msg="Loaded ARCHIVED redo log file '/opt/oracle/oradata/recovery_area/FREE/archivelog/2026_09_14/o1_mf_1_174_obj4plb9_.arc' into LogMiner" @service=redpanda-connect label="" path=root.input
time="2026-09-23T12:23:43+01:00" level=debug msg="Loaded ARCHIVED redo log file '/opt/oracle/oradata/recovery_area/FREE/archivelog/2026_09_14/o1_mf_1_175_obj4rgd4_.arc' into LogMiner" @service=redpanda-connect label="" path=root.input
time="2026-09-23T12:23:43+01:00" level=debug msg="Loaded ARCHIVED redo log file '/opt/oracle/oradata/recovery_area/FREE/archivelog/2026_09_14/o1_mf_1_176_obj4tbg5_.arc' into LogMiner" @service=redpanda-connect label="" path=root.input
time="2026-09-23T12:23:43+01:00" level=debug msg="Loaded ARCHIVED redo log file '/opt/oracle/oradata/recovery_area/FREE/archivelog/2026_09_14/o1_mf_1_177_obj4w6jl_.arc' into LogMiner" @service=redpanda-connect label="" path=root.input
time="2026-09-23T12:23:43+01:00" level=debug msg="Loaded ARCHIVED redo log file '/opt/oracle/oradata/recovery_area/FREE/archivelog/2026_09_14/o1_mf_1_178_obj4y2ls_.arc' into LogMiner" @service=redpanda-connect label="" path=root.input
time="2026-09-23T12:23:43+01:00" level=debug msg="Loaded ARCHIVED redo log file '/opt/oracle/oradata/recovery_area/FREE/archivelog/2026_09_14/o1_mf_1_179_obj4zyoo_.arc' into LogMiner" @service=redpanda-connect label="" path=root.input
time="2026-09-23T12:23:43+01:00" level=debug msg="Loaded ARCHIVED redo log file '/opt/oracle/oradata/recovery_area/FREE/archivelog/2026_09_14/o1_mf_1_180_obj51trb_.arc' into LogMiner" @service=redpanda-connect label="" path=root.input
time="2026-09-23T12:23:43+01:00" level=debug msg="Loaded ARCHIVED redo log file '/opt/oracle/oradata/recovery_area/FREE/archivelog/2026_09_14/o1_mf_1_181_obj53ptx_.arc' into LogMiner" @service=redpanda-connect label="" path=root.input
time="2026-09-23T12:23:43+01:00" level=debug msg="Loaded ARCHIVED redo log file '/opt/oracle/oradata/recovery_area/FREE/archivelog/2026_09_14/o1_mf_1_182_obj55lxj_.arc' into LogMiner" @service=redpanda-connect label="" path=root.input
time="2026-09-23T12:23:43+01:00" level=debug msg="Loaded ARCHIVED redo log file '/opt/oracle/oradata/recovery_area/FREE/archivelog/2026_09_14/o1_mf_1_183_obj57l1j_.arc' into LogMiner" @service=redpanda-connect label="" path=root.input
time="2026-09-23T12:23:43+01:00" level=debug msg="Loaded ARCHIVED redo log file '/opt/oracle/oradata/recovery_area/FREE/archivelog/2026_09_14/o1_mf_1_184_obj59k53_.arc' into LogMiner" @service=redpanda-connect label="" path=root.input
time="2026-09-23T12:23:43+01:00" level=debug msg="Loaded ARCHIVED redo log file '/opt/oracle/oradata/recovery_area/FREE/archivelog/2026_09_14/o1_mf_1_185_obj5cf7z_.arc' into LogMiner" @service=redpanda-connect label="" path=root.input
time="2026-09-23T12:23:43+01:00" level=debug msg="Loaded ARCHIVED redo log file '/opt/oracle/oradata/recovery_area/FREE/archivelog/2026_09_14/o1_mf_1_186_obj5f9bg_.arc' into LogMiner" @service=redpanda-connect label="" path=root.input
time="2026-09-23T12:23:43+01:00" level=debug msg="Loaded ARCHIVED redo log file '/opt/oracle/oradata/recovery_area/FREE/archivelog/2026_09_14/o1_mf_1_187_obj5h5fx_.arc' into LogMiner" @service=redpanda-connect label="" path=root.input
time="2026-09-23T12:23:43+01:00" level=debug msg="Loaded ARCHIVED redo log file '/opt/oracle/oradata/recovery_area/FREE/archivelog/2026_09_14/o1_mf_1_188_obj5k1k3_.arc' into LogMiner" @service=redpanda-connect label="" path=root.input
time="2026-09-23T12:23:43+01:00" level=debug msg="Loaded ARCHIVED redo log file '/opt/oracle/oradata/recovery_area/FREE/archivelog/2026_09_14/o1_mf_1_189_obj5lxnb_.arc' into LogMiner" @service=redpanda-connect label="" path=root.input
time="2026-09-23T12:23:43+01:00" level=debug msg="Loaded ARCHIVED redo log file '/opt/oracle/oradata/recovery_area/FREE/archivelog/2026_09_14/o1_mf_1_190_obj5nsox_.arc' into LogMiner" @service=redpanda-connect label="" path=root.input
time="2026-09-23T12:23:43+01:00" level=debug msg="Loaded ARCHIVED redo log file '/opt/oracle/oradata/recovery_area/FREE/archivelog/2026_09_14/o1_mf_1_191_obj5por0_.arc' into LogMiner" @service=redpanda-connect label="" path=root.input
time="2026-09-23T12:23:43+01:00" level=debug msg="Loaded ARCHIVED redo log file '/opt/oracle/oradata/recovery_area/FREE/archivelog/2026_09_14/o1_mf_1_192_obj5rktl_.arc' into LogMiner" @service=redpanda-connect label="" path=root.input
time="2026-09-23T12:23:43+01:00" level=debug msg="Loaded ARCHIVED redo log file '/opt/oracle/oradata/recovery_area/FREE/archivelog/2026_09_14/o1_mf_1_193_obj5tfx1_.arc' into LogMiner" @service=redpanda-connect label="" path=root.input
time="2026-09-23T12:23:43+01:00" level=debug msg="Loaded ARCHIVED redo log file '/opt/oracle/oradata/recovery_area/FREE/archivelog/2026_09_14/o1_mf_1_194_obj5w9z3_.arc' into LogMiner" @service=redpanda-connect label="" path=root.input
time="2026-09-23T12:23:43+01:00" level=debug msg="Loaded ARCHIVED redo log file '/opt/oracle/oradata/recovery_area/FREE/archivelog/2026_09_14/o1_mf_1_195_obj5y62r_.arc' into LogMiner" @service=redpanda-connect label="" path=root.input
time="2026-09-23T12:23:43+01:00" level=debug msg="Loaded ARCHIVED redo log file '/opt/oracle/oradata/recovery_area/FREE/archivelog/2026_09_14/o1_mf_1_196_obj6024z_.arc' into LogMiner" @service=redpanda-connect label="" path=root.input
time="2026-09-23T12:23:43+01:00" level=debug msg="Loaded ARCHIVED redo log file '/opt/oracle/oradata/recovery_area/FREE/archivelog/2026_09_14/o1_mf_1_197_obj61y88_.arc' into LogMiner" @service=redpanda-connect label="" path=root.input
time="2026-09-23T12:23:43+01:00" level=debug msg="Loaded ARCHIVED redo log file '/opt/oracle/oradata/recovery_area/FREE/archivelog/2026_09_14/o1_mf_1_198_obj63qbw_.arc' into LogMiner" @service=redpanda-connect label="" path=root.input
time="2026-09-23T12:23:43+01:00" level=debug msg="Loaded ARCHIVED redo log file '/opt/oracle/oradata/recovery_area/FREE/archivelog/2026_09_14/o1_mf_1_199_obj65mg0_.arc' into LogMiner" @service=redpanda-connect label="" path=root.input
time="2026-09-23T12:23:43+01:00" level=debug msg="Loaded ARCHIVED redo log file '/opt/oracle/oradata/recovery_area/FREE/archivelog/2026_09_14/o1_mf_1_200_obj67hk7_.arc' into LogMiner" @service=redpanda-connect label="" path=root.input
time="2026-09-23T12:23:43+01:00" level=debug msg="Loaded ARCHIVED redo log file '/opt/oracle/oradata/recovery_area/FREE/archivelog/2026_09_14/o1_mf_1_201_obj69cof_.arc' into LogMiner" @service=redpanda-connect label="" path=root.input
time="2026-09-23T12:23:43+01:00" level=debug msg="Loaded ARCHIVED redo log file '/opt/oracle/oradata/recovery_area/FREE/archivelog/2026_09_14/o1_mf_1_202_obj6c7sc_.arc' into LogMiner" @service=redpanda-connect label="" path=root.input
time="2026-09-23T12:23:43+01:00" level=debug msg="Loaded ARCHIVED redo log file '/opt/oracle/oradata/recovery_area/FREE/archivelog/2026_09_14/o1_mf_1_203_obj6f3w6_.arc' into LogMiner" @service=redpanda-connect label="" path=root.input
time="2026-09-23T12:23:43+01:00" level=debug msg="Loaded ARCHIVED redo log file '/opt/oracle/oradata/recovery_area/FREE/archivelog/2026_09_14/o1_mf_1_204_obj6gzz6_.arc' into LogMiner" @service=redpanda-connect label="" path=root.input
time="2026-09-23T12:23:43+01:00" level=debug msg="Loaded ARCHIVED redo log file '/opt/oracle/oradata/recovery_area/FREE/archivelog/2026_09_14/o1_mf_1_205_obj6jw26_.arc' into LogMiner" @service=redpanda-connect label="" path=root.input
time="2026-09-23T12:23:43+01:00" level=debug msg="Loaded ARCHIVED redo log file '/opt/oracle/oradata/recovery_area/FREE/archivelog/2026_09_14/o1_mf_1_206_obj6lr4x_.arc' into LogMiner" @service=redpanda-connect label="" path=root.input
time="2026-09-23T12:23:43+01:00" level=debug msg="Loaded ARCHIVED redo log file '/opt/oracle/oradata/recovery_area/FREE/archivelog/2026_09_14/o1_mf_1_207_obj6nn70_.arc' into LogMiner" @service=redpanda-connect label="" path=root.input
time="2026-09-23T12:23:43+01:00" level=debug msg="Loaded ARCHIVED redo log file '/opt/oracle/oradata/recovery_area/FREE/archivelog/2026_09_14/o1_mf_1_208_obj6pj9m_.arc' into LogMiner" @service=redpanda-connect label="" path=root.input
time="2026-09-23T12:23:43+01:00" level=debug msg="Loaded ARCHIVED redo log file '/opt/oracle/oradata/recovery_area/FREE/archivelog/2026_09_14/o1_mf_1_209_obj6rdd8_.arc' into LogMiner" @service=redpanda-connect label="" path=root.input
time="2026-09-23T12:23:43+01:00" level=debug msg="Loaded ARCHIVED redo log file '/opt/oracle/oradata/recovery_area/FREE/archivelog/2026_09_14/o1_mf_1_210_obj9kqv7_.arc' into LogMiner" @service=redpanda-connect label="" path=root.input
time="2026-09-23T12:23:43+01:00" level=debug msg="Loaded ARCHIVED redo log file '/opt/oracle/oradata/recovery_area/FREE/archivelog/2026_09_14/o1_mf_1_211_objc243o_.arc' into LogMiner" @service=redpanda-connect label="" path=root.input
time="2026-09-23T12:23:43+01:00" level=debug msg="Loaded ARCHIVED redo log file '/opt/oracle/oradata/recovery_area/FREE/archivelog/2026_09_14/o1_mf_1_212_objc4062_.arc' into LogMiner" @service=redpanda-connect label="" path=root.input
time="2026-09-23T12:23:43+01:00" level=debug msg="Loaded ARCHIVED redo log file '/opt/oracle/oradata/recovery_area/FREE/archivelog/2026_09_14/o1_mf_1_213_objc5w8t_.arc' into LogMiner" @service=redpanda-connect label="" path=root.input
time="2026-09-23T12:23:43+01:00" level=debug msg="Loaded ARCHIVED redo log file '/opt/oracle/oradata/recovery_area/FREE/archivelog/2026_09_14/o1_mf_1_214_objc7rc3_.arc' into LogMiner" @service=redpanda-connect label="" path=root.input
time="2026-09-23T12:23:43+01:00" level=debug msg="Loaded ARCHIVED redo log file '/opt/oracle/oradata/recovery_area/FREE/archivelog/2026_09_14/o1_mf_1_215_objc9nfp_.arc' into LogMiner" @service=redpanda-connect label="" path=root.input
time="2026-09-23T12:23:43+01:00" level=debug msg="Loaded ARCHIVED redo log file '/opt/oracle/oradata/recovery_area/FREE/archivelog/2026_09_14/o1_mf_1_216_objccjj7_.arc' into LogMiner" @service=redpanda-connect label="" path=root.input
time="2026-09-23T12:23:43+01:00" level=debug msg="Loaded ARCHIVED redo log file '/opt/oracle/oradata/recovery_area/FREE/archivelog/2026_09_14/o1_mf_1_217_objcfdm3_.arc' into LogMiner" @service=redpanda-connect label="" path=root.input
time="2026-09-23T12:23:43+01:00" level=debug msg="Loaded ARCHIVED redo log file '/opt/oracle/oradata/recovery_area/FREE/archivelog/2026_09_14/o1_mf_1_218_objch8on_.arc' into LogMiner" @service=redpanda-connect label="" path=root.input
time="2026-09-23T12:23:43+01:00" level=debug msg="Loaded ARCHIVED redo log file '/opt/oracle/oradata/recovery_area/FREE/archivelog/2026_09_14/o1_mf_1_219_objck4qz_.arc' into LogMiner" @service=redpanda-connect label="" path=root.input
time="2026-09-23T12:23:43+01:00" level=debug msg="Loaded ARCHIVED redo log file '/opt/oracle/oradata/recovery_area/FREE/archivelog/2026_09_14/o1_mf_1_220_objcm0ts_.arc' into LogMiner" @service=redpanda-connect label="" path=root.input
time="2026-09-23T12:23:43+01:00" level=debug msg="Loaded ARCHIVED redo log file '/opt/oracle/oradata/recovery_area/FREE/archivelog/2026_09_14/o1_mf_1_221_objcnwxf_.arc' into LogMiner" @service=redpanda-connect label="" path=root.input
time="2026-09-23T12:23:43+01:00" level=debug msg="Loaded ARCHIVED redo log file '/opt/oracle/oradata/recovery_area/FREE/archivelog/2026_09_14/o1_mf_1_222_objcps0r_.arc' into LogMiner" @service=redpanda-connect label="" path=root.input
time="2026-09-23T12:23:43+01:00" level=debug msg="Loaded ARCHIVED redo log file '/opt/oracle/oradata/recovery_area/FREE/archivelog/2026_09_14/o1_mf_1_223_objcro38_.arc' into LogMiner" @service=redpanda-connect label="" path=root.input
time="2026-09-23T12:23:43+01:00" level=debug msg="Loaded ARCHIVED redo log file '/opt/oracle/oradata/recovery_area/FREE/archivelog/2026_09_14/o1_mf_1_224_objctk5d_.arc' into LogMiner" @service=redpanda-connect label="" path=root.input
time="2026-09-23T12:23:43+01:00" level=debug msg="Loaded ARCHIVED redo log file '/opt/oracle/oradata/recovery_area/FREE/archivelog/2026_09_14/o1_mf_1_225_objcwf7m_.arc' into LogMiner" @service=redpanda-connect label="" path=root.input
time="2026-09-23T12:23:43+01:00" level=debug msg="Loaded ARCHIVED redo log file '/opt/oracle/oradata/recovery_area/FREE/archivelog/2026_09_14/o1_mf_1_226_objcy9b7_.arc' into LogMiner" @service=redpanda-connect label="" path=root.input
time="2026-09-23T12:23:43+01:00" level=debug msg="Loaded ARCHIVED redo log file '/opt/oracle/oradata/recovery_area/FREE/archivelog/2026_09_14/o1_mf_1_227_objd05dj_.arc' into LogMiner" @service=redpanda-connect label="" path=root.input
time="2026-09-23T12:23:43+01:00" level=debug msg="Loaded ARCHIVED redo log file '/opt/oracle/oradata/recovery_area/FREE/archivelog/2026_09_14/o1_mf_1_228_objd21gw_.arc' into LogMiner" @service=redpanda-connect label="" path=root.input
time="2026-09-23T12:23:43+01:00" level=debug msg="Loaded ARCHIVED redo log file '/opt/oracle/oradata/recovery_area/FREE/archivelog/2026_09_14/o1_mf_1_229_objd3xkg_.arc' into LogMiner" @service=redpanda-connect label="" path=root.input
time="2026-09-23T12:23:43+01:00" level=debug msg="Loaded ARCHIVED redo log file '/opt/oracle/oradata/recovery_area/FREE/archivelog/2026_09_14/o1_mf_1_230_objd5sn0_.arc' into LogMiner" @service=redpanda-connect label="" path=root.input
time="2026-09-23T12:23:43+01:00" level=debug msg="Loaded ARCHIVED redo log file '/opt/oracle/oradata/recovery_area/FREE/archivelog/2026_09_14/o1_mf_1_231_objd7opb_.arc' into LogMiner" @service=redpanda-connect label="" path=root.input
time="2026-09-23T12:23:43+01:00" level=debug msg="Loaded ARCHIVED redo log file '/opt/oracle/oradata/recovery_area/FREE/archivelog/2026_09_14/o1_mf_1_232_objd9ks7_.arc' into LogMiner" @service=redpanda-connect label="" path=root.input
time="2026-09-23T12:23:43+01:00" level=debug msg="Loaded ARCHIVED redo log file '/opt/oracle/oradata/recovery_area/FREE/archivelog/2026_09_14/o1_mf_1_233_objdcbvw_.arc' into LogMiner" @service=redpanda-connect label="" path=root.input
time="2026-09-23T12:23:43+01:00" level=debug msg="Loaded ARCHIVED redo log file '/opt/oracle/oradata/recovery_area/FREE/archivelog/2026_09_14/o1_mf_1_234_objdf6y5_.arc' into LogMiner" @service=redpanda-connect label="" path=root.input
time="2026-09-23T12:23:43+01:00" level=debug msg="Loaded ARCHIVED redo log file '/opt/oracle/oradata/recovery_area/FREE/archivelog/2026_09_14/o1_mf_1_235_objdh315_.arc' into LogMiner" @service=redpanda-connect label="" path=root.input
time="2026-09-23T12:23:43+01:00" level=debug msg="Loaded ARCHIVED redo log file '/opt/oracle/oradata/recovery_area/FREE/archivelog/2026_09_14/o1_mf_1_236_objdjz3n_.arc' into LogMiner" @service=redpanda-connect label="" path=root.input
time="2026-09-23T12:23:43+01:00" level=debug msg="Loaded ARCHIVED redo log file '/opt/oracle/oradata/recovery_area/FREE/archivelog/2026_09_14/o1_mf_1_237_objdlv65_.arc' into LogMiner" @service=redpanda-connect label="" path=root.input
time="2026-09-23T12:23:43+01:00" level=debug msg="Loaded ARCHIVED redo log file '/opt/oracle/oradata/recovery_area/FREE/archivelog/2026_09_14/o1_mf_1_238_objdnq8d_.arc' into LogMiner" @service=redpanda-connect label="" path=root.input
time="2026-09-23T12:23:43+01:00" level=debug msg="Loaded ARCHIVED redo log file '/opt/oracle/oradata/recovery_area/FREE/archivelog/2026_09_14/o1_mf_1_239_objdpmbt_.arc' into LogMiner" @service=redpanda-connect label="" path=root.input
time="2026-09-23T12:23:43+01:00" level=debug msg="Loaded ARCHIVED redo log file '/opt/oracle/oradata/recovery_area/FREE/archivelog/2026_09_14/o1_mf_1_240_objdrhfd_.arc' into LogMiner" @service=redpanda-connect label="" path=root.input
time="2026-09-23T12:23:43+01:00" level=debug msg="Loaded ARCHIVED redo log file '/opt/oracle/oradata/recovery_area/FREE/archivelog/2026_09_14/o1_mf_1_241_objdtcj2_.arc' into LogMiner" @service=redpanda-connect label="" path=root.input
time="2026-09-23T12:23:43+01:00" level=debug msg="Loaded ARCHIVED redo log file '/opt/oracle/oradata/recovery_area/FREE/archivelog/2026_09_14/o1_mf_1_242_objdw7l5_.arc' into LogMiner" @service=redpanda-connect label="" path=root.input
time="2026-09-23T12:23:43+01:00" level=debug msg="Loaded ARCHIVED redo log file '/opt/oracle/oradata/recovery_area/FREE/archivelog/2026_09_14/o1_mf_1_243_objdy3nt_.arc' into LogMiner" @service=redpanda-connect label="" path=root.input
time="2026-09-23T12:23:43+01:00" level=debug msg="Loaded ARCHIVED redo log file '/opt/oracle/oradata/recovery_area/FREE/archivelog/2026_09_14/o1_mf_1_244_objdzzqf_.arc' into LogMiner" @service=redpanda-connect label="" path=root.input
time="2026-09-23T12:23:43+01:00" level=debug msg="Loaded ARCHIVED redo log file '/opt/oracle/oradata/recovery_area/FREE/archivelog/2026_09_14/o1_mf_1_245_objf1vss_.arc' into LogMiner" @service=redpanda-connect label="" path=root.input
time="2026-09-23T12:23:43+01:00" level=debug msg="Loaded ARCHIVED redo log file '/opt/oracle/oradata/recovery_area/FREE/archivelog/2026_09_14/o1_mf_1_246_objf3qwc_.arc' into LogMiner" @service=redpanda-connect label="" path=root.input
time="2026-09-23T12:23:43+01:00" level=debug msg="Loaded ARCHIVED redo log file '/opt/oracle/oradata/recovery_area/FREE/archivelog/2026_09_14/o1_mf_1_247_objf5mz0_.arc' into LogMiner" @service=redpanda-connect label="" path=root.input
time="2026-09-23T12:23:43+01:00" level=debug msg="Loaded ARCHIVED redo log file '/opt/oracle/oradata/recovery_area/FREE/archivelog/2026_09_14/o1_mf_1_248_objf7j2n_.arc' into LogMiner" @service=redpanda-connect label="" path=root.input
time="2026-09-23T12:23:43+01:00" level=debug msg="Loaded ARCHIVED redo log file '/opt/oracle/oradata/recovery_area/FREE/archivelog/2026_09_14/o1_mf_1_249_objf9d5k_.arc' into LogMiner" @service=redpanda-connect label="" path=root.input
time="2026-09-23T12:23:43+01:00" level=debug msg="Loaded ARCHIVED redo log file '/opt/oracle/oradata/recovery_area/FREE/archivelog/2026_09_14/o1_mf_1_250_objfc884_.arc' into LogMiner" @service=redpanda-connect label="" path=root.input
time="2026-09-23T12:23:43+01:00" level=debug msg="Loaded ARCHIVED redo log file '/opt/oracle/oradata/recovery_area/FREE/archivelog/2026_09_14/o1_mf_1_251_objff4cq_.arc' into LogMiner" @service=redpanda-connect label="" path=root.input
time="2026-09-23T12:23:43+01:00" level=debug msg="Loaded ARCHIVED redo log file '/opt/oracle/oradata/recovery_area/FREE/archivelog/2026_09_14/o1_mf_1_252_objlkk6x_.arc' into LogMiner" @service=redpanda-connect label="" path=root.input
time="2026-09-23T12:23:43+01:00" level=debug msg="Loaded ARCHIVED redo log file '/opt/oracle/oradata/recovery_area/FREE/archivelog/2026_09_14/o1_mf_1_253_objlmj8q_.arc' into LogMiner" @service=redpanda-connect label="" path=root.input
time="2026-09-23T12:23:43+01:00" level=debug msg="Loaded ARCHIVED redo log file '/opt/oracle/oradata/recovery_area/FREE/archivelog/2026_09_14/o1_mf_1_254_objlohc5_.arc' into LogMiner" @service=redpanda-connect label="" path=root.input
time="2026-09-23T12:23:43+01:00" level=debug msg="Loaded ARCHIVED redo log file '/opt/oracle/oradata/recovery_area/FREE/archivelog/2026_09_14/o1_mf_1_255_objlqcdy_.arc' into LogMiner" @service=redpanda-connect label="" path=root.input
time="2026-09-23T12:23:43+01:00" level=debug msg="Loaded ARCHIVED redo log file '/opt/oracle/oradata/recovery_area/FREE/archivelog/2026_09_14/o1_mf_1_256_objls7gp_.arc' into LogMiner" @service=redpanda-connect label="" path=root.input
time="2026-09-23T12:23:43+01:00" level=debug msg="Loaded ARCHIVED redo log file '/opt/oracle/oradata/recovery_area/FREE/archivelog/2026_09_14/o1_mf_1_257_objlv3hp_.arc' into LogMiner" @service=redpanda-connect label="" path=root.input
time="2026-09-23T12:23:43+01:00" level=debug msg="Loaded ARCHIVED redo log file '/opt/oracle/oradata/recovery_area/FREE/archivelog/2026_09_14/o1_mf_1_258_objlwzky_.arc' into LogMiner" @service=redpanda-connect label="" path=root.input
time="2026-09-23T12:23:43+01:00" level=debug msg="Loaded ARCHIVED redo log file '/opt/oracle/oradata/recovery_area/FREE/archivelog/2026_09_14/o1_mf_1_259_objlyvo9_.arc' into LogMiner" @service=redpanda-connect label="" path=root.input
time="2026-09-23T12:23:43+01:00" level=debug msg="Loaded ARCHIVED redo log file '/opt/oracle/oradata/recovery_area/FREE/archivelog/2026_09_14/o1_mf_1_260_objm0qqj_.arc' into LogMiner" @service=redpanda-connect label="" path=root.input
time="2026-09-23T12:23:43+01:00" level=debug msg="Loaded ARCHIVED redo log file '/opt/oracle/oradata/recovery_area/FREE/archivelog/2026_09_14/o1_mf_1_261_objm2mtf_.arc' into LogMiner" @service=redpanda-connect label="" path=root.input
time="2026-09-23T12:23:43+01:00" level=debug msg="Loaded ARCHIVED redo log file '/opt/oracle/oradata/recovery_area/FREE/archivelog/2026_09_14/o1_mf_1_262_objm4hww_.arc' into LogMiner" @service=redpanda-connect label="" path=root.input
time="2026-09-23T12:23:43+01:00" level=debug msg="Loaded ARCHIVED redo log file '/opt/oracle/oradata/recovery_area/FREE/archivelog/2026_09_14/o1_mf_1_263_objm6d0b_.arc' into LogMiner" @service=redpanda-connect label="" path=root.input
time="2026-09-23T12:23:43+01:00" level=debug msg="Loaded ARCHIVED redo log file '/opt/oracle/oradata/recovery_area/FREE/archivelog/2026_09_14/o1_mf_1_264_objm883p_.arc' into LogMiner" @service=redpanda-connect label="" path=root.input
time="2026-09-23T12:23:43+01:00" level=debug msg="Loaded ARCHIVED redo log file '/opt/oracle/oradata/recovery_area/FREE/archivelog/2026_09_14/o1_mf_1_265_objmb45y_.arc' into LogMiner" @service=redpanda-connect label="" path=root.input
time="2026-09-23T12:23:43+01:00" level=debug msg="Loaded ARCHIVED redo log file '/opt/oracle/oradata/recovery_area/FREE/archivelog/2026_09_14/o1_mf_1_266_objmd07d_.arc' into LogMiner" @service=redpanda-connect label="" path=root.input
time="2026-09-23T12:23:43+01:00" level=debug msg="Loaded ARCHIVED redo log file '/opt/oracle/oradata/recovery_area/FREE/archivelog/2026_09_14/o1_mf_1_267_objmfw9g_.arc' into LogMiner" @service=redpanda-connect label="" path=root.input
time="2026-09-23T12:23:43+01:00" level=debug msg="Loaded ARCHIVED redo log file '/opt/oracle/oradata/recovery_area/FREE/archivelog/2026_09_14/o1_mf_1_268_objmhrcm_.arc' into LogMiner" @service=redpanda-connect label="" path=root.input
time="2026-09-23T12:23:43+01:00" level=debug msg="Loaded ARCHIVED redo log file '/opt/oracle/oradata/recovery_area/FREE/archivelog/2026_09_14/o1_mf_1_269_objmknft_.arc' into LogMiner" @service=redpanda-connect label="" path=root.input
time="2026-09-23T12:23:43+01:00" level=debug msg="Loaded ARCHIVED redo log file '/opt/oracle/oradata/recovery_area/FREE/archivelog/2026_09_14/o1_mf_1_270_objmmjjg_.arc' into LogMiner" @service=redpanda-connect label="" path=root.input
time="2026-09-23T12:23:43+01:00" level=debug msg="Loaded ARCHIVED redo log file '/opt/oracle/oradata/recovery_area/FREE/archivelog/2026_09_14/o1_mf_1_271_objmo9nj_.arc' into LogMiner" @service=redpanda-connect label="" path=root.input
time="2026-09-23T12:23:43+01:00" level=debug msg="Loaded ARCHIVED redo log file '/opt/oracle/oradata/recovery_area/FREE/archivelog/2026_09_14/o1_mf_1_272_objmq5pr_.arc' into LogMiner" @service=redpanda-connect label="" path=root.input
time="2026-09-23T12:23:43+01:00" level=debug msg="Loaded ARCHIVED redo log file '/opt/oracle/oradata/recovery_area/FREE/archivelog/2026_09_14/o1_mf_1_273_objms1rv_.arc' into LogMiner" @service=redpanda-connect label="" path=root.input
time="2026-09-23T12:23:43+01:00" level=debug msg="Loaded ARCHIVED redo log file '/opt/oracle/oradata/recovery_area/FREE/archivelog/2026_09_14/o1_mf_1_274_objmtxv8_.arc' into LogMiner" @service=redpanda-connect label="" path=root.input
time="2026-09-23T12:23:43+01:00" level=debug msg="Loaded ARCHIVED redo log file '/opt/oracle/oradata/recovery_area/FREE/archivelog/2026_09_14/o1_mf_1_275_objmwsy4_.arc' into LogMiner" @service=redpanda-connect label="" path=root.input
time="2026-09-23T12:23:43+01:00" level=debug msg="Loaded ARCHIVED redo log file '/opt/oracle/oradata/recovery_area/FREE/archivelog/2026_09_14/o1_mf_1_276_objmyp10_.arc' into LogMiner" @service=redpanda-connect label="" path=root.input
time="2026-09-23T12:23:43+01:00" level=debug msg="Loaded ARCHIVED redo log file '/opt/oracle/oradata/recovery_area/FREE/archivelog/2026_09_14/o1_mf_1_277_objn0l45_.arc' into LogMiner" @service=redpanda-connect label="" path=root.input
time="2026-09-23T12:23:43+01:00" level=debug msg="Loaded ARCHIVED redo log file '/opt/oracle/oradata/recovery_area/FREE/archivelog/2026_09_14/o1_mf_1_278_objn2g5d_.arc' into LogMiner" @service=redpanda-connect label="" path=root.input
time="2026-09-23T12:23:43+01:00" level=debug msg="Loaded ARCHIVED redo log file '/opt/oracle/oradata/recovery_area/FREE/archivelog/2026_09_14/o1_mf_1_279_objn4b8b_.arc' into LogMiner" @service=redpanda-connect label="" path=root.input
time="2026-09-23T12:23:43+01:00" level=debug msg="Loaded ARCHIVED redo log file '/opt/oracle/oradata/recovery_area/FREE/archivelog/2026_09_14/o1_mf_1_280_objn66by_.arc' into LogMiner" @service=redpanda-connect label="" path=root.input
time="2026-09-23T12:23:43+01:00" level=debug msg="Loaded ARCHIVED redo log file '/opt/oracle/oradata/recovery_area/FREE/archivelog/2026_09_14/o1_mf_1_281_objn82fv_.arc' into LogMiner" @service=redpanda-connect label="" path=root.input
time="2026-09-23T12:23:43+01:00" level=debug msg="Loaded ARCHIVED redo log file '/opt/oracle/oradata/recovery_area/FREE/archivelog/2026_09_14/o1_mf_1_282_objn9yj1_.arc' into LogMiner" @service=redpanda-connect label="" path=root.input
time="2026-09-23T12:23:43+01:00" level=debug msg="Loaded ARCHIVED redo log file '/opt/oracle/oradata/recovery_area/FREE/archivelog/2026_09_14/o1_mf_1_283_objnctlw_.arc' into LogMiner" @service=redpanda-connect label="" path=root.input
time="2026-09-23T12:23:43+01:00" level=debug msg="Loaded ARCHIVED redo log file '/opt/oracle/oradata/recovery_area/FREE/archivelog/2026_09_14/o1_mf_1_284_objnfpoo_.arc' into LogMiner" @service=redpanda-connect label="" path=root.input
time="2026-09-23T12:23:43+01:00" level=debug msg="Loaded ARCHIVED redo log file '/opt/oracle/oradata/recovery_area/FREE/archivelog/2026_09_14/o1_mf_1_285_objnhlqz_.arc' into LogMiner" @service=redpanda-connect label="" path=root.input
time="2026-09-23T12:23:43+01:00" level=debug msg="Loaded ARCHIVED redo log file '/opt/oracle/oradata/recovery_area/FREE/archivelog/2026_09_14/o1_mf_1_286_objnkgv9_.arc' into LogMiner" @service=redpanda-connect label="" path=root.input
time="2026-09-23T12:23:43+01:00" level=debug msg="Loaded ARCHIVED redo log file '/opt/oracle/oradata/recovery_area/FREE/archivelog/2026_09_14/o1_mf_1_287_objnmbxc_.arc' into LogMiner" @service=redpanda-connect label="" path=root.input
time="2026-09-23T12:23:43+01:00" level=debug msg="Loaded ARCHIVED redo log file '/opt/oracle/oradata/recovery_area/FREE/archivelog/2026_09_14/o1_mf_1_288_objno716_.arc' into LogMiner" @service=redpanda-connect label="" path=root.input
time="2026-09-23T12:23:43+01:00" level=debug msg="Loaded ARCHIVED redo log file '/opt/oracle/oradata/recovery_area/FREE/archivelog/2026_09_14/o1_mf_1_289_objnq34j_.arc' into LogMiner" @service=redpanda-connect label="" path=root.input
time="2026-09-23T12:23:43+01:00" level=debug msg="Loaded ARCHIVED redo log file '/opt/oracle/oradata/recovery_area/FREE/archivelog/2026_09_14/o1_mf_1_290_objopnqc_.arc' into LogMiner" @service=redpanda-connect label="" path=root.input
time="2026-09-23T12:23:43+01:00" level=debug msg="Loaded ARCHIVED redo log file '/opt/oracle/oradata/recovery_area/FREE/archivelog/2026_09_14/o1_mf_1_291_objorjtd_.arc' into LogMiner" @service=redpanda-connect label="" path=root.input
time="2026-09-23T12:23:43+01:00" level=debug msg="Started LogMiner session from SCN 111813453 to SCN 112013453" @service=redpanda-connect label="" path=root.input
time="2026-09-23T12:23:43+01:00" level=debug msg="Executing LogMiner query with SCN range (scn=111813453 to 112013453 with window 200000)" @service=redpanda-connect label="" path=root.input
time="2026-09-23T12:23:43+01:00" level=debug msg="LogMiner query returned first row after 21.153041ms (scn=111813453 to 112013453)" @service=redpanda-connect label="" path=root.input
{"BALANCE":"0.00","CREATED_AT":"2026-09-14T13:37:40.135769Z","DATE_OF_BIRTH":"2026-09-14T13:37:40Z","EMAIL":"postjump21@example.com","ID":"5221","IS_ACTIVE":1,"JOIN_DATE":"2026-09-14T13:37:40Z","LOGIN_COUNT":"0","NAME":"post-jump2-1","SURNAME":"surname-1"}
{"BALANCE":"0.00","CREATED_AT":"2026-09-14T13:37:40.135769Z","DATE_OF_BIRTH":"2026-09-14T13:37:40Z","EMAIL":"postjump22@example.com","ID":"5222","IS_ACTIVE":1,"JOIN_DATE":"2026-09-14T13:37:40Z","LOGIN_COUNT":"0","NAME":"post-jump2-2","SURNAME":"surname-2"}
{"BALANCE":"0.00","CREATED_AT":"2026-09-14T13:37:40.135769Z","DATE_OF_BIRTH":"2026-09-14T13:37:40Z","EMAIL":"postjump23@example.com","ID":"5223","IS_ACTIVE":1,"JOIN_DATE":"2026-09-14T13:37:40Z","LOGIN_COUNT":"0","NAME":"post-jump2-3","SURNAME":"surname-3"}
{"BALANCE":"0.00","CREATED_AT":"2026-09-14T13:37:40.135769Z","DATE_OF_BIRTH":"2026-09-14T13:37:40Z","EMAIL":"postjump24@example.com","ID":"5224","IS_ACTIVE":1,"JOIN_DATE":"2026-09-14T13:37:40Z","LOGIN_COUNT":"0","NAME":"post-jump2-4","SURNAME":"surname-4"}
{"BALANCE":"0.00","CREATED_AT":"2026-09-14T13:37:40.135769Z","DATE_OF_BIRTH":"2026-09-14T13:37:40Z","EMAIL":"postjump25@example.com","ID":"5225","IS_ACTIVE":1,"JOIN_DATE":"2026-09-14T13:37:40Z","LOGIN_COUNT":"0","NAME":"post-jump2-5","SURNAME":"surname-5"}
{"BALANCE":"0.00","CREATED_AT":"2026-09-14T13:37:40.135769Z","DATE_OF_BIRTH":"2026-09-14T13:37:40Z","EMAIL":"postjump26@example.com","ID":"5226","IS_ACTIVE":1,"JOIN_DATE":"2026-09-14T13:37:40Z","LOGIN_COUNT":"0","NAME":"post-jump2-6","SURNAME":"surname-6"}
{"BALANCE":"0.00","CREATED_AT":"2026-09-14T13:37:40.135769Z","DATE_OF_BIRTH":"2026-09-14T13:37:40Z","EMAIL":"postjump27@example.com","ID":"5227","IS_ACTIVE":1,"JOIN_DATE":"2026-09-14T13:37:40Z","LOGIN_COUNT":"0","NAME":"post-jump2-7","SURNAME":"surname-7"}
{"BALANCE":"0.00","CREATED_AT":"2026-09-14T13:37:40.135769Z","DATE_OF_BIRTH":"2026-09-14T13:37:40Z","EMAIL":"postjump28@example.com","ID":"5228","IS_ACTIVE":1,"JOIN_DATE":"2026-09-14T13:37:40Z","LOGIN_COUNT":"0","NAME":"post-jump2-8","SURNAME":"surname-8"}
{"BALANCE":"0.00","CREATED_AT":"2026-09-14T13:37:40.135769Z","DATE_OF_BIRTH":"2026-09-14T13:37:40Z","EMAIL":"postjump29@example.com","ID":"5229","IS_ACTIVE":1,"JOIN_DATE":"2026-09-14T13:37:40Z","LOGIN_COUNT":"0","NAME":"post-jump2-9","SURNAME":"surname-9"}
{"BALANCE":"0.00","CREATED_AT":"2026-09-14T13:37:40.135769Z","DATE_OF_BIRTH":"2026-09-14T13:37:40Z","EMAIL":"postjump210@example.com","ID":"5230","IS_ACTIVE":1,"JOIN_DATE":"2026-09-14T13:37:40Z","LOGIN_COUNT":"0","NAME":"post-jump2-10","SURNAME":"surname-10"}
{"BALANCE":"0.00","CREATED_AT":"2026-09-14T13:37:40.135769Z","DATE_OF_BIRTH":"2026-09-14T13:37:40Z","EMAIL":"postjump211@example.com","ID":"5231","IS_ACTIVE":1,"JOIN_DATE":"2026-09-14T13:37:40Z","LOGIN_COUNT":"0","NAME":"post-jump2-11","SURNAME":"surname-11"}
{"BALANCE":"0.00","CREATED_AT":"2026-09-14T13:37:40.135769Z","DATE_OF_BIRTH":"2026-09-14T13:37:40Z","EMAIL":"postjump212@example.com","ID":"5232","IS_ACTIVE":1,"JOIN_DATE":"2026-09-14T13:37:40Z","LOGIN_COUNT":"0","NAME":"post-jump2-12","SURNAME":"surname-12"}
{"BALANCE":"0.00","CREATED_AT":"2026-09-14T13:37:40.135769Z","DATE_OF_BIRTH":"2026-09-14T13:37:40Z","EMAIL":"postjump213@example.com","ID":"5233","IS_ACTIVE":1,"JOIN_DATE":"2026-09-14T13:37:40Z","LOGIN_COUNT":"0","NAME":"post-jump2-13","SURNAME":"surname-13"}
{"BALANCE":"0.00","CREATED_AT":"2026-09-14T13:37:40.135769Z","DATE_OF_BIRTH":"2026-09-14T13:37:40Z","EMAIL":"postjump214@example.com","ID":"5234","IS_ACTIVE":1,"JOIN_DATE":"2026-09-14T13:37:40Z","LOGIN_COUNT":"0","NAME":"post-jump2-14","SURNAME":"surname-14"}
{"BALANCE":"0.00","CREATED_AT":"2026-09-14T13:37:40.135769Z","DATE_OF_BIRTH":"2026-09-14T13:37:40Z","EMAIL":"postjump215@example.com","ID":"5235","IS_ACTIVE":1,"JOIN_DATE":"2026-09-14T13:37:40Z","LOGIN_COUNT":"0","NAME":"post-jump2-15","SURNAME":"surname-15"}
{"BALANCE":"0.00","CREATED_AT":"2026-09-14T13:37:40.135769Z","DATE_OF_BIRTH":"2026-09-14T13:37:40Z","EMAIL":"postjump216@example.com","ID":"5236","IS_ACTIVE":1,"JOIN_DATE":"2026-09-14T13:37:40Z","LOGIN_COUNT":"0","NAME":"post-jump2-16","SURNAME":"surname-16"}
{"BALANCE":"0.00","CREATED_AT":"2026-09-14T13:37:40.135769Z","DATE_OF_BIRTH":"2026-09-14T13:37:40Z","EMAIL":"postjump217@example.com","ID":"5237","IS_ACTIVE":1,"JOIN_DATE":"2026-09-14T13:37:40Z","LOGIN_COUNT":"0","NAME":"post-jump2-17","SURNAME":"surname-17"}
{"BALANCE":"0.00","CREATED_AT":"2026-09-14T13:37:40.135769Z","DATE_OF_BIRTH":"2026-09-14T13:37:40Z","EMAIL":"postjump218@example.com","ID":"5238","IS_ACTIVE":1,"JOIN_DATE":"2026-09-14T13:37:40Z","LOGIN_COUNT":"0","NAME":"post-jump2-18","SURNAME":"surname-18"}
{"BALANCE":"0.00","CREATED_AT":"2026-09-14T13:37:40.135769Z","DATE_OF_BIRTH":"2026-09-14T13:37:40Z","EMAIL":"postjump219@example.com","ID":"5239","IS_ACTIVE":1,"JOIN_DATE":"2026-09-14T13:37:40Z","LOGIN_COUNT":"0","NAME":"post-jump2-19","SURNAME":"surname-19"}
{"BALANCE":"0.00","CREATED_AT":"2026-09-14T13:37:40.135769Z","DATE_OF_BIRTH":"2026-09-14T13:37:40Z","EMAIL":"postjump220@example.com","ID":"5240","IS_ACTIVE":1,"JOIN_DATE":"2026-09-14T13:37:40Z","LOGIN_COUNT":"0","NAME":"post-jump2-20","SURNAME":"surname-20"}
{"BALANCE":"0.00","CREATED_AT":"2026-09-14T13:37:40.135769Z","DATE_OF_BIRTH":"2026-09-14T13:37:40Z","EMAIL":"postjump221@example.com","ID":"5241","IS_ACTIVE":1,"JOIN_DATE":"2026-09-14T13:37:40Z","LOGIN_COUNT":"0","NAME":"post-jump2-21","SURNAME":"surname-21"}
{"BALANCE":"0.00","CREATED_AT":"2026-09-14T13:37:40.135769Z","DATE_OF_BIRTH":"2026-09-14T13:37:40Z","EMAIL":"postjump222@example.com","ID":"5242","IS_ACTIVE":1,"JOIN_DATE":"2026-09-14T13:37:40Z","LOGIN_COUNT":"0","NAME":"post-jump2-22","SURNAME":"surname-22"}
{"BALANCE":"0.00","CREATED_AT":"2026-09-14T13:37:40.135769Z","DATE_OF_BIRTH":"2026-09-14T13:37:40Z","EMAIL":"postjump223@example.com","ID":"5243","IS_ACTIVE":1,"JOIN_DATE":"2026-09-14T13:37:40Z","LOGIN_COUNT":"0","NAME":"post-jump2-23","SURNAME":"surname-23"}
{"BALANCE":"0.00","CREATED_AT":"2026-09-14T13:37:40.135769Z","DATE_OF_BIRTH":"2026-09-14T13:37:40Z","EMAIL":"postjump224@example.com","ID":"5244","IS_ACTIVE":1,"JOIN_DATE":"2026-09-14T13:37:40Z","LOGIN_COUNT":"0","NAME":"post-jump2-24","SURNAME":"surname-24"}
{"BALANCE":"0.00","CREATED_AT":"2026-09-14T13:37:40.135769Z","DATE_OF_BIRTH":"2026-09-14T13:37:40Z","EMAIL":"postjump225@example.com","ID":"5245","IS_ACTIVE":1,"JOIN_DATE":"2026-09-14T13:37:40Z","LOGIN_COUNT":"0","NAME":"post-jump2-25","SURNAME":"surname-25"}
{"BALANCE":"0.00","CREATED_AT":"2026-09-14T13:37:40.135769Z","DATE_OF_BIRTH":"2026-09-14T13:37:40Z","EMAIL":"postjump226@example.com","ID":"5246","IS_ACTIVE":1,"JOIN_DATE":"2026-09-14T13:37:40Z","LOGIN_COUNT":"0","NAME":"post-jump2-26","SURNAME":"surname-26"}
{"BALANCE":"0.00","CREATED_AT":"2026-09-14T13:37:40.135769Z","DATE_OF_BIRTH":"2026-09-14T13:37:40Z","EMAIL":"postjump227@example.com","ID":"5247","IS_ACTIVE":1,"JOIN_DATE":"2026-09-14T13:37:40Z","LOGIN_COUNT":"0","NAME":"post-jump2-27","SURNAME":"surname-27"}
{"BALANCE":"0.00","CREATED_AT":"2026-09-14T13:37:40.135769Z","DATE_OF_BIRTH":"2026-09-14T13:37:40Z","EMAIL":"postjump228@example.com","ID":"5248","IS_ACTIVE":1,"JOIN_DATE":"2026-09-14T13:37:40Z","LOGIN_COUNT":"0","NAME":"post-jump2-28","SURNAME":"surname-28"}
{"BALANCE":"0.00","CREATED_AT":"2026-09-14T13:37:40.135769Z","DATE_OF_BIRTH":"2026-09-14T13:37:40Z","EMAIL":"postjump229@example.com","ID":"5249","IS_ACTIVE":1,"JOIN_DATE":"2026-09-14T13:37:40Z","LOGIN_COUNT":"0","NAME":"post-jump2-29","SURNAME":"surname-29"}
{"BALANCE":"0.00","CREATED_AT":"2026-09-14T13:37:40.135769Z","DATE_OF_BIRTH":"2026-09-14T13:37:40Z","EMAIL":"postjump230@example.com","ID":"5250","IS_ACTIVE":1,"JOIN_DATE":"2026-09-14T13:37:40Z","LOGIN_COUNT":"0","NAME":"post-jump2-30","SURNAME":"surname-30"}
{"BALANCE":"0.00","CREATED_AT":"2026-09-14T13:37:40.135769Z","DATE_OF_BIRTH":"2026-09-14T13:37:40Z","EMAIL":"postjump231@example.com","ID":"5251","IS_ACTIVE":1,"JOIN_DATE":"2026-09-14T13:37:40Z","LOGIN_COUNT":"0","NAME":"post-jump2-31","SURNAME":"surname-31"}
{"BALANCE":"0.00","CREATED_AT":"2026-09-14T13:37:40.135769Z","DATE_OF_BIRTH":"2026-09-14T13:37:40Z","EMAIL":"postjump232@example.com","ID":"5252","IS_ACTIVE":1,"JOIN_DATE":"2026-09-14T13:37:40Z","LOGIN_COUNT":"0","NAME":"post-jump2-32","SURNAME":"surname-32"}
{"BALANCE":"0.00","CREATED_AT":"2026-09-14T13:37:40.135769Z","DATE_OF_BIRTH":"2026-09-14T13:37:40Z","EMAIL":"postjump233@example.com","ID":"5253","IS_ACTIVE":1,"JOIN_DATE":"2026-09-14T13:37:40Z","LOGIN_COUNT":"0","NAME":"post-jump2-33","SURNAME":"surname-33"}
{"BALANCE":"0.00","CREATED_AT":"2026-09-14T13:37:40.135769Z","DATE_OF_BIRTH":"2026-09-14T13:37:40Z","EMAIL":"postjump234@example.com","ID":"5254","IS_ACTIVE":1,"JOIN_DATE":"2026-09-14T13:37:40Z","LOGIN_COUNT":"0","NAME":"post-jump2-34","SURNAME":"surname-34"}
{"BALANCE":"0.00","CREATED_AT":"2026-09-14T13:37:40.135769Z","DATE_OF_BIRTH":"2026-09-14T13:37:40Z","EMAIL":"postjump235@example.com","ID":"5255","IS_ACTIVE":1,"JOIN_DATE":"2026-09-14T13:37:40Z","LOGIN_COUNT":"0","NAME":"post-jump2-35","SURNAME":"surname-35"}
{"BALANCE":"0.00","CREATED_AT":"2026-09-14T13:37:40.135769Z","DATE_OF_BIRTH":"2026-09-14T13:37:40Z","EMAIL":"postjump236@example.com","ID":"5256","IS_ACTIVE":1,"JOIN_DATE":"2026-09-14T13:37:40Z","LOGIN_COUNT":"0","NAME":"post-jump2-36","SURNAME":"surname-36"}
{"BALANCE":"0.00","CREATED_AT":"2026-09-14T13:37:40.135769Z","DATE_OF_BIRTH":"2026-09-14T13:37:40Z","EMAIL":"postjump237@example.com","ID":"5257","IS_ACTIVE":1,"JOIN_DATE":"2026-09-14T13:37:40Z","LOGIN_COUNT":"0","NAME":"post-jump2-37","SURNAME":"surname-37"}
{"BALANCE":"0.00","CREATED_AT":"2026-09-14T13:37:40.135769Z","DATE_OF_BIRTH":"2026-09-14T13:37:40Z","EMAIL":"postjump238@example.com","ID":"5258","IS_ACTIVE":1,"JOIN_DATE":"2026-09-14T13:37:40Z","LOGIN_COUNT":"0","NAME":"post-jump2-38","SURNAME":"surname-38"}
{"BALANCE":"0.00","CREATED_AT":"2026-09-14T13:37:40.135769Z","DATE_OF_BIRTH":"2026-09-14T13:37:40Z","EMAIL":"postjump239@example.com","ID":"5259","IS_ACTIVE":1,"JOIN_DATE":"2026-09-14T13:37:40Z","LOGIN_COUNT":"0","NAME":"post-jump2-39","SURNAME":"surname-39"}
{"BALANCE":"0.00","CREATED_AT":"2026-09-14T13:37:40.135769Z","DATE_OF_BIRTH":"2026-09-14T13:37:40Z","EMAIL":"postjump240@example.com","ID":"5260","IS_ACTIVE":1,"JOIN_DATE":"2026-09-14T13:37:40Z","LOGIN_COUNT":"0","NAME":"post-jump2-40","SURNAME":"surname-40"}
{"BALANCE":"0.00","CREATED_AT":"2026-09-14T13:37:40.135769Z","DATE_OF_BIRTH":"2026-09-14T13:37:40Z","EMAIL":"postjump241@example.com","ID":"5261","IS_ACTIVE":1,"JOIN_DATE":"2026-09-14T13:37:40Z","LOGIN_COUNT":"0","NAME":"post-jump2-41","SURNAME":"surname-41"}
{"BALANCE":"0.00","CREATED_AT":"2026-09-14T13:37:40.135769Z","DATE_OF_BIRTH":"2026-09-14T13:37:40Z","EMAIL":"postjump242@example.com","ID":"5262","IS_ACTIVE":1,"JOIN_DATE":"2026-09-14T13:37:40Z","LOGIN_COUNT":"0","NAME":"post-jump2-42","SURNAME":"surname-42"}
{"BALANCE":"0.00","CREATED_AT":"2026-09-14T13:37:40.135769Z","DATE_OF_BIRTH":"2026-09-14T13:37:40Z","EMAIL":"postjump243@example.com","ID":"5263","IS_ACTIVE":1,"JOIN_DATE":"2026-09-14T13:37:40Z","LOGIN_COUNT":"0","NAME":"post-jump2-43","SURNAME":"surname-43"}
{"BALANCE":"0.00","CREATED_AT":"2026-09-14T13:37:40.135769Z","DATE_OF_BIRTH":"2026-09-14T13:37:40Z","EMAIL":"postjump244@example.com","ID":"5264","IS_ACTIVE":1,"JOIN_DATE":"2026-09-14T13:37:40Z","LOGIN_COUNT":"0","NAME":"post-jump2-44","SURNAME":"surname-44"}
{"BALANCE":"0.00","CREATED_AT":"2026-09-14T13:37:40.135769Z","DATE_OF_BIRTH":"2026-09-14T13:37:40Z","EMAIL":"postjump245@example.com","ID":"5265","IS_ACTIVE":1,"JOIN_DATE":"2026-09-14T13:37:40Z","LOGIN_COUNT":"0","NAME":"post-jump2-45","SURNAME":"surname-45"}
{"BALANCE":"0.00","CREATED_AT":"2026-09-14T13:37:40.135769Z","DATE_OF_BIRTH":"2026-09-14T13:37:40Z","EMAIL":"postjump246@example.com","ID":"5266","IS_ACTIVE":1,"JOIN_DATE":"2026-09-14T13:37:40Z","LOGIN_COUNT":"0","NAME":"post-jump2-46","SURNAME":"surname-46"}
{"BALANCE":"0.00","CREATED_AT":"2026-09-14T13:37:40.135769Z","DATE_OF_BIRTH":"2026-09-14T13:37:40Z","EMAIL":"postjump247@example.com","ID":"5267","IS_ACTIVE":1,"JOIN_DATE":"2026-09-14T13:37:40Z","LOGIN_COUNT":"0","NAME":"post-jump2-47","SURNAME":"surname-47"}
{"BALANCE":"0.00","CREATED_AT":"2026-09-14T13:37:40.135769Z","DATE_OF_BIRTH":"2026-09-14T13:37:40Z","EMAIL":"postjump248@example.com","ID":"5268","IS_ACTIVE":1,"JOIN_DATE":"2026-09-14T13:37:40Z","LOGIN_COUNT":"0","NAME":"post-jump2-48","SURNAME":"surname-48"}
{"BALANCE":"0.00","CREATED_AT":"2026-09-14T13:37:40.135769Z","DATE_OF_BIRTH":"2026-09-14T13:37:40Z","EMAIL":"postjump249@example.com","ID":"5269","IS_ACTIVE":1,"JOIN_DATE":"2026-09-14T13:37:40Z","LOGIN_COUNT":"0","NAME":"post-jump2-49","SURNAME":"surname-49"}
{"BALANCE":"0.00","CREATED_AT":"2026-09-14T13:37:40.135769Z","DATE_OF_BIRTH":"2026-09-14T13:37:40Z","EMAIL":"postjump250@example.com","ID":"5270","IS_ACTIVE":1,"JOIN_DATE":"2026-09-14T13:37:40Z","LOGIN_COUNT":"0","NAME":"post-jump2-50","SURNAME":"surname-50"}
{"BALANCE":"0.00","CREATED_AT":"2026-09-14T13:37:40.135769Z","DATE_OF_BIRTH":"2026-09-14T13:37:40Z","EMAIL":"postjump251@example.com","ID":"5271","IS_ACTIVE":1,"JOIN_DATE":"2026-09-14T13:37:40Z","LOGIN_COUNT":"0","NAME":"post-jump2-51","SURNAME":"surname-51"}
{"BALANCE":"0.00","CREATED_AT":"2026-09-14T13:37:40.135769Z","DATE_OF_BIRTH":"2026-09-14T13:37:40Z","EMAIL":"postjump252@example.com","ID":"5272","IS_ACTIVE":1,"JOIN_DATE":"2026-09-14T13:37:40Z","LOGIN_COUNT":"0","NAME":"post-jump2-52","SURNAME":"surname-52"}
{"BALANCE":"0.00","CREATED_AT":"2026-09-14T13:37:40.135769Z","DATE_OF_BIRTH":"2026-09-14T13:37:40Z","EMAIL":"postjump253@example.com","ID":"5273","IS_ACTIVE":1,"JOIN_DATE":"2026-09-14T13:37:40Z","LOGIN_COUNT":"0","NAME":"post-jump2-53","SURNAME":"surname-53"}
{"BALANCE":"0.00","CREATED_AT":"2026-09-14T13:37:40.135769Z","DATE_OF_BIRTH":"2026-09-14T13:37:40Z","EMAIL":"postjump254@example.com","ID":"5274","IS_ACTIVE":1,"JOIN_DATE":"2026-09-14T13:37:40Z","LOGIN_COUNT":"0","NAME":"post-jump2-54","SURNAME":"surname-54"}
{"BALANCE":"0.00","CREATED_AT":"2026-09-14T13:37:40.135769Z","DATE_OF_BIRTH":"2026-09-14T13:37:40Z","EMAIL":"postjump255@example.com","ID":"5275","IS_ACTIVE":1,"JOIN_DATE":"2026-09-14T13:37:40Z","LOGIN_COUNT":"0","NAME":"post-jump2-55","SURNAME":"surname-55"}
{"BALANCE":"0.00","CREATED_AT":"2026-09-14T13:37:40.135769Z","DATE_OF_BIRTH":"2026-09-14T13:37:40Z","EMAIL":"postjump256@example.com","ID":"5276","IS_ACTIVE":1,"JOIN_DATE":"2026-09-14T13:37:40Z","LOGIN_COUNT":"0","NAME":"post-jump2-56","SURNAME":"surname-56"}
{"BALANCE":"0.00","CREATED_AT":"2026-09-14T13:37:40.135769Z","DATE_OF_BIRTH":"2026-09-14T13:37:40Z","EMAIL":"postjump257@example.com","ID":"5277","IS_ACTIVE":1,"JOIN_DATE":"2026-09-14T13:37:40Z","LOGIN_COUNT":"0","NAME":"post-jump2-57","SURNAME":"surname-57"}
{"BALANCE":"0.00","CREATED_AT":"2026-09-14T13:37:40.135769Z","DATE_OF_BIRTH":"2026-09-14T13:37:40Z","EMAIL":"postjump258@example.com","ID":"5278","IS_ACTIVE":1,"JOIN_DATE":"2026-09-14T13:37:40Z","LOGIN_COUNT":"0","NAME":"post-jump2-58","SURNAME":"surname-58"}
{"BALANCE":"0.00","CREATED_AT":"2026-09-14T13:37:40.135769Z","DATE_OF_BIRTH":"2026-09-14T13:37:40Z","EMAIL":"postjump259@example.com","ID":"5279","IS_ACTIVE":1,"JOIN_DATE":"2026-09-14T13:37:40Z","LOGIN_COUNT":"0","NAME":"post-jump2-59","SURNAME":"surname-59"}
{"BALANCE":"0.00","CREATED_AT":"2026-09-14T13:37:40.135769Z","DATE_OF_BIRTH":"2026-09-14T13:37:40Z","EMAIL":"postjump260@example.com","ID":"5280","IS_ACTIVE":1,"JOIN_DATE":"2026-09-14T13:37:40Z","LOGIN_COUNT":"0","NAME":"post-jump2-60","SURNAME":"surname-60"}
{"BALANCE":"0.00","CREATED_AT":"2026-09-14T13:37:40.135769Z","DATE_OF_BIRTH":"2026-09-14T13:37:40Z","EMAIL":"postjump261@example.com","ID":"5281","IS_ACTIVE":1,"JOIN_DATE":"2026-09-14T13:37:40Z","LOGIN_COUNT":"0","NAME":"post-jump2-61","SURNAME":"surname-61"}
{"BALANCE":"0.00","CREATED_AT":"2026-09-14T13:37:40.135769Z","DATE_OF_BIRTH":"2026-09-14T13:37:40Z","EMAIL":"postjump262@example.com","ID":"5282","IS_ACTIVE":1,"JOIN_DATE":"2026-09-14T13:37:40Z","LOGIN_COUNT":"0","NAME":"post-jump2-62","SURNAME":"surname-62"}
{"BALANCE":"0.00","CREATED_AT":"2026-09-14T13:37:40.135769Z","DATE_OF_BIRTH":"2026-09-14T13:37:40Z","EMAIL":"postjump263@example.com","ID":"5283","IS_ACTIVE":1,"JOIN_DATE":"2026-09-14T13:37:40Z","LOGIN_COUNT":"0","NAME":"post-jump2-63","SURNAME":"surname-63"}
{"BALANCE":"0.00","CREATED_AT":"2026-09-14T13:37:40.135769Z","DATE_OF_BIRTH":"2026-09-14T13:37:40Z","EMAIL":"postjump264@example.com","ID":"5284","IS_ACTIVE":1,"JOIN_DATE":"2026-09-14T13:37:40Z","LOGIN_COUNT":"0","NAME":"post-jump2-64","SURNAME":"surname-64"}
{"BALANCE":"0.00","CREATED_AT":"2026-09-14T13:37:40.135769Z","DATE_OF_BIRTH":"2026-09-14T13:37:40Z","EMAIL":"postjump265@example.com","ID":"5285","IS_ACTIVE":1,"JOIN_DATE":"2026-09-14T13:37:40Z","LOGIN_COUNT":"0","NAME":"post-jump2-65","SURNAME":"surname-65"}
{"BALANCE":"0.00","CREATED_AT":"2026-09-14T13:37:40.135769Z","DATE_OF_BIRTH":"2026-09-14T13:37:40Z","EMAIL":"postjump266@example.com","ID":"5286","IS_ACTIVE":1,"JOIN_DATE":"2026-09-14T13:37:40Z","LOGIN_COUNT":"0","NAME":"post-jump2-66","SURNAME":"surname-66"}
{"BALANCE":"0.00","CREATED_AT":"2026-09-14T13:37:40.135769Z","DATE_OF_BIRTH":"2026-09-14T13:37:40Z","EMAIL":"postjump267@example.com","ID":"5287","IS_ACTIVE":1,"JOIN_DATE":"2026-09-14T13:37:40Z","LOGIN_COUNT":"0","NAME":"post-jump2-67","SURNAME":"surname-67"}
{"BALANCE":"0.00","CREATED_AT":"2026-09-14T13:37:40.135769Z","DATE_OF_BIRTH":"2026-09-14T13:37:40Z","EMAIL":"postjump268@example.com","ID":"5288","IS_ACTIVE":1,"JOIN_DATE":"2026-09-14T13:37:40Z","LOGIN_COUNT":"0","NAME":"post-jump2-68","SURNAME":"surname-68"}
{"BALANCE":"0.00","CREATED_AT":"2026-09-14T13:37:40.135769Z","DATE_OF_BIRTH":"2026-09-14T13:37:40Z","EMAIL":"postjump269@example.com","ID":"5289","IS_ACTIVE":1,"JOIN_DATE":"2026-09-14T13:37:40Z","LOGIN_COUNT":"0","NAME":"post-jump2-69","SURNAME":"surname-69"}
{"BALANCE":"0.00","CREATED_AT":"2026-09-14T13:37:40.135769Z","DATE_OF_BIRTH":"2026-09-14T13:37:40Z","EMAIL":"postjump270@example.com","ID":"5290","IS_ACTIVE":1,"JOIN_DATE":"2026-09-14T13:37:40Z","LOGIN_COUNT":"0","NAME":"post-jump2-70","SURNAME":"surname-70"}
{"BALANCE":"0.00","CREATED_AT":"2026-09-14T13:37:40.135769Z","DATE_OF_BIRTH":"2026-09-14T13:37:40Z","EMAIL":"postjump271@example.com","ID":"5291","IS_ACTIVE":1,"JOIN_DATE":"2026-09-14T13:37:40Z","LOGIN_COUNT":"0","NAME":"post-jump2-71","SURNAME":"surname-71"}
{"BALANCE":"0.00","CREATED_AT":"2026-09-14T13:37:40.135769Z","DATE_OF_BIRTH":"2026-09-14T13:37:40Z","EMAIL":"postjump272@example.com","ID":"5292","IS_ACTIVE":1,"JOIN_DATE":"2026-09-14T13:37:40Z","LOGIN_COUNT":"0","NAME":"post-jump2-72","SURNAME":"surname-72"}
{"BALANCE":"0.00","CREATED_AT":"2026-09-14T13:37:40.135769Z","DATE_OF_BIRTH":"2026-09-14T13:37:40Z","EMAIL":"postjump273@example.com","ID":"5293","IS_ACTIVE":1,"JOIN_DATE":"2026-09-14T13:37:40Z","LOGIN_COUNT":"0","NAME":"post-jump2-73","SURNAME":"surname-73"}
{"BALANCE":"0.00","CREATED_AT":"2026-09-14T13:37:40.135769Z","DATE_OF_BIRTH":"2026-09-14T13:37:40Z","EMAIL":"postjump274@example.com","ID":"5294","IS_ACTIVE":1,"JOIN_DATE":"2026-09-14T13:37:40Z","LOGIN_COUNT":"0","NAME":"post-jump2-74","SURNAME":"surname-74"}
{"BALANCE":"0.00","CREATED_AT":"2026-09-14T13:37:40.135769Z","DATE_OF_BIRTH":"2026-09-14T13:37:40Z","EMAIL":"postjump275@example.com","ID":"5295","IS_ACTIVE":1,"JOIN_DATE":"2026-09-14T13:37:40Z","LOGIN_COUNT":"0","NAME":"post-jump2-75","SURNAME":"surname-75"}
{"BALANCE":"0.00","CREATED_AT":"2026-09-14T13:37:40.135769Z","DATE_OF_BIRTH":"2026-09-14T13:37:40Z","EMAIL":"postjump276@example.com","ID":"5296","IS_ACTIVE":1,"JOIN_DATE":"2026-09-14T13:37:40Z","LOGIN_COUNT":"0","NAME":"post-jump2-76","SURNAME":"surname-76"}
{"BALANCE":"0.00","CREATED_AT":"2026-09-14T13:37:40.135769Z","DATE_OF_BIRTH":"2026-09-14T13:37:40Z","EMAIL":"postjump277@example.com","ID":"5297","IS_ACTIVE":1,"JOIN_DATE":"2026-09-14T13:37:40Z","LOGIN_COUNT":"0","NAME":"post-jump2-77","SURNAME":"surname-77"}
{"BALANCE":"0.00","CREATED_AT":"2026-09-14T13:37:40.135769Z","DATE_OF_BIRTH":"2026-09-14T13:37:40Z","EMAIL":"postjump278@example.com","ID":"5298","IS_ACTIVE":1,"JOIN_DATE":"2026-09-14T13:37:40Z","LOGIN_COUNT":"0","NAME":"post-jump2-78","SURNAME":"surname-78"}
{"BALANCE":"0.00","CREATED_AT":"2026-09-14T13:37:40.135769Z","DATE_OF_BIRTH":"2026-09-14T13:37:40Z","EMAIL":"postjump279@example.com","ID":"5299","IS_ACTIVE":1,"JOIN_DATE":"2026-09-14T13:37:40Z","LOGIN_COUNT":"0","NAME":"post-jump2-79","SURNAME":"surname-79"}
{"BALANCE":"0.00","CREATED_AT":"2026-09-14T13:37:40.135769Z","DATE_OF_BIRTH":"2026-09-14T13:37:40Z","EMAIL":"postjump280@example.com","ID":"5300","IS_ACTIVE":1,"JOIN_DATE":"2026-09-14T13:37:40Z","LOGIN_COUNT":"0","NAME":"post-jump2-80","SURNAME":"surname-80"}
{"BALANCE":"0.00","CREATED_AT":"2026-09-14T13:37:40.135769Z","DATE_OF_BIRTH":"2026-09-14T13:37:40Z","EMAIL":"postjump281@example.com","ID":"5301","IS_ACTIVE":1,"JOIN_DATE":"2026-09-14T13:37:40Z","LOGIN_COUNT":"0","NAME":"post-jump2-81","SURNAME":"surname-81"}
{"BALANCE":"0.00","CREATED_AT":"2026-09-14T13:37:40.135769Z","DATE_OF_BIRTH":"2026-09-14T13:37:40Z","EMAIL":"postjump282@example.com","ID":"5302","IS_ACTIVE":1,"JOIN_DATE":"2026-09-14T13:37:40Z","LOGIN_COUNT":"0","NAME":"post-jump2-82","SURNAME":"surname-82"}
{"BALANCE":"0.00","CREATED_AT":"2026-09-14T13:37:40.135769Z","DATE_OF_BIRTH":"2026-09-14T13:37:40Z","EMAIL":"postjump283@example.com","ID":"5303","IS_ACTIVE":1,"JOIN_DATE":"2026-09-14T13:37:40Z","LOGIN_COUNT":"0","NAME":"post-jump2-83","SURNAME":"surname-83"}
{"BALANCE":"0.00","CREATED_AT":"2026-09-14T13:37:40.135769Z","DATE_OF_BIRTH":"2026-09-14T13:37:40Z","EMAIL":"postjump284@example.com","ID":"5304","IS_ACTIVE":1,"JOIN_DATE":"2026-09-14T13:37:40Z","LOGIN_COUNT":"0","NAME":"post-jump2-84","SURNAME":"surname-84"}
{"BALANCE":"0.00","CREATED_AT":"2026-09-14T13:37:40.135769Z","DATE_OF_BIRTH":"2026-09-14T13:37:40Z","EMAIL":"postjump285@example.com","ID":"5305","IS_ACTIVE":1,"JOIN_DATE":"2026-09-14T13:37:40Z","LOGIN_COUNT":"0","NAME":"post-jump2-85","SURNAME":"surname-85"}
{"BALANCE":"0.00","CREATED_AT":"2026-09-14T13:37:40.135769Z","DATE_OF_BIRTH":"2026-09-14T13:37:40Z","EMAIL":"postjump286@example.com","ID":"5306","IS_ACTIVE":1,"JOIN_DATE":"2026-09-14T13:37:40Z","LOGIN_COUNT":"0","NAME":"post-jump2-86","SURNAME":"surname-86"}
{"BALANCE":"0.00","CREATED_AT":"2026-09-14T13:37:40.135769Z","DATE_OF_BIRTH":"2026-09-14T13:37:40Z","EMAIL":"postjump287@example.com","ID":"5307","IS_ACTIVE":1,"JOIN_DATE":"2026-09-14T13:37:40Z","LOGIN_COUNT":"0","NAME":"post-jump2-87","SURNAME":"surname-87"}
{"BALANCE":"0.00","CREATED_AT":"2026-09-14T13:37:40.135769Z","DATE_OF_BIRTH":"2026-09-14T13:37:40Z","EMAIL":"postjump288@example.com","ID":"5308","IS_ACTIVE":1,"JOIN_DATE":"2026-09-14T13:37:40Z","LOGIN_COUNT":"0","NAME":"post-jump2-88","SURNAME":"surname-88"}
{"BALANCE":"0.00","CREATED_AT":"2026-09-14T13:37:40.135769Z","DATE_OF_BIRTH":"2026-09-14T13:37:40Z","EMAIL":"postjump289@example.com","ID":"5309","IS_ACTIVE":1,"JOIN_DATE":"2026-09-14T13:37:40Z","LOGIN_COUNT":"0","NAME":"post-jump2-89","SURNAME":"surname-89"}
{"BALANCE":"0.00","CREATED_AT":"2026-09-14T13:37:40.135769Z","DATE_OF_BIRTH":"2026-09-14T13:37:40Z","EMAIL":"postjump290@example.com","ID":"5310","IS_ACTIVE":1,"JOIN_DATE":"2026-09-14T13:37:40Z","LOGIN_COUNT":"0","NAME":"post-jump2-90","SURNAME":"surname-90"}
{"BALANCE":"0.00","CREATED_AT":"2026-09-14T13:37:40.135769Z","DATE_OF_BIRTH":"2026-09-14T13:37:40Z","EMAIL":"postjump291@example.com","ID":"5311","IS_ACTIVE":1,"JOIN_DATE":"2026-09-14T13:37:40Z","LOGIN_COUNT":"0","NAME":"post-jump2-91","SURNAME":"surname-91"}
{"BALANCE":"0.00","CREATED_AT":"2026-09-14T13:37:40.135769Z","DATE_OF_BIRTH":"2026-09-14T13:37:40Z","EMAIL":"postjump292@example.com","ID":"5312","IS_ACTIVE":1,"JOIN_DATE":"2026-09-14T13:37:40Z","LOGIN_COUNT":"0","NAME":"post-jump2-92","SURNAME":"surname-92"}
{"BALANCE":"0.00","CREATED_AT":"2026-09-14T13:37:40.135769Z","DATE_OF_BIRTH":"2026-09-14T13:37:40Z","EMAIL":"postjump293@example.com","ID":"5313","IS_ACTIVE":1,"JOIN_DATE":"2026-09-14T13:37:40Z","LOGIN_COUNT":"0","NAME":"post-jump2-93","SURNAME":"surname-93"}
{"BALANCE":"0.00","CREATED_AT":"2026-09-14T13:37:40.135769Z","DATE_OF_BIRTH":"2026-09-14T13:37:40Z","EMAIL":"postjump294@example.com","ID":"5314","IS_ACTIVE":1,"JOIN_DATE":"2026-09-14T13:37:40Z","LOGIN_COUNT":"0","NAME":"post-jump2-94","SURNAME":"surname-94"}
{"BALANCE":"0.00","CREATED_AT":"2026-09-14T13:37:40.135769Z","DATE_OF_BIRTH":"2026-09-14T13:37:40Z","EMAIL":"postjump295@example.com","ID":"5315","IS_ACTIVE":1,"JOIN_DATE":"2026-09-14T13:37:40Z","LOGIN_COUNT":"0","NAME":"post-jump2-95","SURNAME":"surname-95"}
{"BALANCE":"0.00","CREATED_AT":"2026-09-14T13:37:40.135769Z","DATE_OF_BIRTH":"2026-09-14T13:37:40Z","EMAIL":"postjump296@example.com","ID":"5316","IS_ACTIVE":1,"JOIN_DATE":"2026-09-14T13:37:40Z","LOGIN_COUNT":"0","NAME":"post-jump2-96","SURNAME":"surname-96"}
{"BALANCE":"0.00","CREATED_AT":"2026-09-14T13:37:40.135769Z","DATE_OF_BIRTH":"2026-09-14T13:37:40Z","EMAIL":"postjump297@example.com","ID":"5317","IS_ACTIVE":1,"JOIN_DATE":"2026-09-14T13:37:40Z","LOGIN_COUNT":"0","NAME":"post-jump2-97","SURNAME":"surname-97"}
{"BALANCE":"0.00","CREATED_AT":"2026-09-14T13:37:40.135769Z","DATE_OF_BIRTH":"2026-09-14T13:37:40Z","EMAIL":"postjump298@example.com","ID":"5318","IS_ACTIVE":1,"JOIN_DATE":"2026-09-14T13:37:40Z","LOGIN_COUNT":"0","NAME":"post-jump2-98","SURNAME":"surname-98"}
{"BALANCE":"0.00","CREATED_AT":"2026-09-14T13:37:40.135769Z","DATE_OF_BIRTH":"2026-09-14T13:37:40Z","EMAIL":"postjump299@example.com","ID":"5319","IS_ACTIVE":1,"JOIN_DATE":"2026-09-14T13:37:40Z","LOGIN_COUNT":"0","NAME":"post-jump2-99","SURNAME":"surname-99"}
{"BALANCE":"0.00","CREATED_AT":"2026-09-14T13:37:40.135769Z","DATE_OF_BIRTH":"2026-09-14T13:37:40Z","EMAIL":"postjump2100@example.com","ID":"5320","IS_ACTIVE":1,"JOIN_DATE":"2026-09-14T13:37:40Z","LOGIN_COUNT":"0","NAME":"post-jump2-100","SURNAME":"surname-100"}
time="2026-09-23T12:23:48+01:00" level=debug msg="Collected 97 redo log file(s) for LogMiner: [ARCHIVED ARCHIVED ARCHIVED ARCHIVED ARCHIVED ARCHIVED ARCHIVED ARCHIVED ARCHIVED ARCHIVED ARCHIVED ARCHIVED ARCHIVED ARCHIVED ARCHIVED ARCHIVED ARCHIVED ARCHIVED ARCHIVED ARCHIVED ARCHIVED ARCHIVED ARCHIVED ARCHIVED ARCHIVED ARCHIVED ARCHIVED ARCHIVED ARCHIVED ARCHIVED ARCHIVED ARCHIVED ARCHIVED ARCHIVED ARCHIVED ARCHIVED ARCHIVED ARCHIVED ARCHIVED ARCHIVED ARCHIVED ARCHIVED ARCHIVED ARCHIVED ARCHIVED ARCHIVED ARCHIVED ARCHIVED ARCHIVED ARCHIVED ARCHIVED ARCHIVED ARCHIVED ARCHIVED ARCHIVED ARCHIVED ARCHIVED ARCHIVED ARCHIVED ARCHIVED ARCHIVED ARCHIVED ARCHIVED ARCHIVED ARCHIVED ARCHIVED ARCHIVED ARCHIVED ARCHIVED ARCHIVED ARCHIVED ARCHIVED ARCHIVED ARCHIVED ARCHIVED ARCHIVED ARCHIVED ARCHIVED ARCHIVED ARCHIVED ARCHIVED ARCHIVED ARCHIVED ARCHIVED ARCHIVED ARCHIVED ARCHIVED ARCHIVED ARCHIVED ARCHIVED ARCHIVED ARCHIVED ARCHIVED ARCHIVED ARCHIVED ARCHIVED ARCHIVED]" @service=redpanda-connect label="" path=root.input
time="2026-09-23T12:23:48+01:00" level=debug msg="Loaded ARCHIVED redo log file '/opt/oracle/oradata/recovery_area/FREE/archivelog/2026_09_14/o1_mf_1_291_objorjtd_.arc' into LogMiner" @service=redpanda-connect label="" path=root.input
time="2026-09-23T12:23:48+01:00" level=debug msg="Loaded ARCHIVED redo log file '/opt/oracle/oradata/recovery_area/FREE/archivelog/2026_09_14/o1_mf_1_292_objotdx1_.arc' into LogMiner" @service=redpanda-connect label="" path=root.input
time="2026-09-23T12:23:48+01:00" level=debug msg="Loaded ARCHIVED redo log file '/opt/oracle/oradata/recovery_area/FREE/archivelog/2026_09_14/o1_mf_1_293_objow8yx_.arc' into LogMiner" @service=redpanda-connect label="" path=root.input
time="2026-09-23T12:23:48+01:00" level=debug msg="Loaded ARCHIVED redo log file '/opt/oracle/oradata/recovery_area/FREE/archivelog/2026_09_14/o1_mf_1_294_objoy52k_.arc' into LogMiner" @service=redpanda-connect label="" path=root.input
time="2026-09-23T12:23:48+01:00" level=debug msg="Loaded ARCHIVED redo log file '/opt/oracle/oradata/recovery_area/FREE/archivelog/2026_09_14/o1_mf_1_295_objp0155_.arc' into LogMiner" @service=redpanda-connect label="" path=root.input
time="2026-09-23T12:23:48+01:00" level=debug msg="Loaded ARCHIVED redo log file '/opt/oracle/oradata/recovery_area/FREE/archivelog/2026_09_14/o1_mf_1_296_objp1x7o_.arc' into LogMiner" @service=redpanda-connect label="" path=root.input
time="2026-09-23T12:23:48+01:00" level=debug msg="Loaded ARCHIVED redo log file '/opt/oracle/oradata/recovery_area/FREE/archivelog/2026_09_14/o1_mf_1_297_objp3s9h_.arc' into LogMiner" @service=redpanda-connect label="" path=root.input
time="2026-09-23T12:23:48+01:00" level=debug msg="Loaded ARCHIVED redo log file '/opt/oracle/oradata/recovery_area/FREE/archivelog/2026_09_14/o1_mf_1_298_objp5odj_.arc' into LogMiner" @service=redpanda-connect label="" path=root.input
time="2026-09-23T12:23:48+01:00" level=debug msg="Loaded ARCHIVED redo log file '/opt/oracle/oradata/recovery_area/FREE/archivelog/2026_09_14/o1_mf_1_299_objp7kgs_.arc' into LogMiner" @service=redpanda-connect label="" path=root.input
time="2026-09-23T12:23:48+01:00" level=debug msg="Loaded ARCHIVED redo log file '/opt/oracle/oradata/recovery_area/FREE/archivelog/2026_09_14/o1_mf_1_300_objp9fjh_.arc' into LogMiner" @service=redpanda-connect label="" path=root.input
time="2026-09-23T12:23:48+01:00" level=debug msg="Loaded ARCHIVED redo log file '/opt/oracle/oradata/recovery_area/FREE/archivelog/2026_09_14/o1_mf_1_301_objpc9m4_.arc' into LogMiner" @service=redpanda-connect label="" path=root.input
time="2026-09-23T12:23:48+01:00" level=debug msg="Loaded ARCHIVED redo log file '/opt/oracle/oradata/recovery_area/FREE/archivelog/2026_09_14/o1_mf_1_302_objpf5ox_.arc' into LogMiner" @service=redpanda-connect label="" path=root.input
time="2026-09-23T12:23:48+01:00" level=debug msg="Loaded ARCHIVED redo log file '/opt/oracle/oradata/recovery_area/FREE/archivelog/2026_09_14/o1_mf_1_303_objph1sd_.arc' into LogMiner" @service=redpanda-connect label="" path=root.input
time="2026-09-23T12:23:48+01:00" level=debug msg="Loaded ARCHIVED redo log file '/opt/oracle/oradata/recovery_area/FREE/archivelog/2026_09_14/o1_mf_1_304_objpjxwh_.arc' into LogMiner" @service=redpanda-connect label="" path=root.input
time="2026-09-23T12:23:48+01:00" level=debug msg="Loaded ARCHIVED redo log file '/opt/oracle/oradata/recovery_area/FREE/archivelog/2026_09_14/o1_mf_1_305_objplsyv_.arc' into LogMiner" @service=redpanda-connect label="" path=root.input
time="2026-09-23T12:23:48+01:00" level=debug msg="Loaded ARCHIVED redo log file '/opt/oracle/oradata/recovery_area/FREE/archivelog/2026_09_14/o1_mf_1_306_objpnp1l_.arc' into LogMiner" @service=redpanda-connect label="" path=root.input
time="2026-09-23T12:23:48+01:00" level=debug msg="Loaded ARCHIVED redo log file '/opt/oracle/oradata/recovery_area/FREE/archivelog/2026_09_14/o1_mf_1_307_objppl4z_.arc' into LogMiner" @service=redpanda-connect label="" path=root.input
time="2026-09-23T12:23:48+01:00" level=debug msg="Loaded ARCHIVED redo log file '/opt/oracle/oradata/recovery_area/FREE/archivelog/2026_09_14/o1_mf_1_308_objprk93_.arc' into LogMiner" @service=redpanda-connect label="" path=root.input
time="2026-09-23T12:23:48+01:00" level=debug msg="Loaded ARCHIVED redo log file '/opt/oracle/oradata/recovery_area/FREE/archivelog/2026_09_14/o1_mf_1_309_objptfcx_.arc' into LogMiner" @service=redpanda-connect label="" path=root.input
time="2026-09-23T12:23:48+01:00" level=debug msg="Loaded ARCHIVED redo log file '/opt/oracle/oradata/recovery_area/FREE/archivelog/2026_09_14/o1_mf_1_310_objpw9gm_.arc' into LogMiner" @service=redpanda-connect label="" path=root.input
time="2026-09-23T12:23:48+01:00" level=debug msg="Loaded ARCHIVED redo log file '/opt/oracle/oradata/recovery_area/FREE/archivelog/2026_09_14/o1_mf_1_311_objpy5jt_.arc' into LogMiner" @service=redpanda-connect label="" path=root.input
time="2026-09-23T12:23:48+01:00" level=debug msg="Loaded ARCHIVED redo log file '/opt/oracle/oradata/recovery_area/FREE/archivelog/2026_09_14/o1_mf_1_312_objq01mg_.arc' into LogMiner" @service=redpanda-connect label="" path=root.input
time="2026-09-23T12:23:48+01:00" level=debug msg="Loaded ARCHIVED redo log file '/opt/oracle/oradata/recovery_area/FREE/archivelog/2026_09_14/o1_mf_1_313_objq1xph_.arc' into LogMiner" @service=redpanda-connect label="" path=root.input
time="2026-09-23T12:23:48+01:00" level=debug msg="Loaded ARCHIVED redo log file '/opt/oracle/oradata/recovery_area/FREE/archivelog/2026_09_14/o1_mf_1_314_objq3sr1_.arc' into LogMiner" @service=redpanda-connect label="" path=root.input
time="2026-09-23T12:23:48+01:00" level=debug msg="Loaded ARCHIVED redo log file '/opt/oracle/oradata/recovery_area/FREE/archivelog/2026_09_14/o1_mf_1_315_objq5ots_.arc' into LogMiner" @service=redpanda-connect label="" path=root.input
time="2026-09-23T12:23:48+01:00" level=debug msg="Loaded ARCHIVED redo log file '/opt/oracle/oradata/recovery_area/FREE/archivelog/2026_09_14/o1_mf_1_316_objq7kxm_.arc' into LogMiner" @service=redpanda-connect label="" path=root.input
time="2026-09-23T12:23:48+01:00" level=debug msg="Loaded ARCHIVED redo log file '/opt/oracle/oradata/recovery_area/FREE/archivelog/2026_09_14/o1_mf_1_317_objq9g17_.arc' into LogMiner" @service=redpanda-connect label="" path=root.input
time="2026-09-23T12:23:48+01:00" level=debug msg="Loaded ARCHIVED redo log file '/opt/oracle/oradata/recovery_area/FREE/archivelog/2026_09_14/o1_mf_1_318_objqcb36_.arc' into LogMiner" @service=redpanda-connect label="" path=root.input
time="2026-09-23T12:23:48+01:00" level=debug msg="Loaded ARCHIVED redo log file '/opt/oracle/oradata/recovery_area/FREE/archivelog/2026_09_14/o1_mf_1_319_objqf650_.arc' into LogMiner" @service=redpanda-connect label="" path=root.input
time="2026-09-23T12:23:48+01:00" level=debug msg="Loaded ARCHIVED redo log file '/opt/oracle/oradata/recovery_area/FREE/archivelog/2026_09_14/o1_mf_1_320_objqh26x_.arc' into LogMiner" @service=redpanda-connect label="" path=root.input
time="2026-09-23T12:23:48+01:00" level=debug msg="Loaded ARCHIVED redo log file '/opt/oracle/oradata/recovery_area/FREE/archivelog/2026_09_14/o1_mf_1_321_objqjy9q_.arc' into LogMiner" @service=redpanda-connect label="" path=root.input
time="2026-09-23T12:23:48+01:00" level=debug msg="Loaded ARCHIVED redo log file '/opt/oracle/oradata/recovery_area/FREE/archivelog/2026_09_14/o1_mf_1_322_objqltcq_.arc' into LogMiner" @service=redpanda-connect label="" path=root.input
time="2026-09-23T12:23:48+01:00" level=debug msg="Loaded ARCHIVED redo log file '/opt/oracle/oradata/recovery_area/FREE/archivelog/2026_09_14/o1_mf_1_323_objqnpgs_.arc' into LogMiner" @service=redpanda-connect label="" path=root.input
time="2026-09-23T12:23:48+01:00" level=debug msg="Loaded ARCHIVED redo log file '/opt/oracle/oradata/recovery_area/FREE/archivelog/2026_09_14/o1_mf_1_324_objqpljm_.arc' into LogMiner" @service=redpanda-connect label="" path=root.input
time="2026-09-23T12:23:48+01:00" level=debug msg="Loaded ARCHIVED redo log file '/opt/oracle/oradata/recovery_area/FREE/archivelog/2026_09_14/o1_mf_1_325_objqrglz_.arc' into LogMiner" @service=redpanda-connect label="" path=root.input
time="2026-09-23T12:23:48+01:00" level=debug msg="Loaded ARCHIVED redo log file '/opt/oracle/oradata/recovery_area/FREE/archivelog/2026_09_14/o1_mf_1_326_objqtbob_.arc' into LogMiner" @service=redpanda-connect label="" path=root.input
time="2026-09-23T12:23:48+01:00" level=debug msg="Loaded ARCHIVED redo log file '/opt/oracle/oradata/recovery_area/FREE/archivelog/2026_09_14/o1_mf_1_327_objqw6qj_.arc' into LogMiner" @service=redpanda-connect label="" path=root.input
time="2026-09-23T12:23:48+01:00" level=debug msg="Loaded ARCHIVED redo log file '/opt/oracle/oradata/recovery_area/FREE/archivelog/2026_09_14/o1_mf_1_328_objqy2t2_.arc' into LogMiner" @service=redpanda-connect label="" path=root.input
time="2026-09-23T12:23:48+01:00" level=debug msg="Loaded ARCHIVED redo log file '/opt/oracle/oradata/recovery_area/FREE/archivelog/2026_09_14/o1_mf_1_329_objqzyw2_.arc' into LogMiner" @service=redpanda-connect label="" path=root.input
time="2026-09-23T12:23:48+01:00" level=debug msg="Loaded ARCHIVED redo log file '/opt/oracle/oradata/recovery_area/FREE/archivelog/2026_09_14/o1_mf_1_330_objr1tyr_.arc' into LogMiner" @service=redpanda-connect label="" path=root.input
time="2026-09-23T12:23:48+01:00" level=debug msg="Loaded ARCHIVED redo log file '/opt/oracle/oradata/recovery_area/FREE/archivelog/2026_09_14/o1_mf_1_331_objr3q1z_.arc' into LogMiner" @service=redpanda-connect label="" path=root.input
time="2026-09-23T12:23:48+01:00" level=debug msg="Loaded ARCHIVED redo log file '/opt/oracle/oradata/recovery_area/FREE/archivelog/2026_09_14/o1_mf_1_332_objr5m4l_.arc' into LogMiner" @service=redpanda-connect label="" path=root.input
time="2026-09-23T12:23:48+01:00" level=debug msg="Loaded ARCHIVED redo log file '/opt/oracle/oradata/recovery_area/FREE/archivelog/2026_09_14/o1_mf_1_333_objr7h6q_.arc' into LogMiner" @service=redpanda-connect label="" path=root.input
time="2026-09-23T12:23:48+01:00" level=debug msg="Loaded ARCHIVED redo log file '/opt/oracle/oradata/recovery_area/FREE/archivelog/2026_09_14/o1_mf_1_334_objr9c99_.arc' into LogMiner" @service=redpanda-connect label="" path=root.input
time="2026-09-23T12:23:48+01:00" level=debug msg="Loaded ARCHIVED redo log file '/opt/oracle/oradata/recovery_area/FREE/archivelog/2026_09_14/o1_mf_1_335_objrc7cq_.arc' into LogMiner" @service=redpanda-connect label="" path=root.input
time="2026-09-23T12:23:48+01:00" level=debug msg="Loaded ARCHIVED redo log file '/opt/oracle/oradata/recovery_area/FREE/archivelog/2026_09_14/o1_mf_1_336_objrf3fy_.arc' into LogMiner" @service=redpanda-connect label="" path=root.input
time="2026-09-23T12:23:48+01:00" level=debug msg="Loaded ARCHIVED redo log file '/opt/oracle/oradata/recovery_area/FREE/archivelog/2026_09_14/o1_mf_1_337_objrgzj8_.arc' into LogMiner" @service=redpanda-connect label="" path=root.input
time="2026-09-23T12:23:48+01:00" level=debug msg="Loaded ARCHIVED redo log file '/opt/oracle/oradata/recovery_area/FREE/archivelog/2026_09_14/o1_mf_1_338_objrjvl1_.arc' into LogMiner" @service=redpanda-connect label="" path=root.input
time="2026-09-23T12:23:48+01:00" level=debug msg="Loaded ARCHIVED redo log file '/opt/oracle/oradata/recovery_area/FREE/archivelog/2026_09_14/o1_mf_1_339_objrlqo6_.arc' into LogMiner" @service=redpanda-connect label="" path=root.input
time="2026-09-23T12:23:48+01:00" level=debug msg="Loaded ARCHIVED redo log file '/opt/oracle/oradata/recovery_area/FREE/archivelog/2026_09_14/o1_mf_1_340_objrnmr2_.arc' into LogMiner" @service=redpanda-connect label="" path=root.input
time="2026-09-23T12:23:48+01:00" level=debug msg="Loaded ARCHIVED redo log file '/opt/oracle/oradata/recovery_area/FREE/archivelog/2026_09_14/o1_mf_1_341_objrplv7_.arc' into LogMiner" @service=redpanda-connect label="" path=root.input
time="2026-09-23T12:23:48+01:00" level=debug msg="Loaded ARCHIVED redo log file '/opt/oracle/oradata/recovery_area/FREE/archivelog/2026_09_14/o1_mf_1_342_objrrky1_.arc' into LogMiner" @service=redpanda-connect label="" path=root.input
time="2026-09-23T12:23:48+01:00" level=debug msg="Loaded ARCHIVED redo log file '/opt/oracle/oradata/recovery_area/FREE/archivelog/2026_09_14/o1_mf_1_343_objrtg1t_.arc' into LogMiner" @service=redpanda-connect label="" path=root.input
time="2026-09-23T12:23:48+01:00" level=debug msg="Loaded ARCHIVED redo log file '/opt/oracle/oradata/recovery_area/FREE/archivelog/2026_09_14/o1_mf_1_344_objrwb4n_.arc' into LogMiner" @service=redpanda-connect label="" path=root.input
time="2026-09-23T12:23:48+01:00" level=debug msg="Loaded ARCHIVED redo log file '/opt/oracle/oradata/recovery_area/FREE/archivelog/2026_09_14/o1_mf_1_345_objry386_.arc' into LogMiner" @service=redpanda-connect label="" path=root.input
time="2026-09-23T12:23:48+01:00" level=debug msg="Loaded ARCHIVED redo log file '/opt/oracle/oradata/recovery_area/FREE/archivelog/2026_09_14/o1_mf_1_346_objrzzcw_.arc' into LogMiner" @service=redpanda-connect label="" path=root.input
time="2026-09-23T12:23:48+01:00" level=debug msg="Loaded ARCHIVED redo log file '/opt/oracle/oradata/recovery_area/FREE/archivelog/2026_09_14/o1_mf_1_347_objs1vh4_.arc' into LogMiner" @service=redpanda-connect label="" path=root.input
time="2026-09-23T12:23:48+01:00" level=debug msg="Loaded ARCHIVED redo log file '/opt/oracle/oradata/recovery_area/FREE/archivelog/2026_09_14/o1_mf_1_348_objs3ql7_.arc' into LogMiner" @service=redpanda-connect label="" path=root.input
time="2026-09-23T12:23:48+01:00" level=debug msg="Loaded ARCHIVED redo log file '/opt/oracle/oradata/recovery_area/FREE/archivelog/2026_09_14/o1_mf_1_349_objs5mo9_.arc' into LogMiner" @service=redpanda-connect label="" path=root.input
time="2026-09-23T12:23:48+01:00" level=debug msg="Loaded ARCHIVED redo log file '/opt/oracle/oradata/recovery_area/FREE/archivelog/2026_09_14/o1_mf_1_350_objs7hr0_.arc' into LogMiner" @service=redpanda-connect label="" path=root.input
time="2026-09-23T12:23:48+01:00" level=debug msg="Loaded ARCHIVED redo log file '/opt/oracle/oradata/recovery_area/FREE/archivelog/2026_09_14/o1_mf_1_351_objs9gvh_.arc' into LogMiner" @service=redpanda-connect label="" path=root.input
time="2026-09-23T12:23:48+01:00" level=debug msg="Loaded ARCHIVED redo log file '/opt/oracle/oradata/recovery_area/FREE/archivelog/2026_09_14/o1_mf_1_352_objscfz4_.arc' into LogMiner" @service=redpanda-connect label="" path=root.input
time="2026-09-23T12:23:48+01:00" level=debug msg="Loaded ARCHIVED redo log file '/opt/oracle/oradata/recovery_area/FREE/archivelog/2026_09_14/o1_mf_1_353_objsfb3k_.arc' into LogMiner" @service=redpanda-connect label="" path=root.input
time="2026-09-23T12:23:48+01:00" level=debug msg="Loaded ARCHIVED redo log file '/opt/oracle/oradata/recovery_area/FREE/archivelog/2026_09_14/o1_mf_1_354_objsh672_.arc' into LogMiner" @service=redpanda-connect label="" path=root.input
time="2026-09-23T12:23:48+01:00" level=debug msg="Loaded ARCHIVED redo log file '/opt/oracle/oradata/recovery_area/FREE/archivelog/2026_09_14/o1_mf_1_355_objsk29f_.arc' into LogMiner" @service=redpanda-connect label="" path=root.input
time="2026-09-23T12:23:48+01:00" level=debug msg="Loaded ARCHIVED redo log file '/opt/oracle/oradata/recovery_area/FREE/archivelog/2026_09_14/o1_mf_1_356_objslycq_.arc' into LogMiner" @service=redpanda-connect label="" path=root.input
time="2026-09-23T12:23:48+01:00" level=debug msg="Loaded ARCHIVED redo log file '/opt/oracle/oradata/recovery_area/FREE/archivelog/2026_09_14/o1_mf_1_357_objsnthg_.arc' into LogMiner" @service=redpanda-connect label="" path=root.input
time="2026-09-23T12:23:48+01:00" level=debug msg="Loaded ARCHIVED redo log file '/opt/oracle/oradata/recovery_area/FREE/archivelog/2026_09_14/o1_mf_1_358_objsppjy_.arc' into LogMiner" @service=redpanda-connect label="" path=root.input
time="2026-09-23T12:23:48+01:00" level=debug msg="Loaded ARCHIVED redo log file '/opt/oracle/oradata/recovery_area/FREE/archivelog/2026_09_14/o1_mf_1_359_objsrlly_.arc' into LogMiner" @service=redpanda-connect label="" path=root.input
time="2026-09-23T12:23:48+01:00" level=debug msg="Loaded ARCHIVED redo log file '/opt/oracle/oradata/recovery_area/FREE/archivelog/2026_09_14/o1_mf_1_360_objstgop_.arc' into LogMiner" @service=redpanda-connect label="" path=root.input
time="2026-09-23T12:23:48+01:00" level=debug msg="Loaded ARCHIVED redo log file '/opt/oracle/oradata/recovery_area/FREE/archivelog/2026_09_14/o1_mf_1_361_objswbr7_.arc' into LogMiner" @service=redpanda-connect label="" path=root.input
time="2026-09-23T12:23:48+01:00" level=debug msg="Loaded ARCHIVED redo log file '/opt/oracle/oradata/recovery_area/FREE/archivelog/2026_09_14/o1_mf_1_362_objsy6tt_.arc' into LogMiner" @service=redpanda-connect label="" path=root.input
time="2026-09-23T12:23:48+01:00" level=debug msg="Loaded ARCHIVED redo log file '/opt/oracle/oradata/recovery_area/FREE/archivelog/2026_09_15/o1_mf_1_363_oblczfht_.arc' into LogMiner" @service=redpanda-connect label="" path=root.input
time="2026-09-23T12:23:49+01:00" level=debug msg="Loaded ARCHIVED redo log file '/opt/oracle/oradata/recovery_area/FREE/archivelog/2026_09_15/o1_mf_1_364_obld19k1_.arc' into LogMiner" @service=redpanda-connect label="" path=root.input
time="2026-09-23T12:23:49+01:00" level=debug msg="Loaded ARCHIVED redo log file '/opt/oracle/oradata/recovery_area/FREE/archivelog/2026_09_15/o1_mf_1_365_obld35m6_.arc' into LogMiner" @service=redpanda-connect label="" path=root.input
time="2026-09-23T12:23:49+01:00" level=debug msg="Loaded ARCHIVED redo log file '/opt/oracle/oradata/recovery_area/FREE/archivelog/2026_09_15/o1_mf_1_366_obld51oy_.arc' into LogMiner" @service=redpanda-connect label="" path=root.input
time="2026-09-23T12:23:49+01:00" level=debug msg="Loaded ARCHIVED redo log file '/opt/oracle/oradata/recovery_area/FREE/archivelog/2026_09_15/o1_mf_1_367_obld6xrf_.arc' into LogMiner" @service=redpanda-connect label="" path=root.input
time="2026-09-23T12:23:49+01:00" level=debug msg="Loaded ARCHIVED redo log file '/opt/oracle/oradata/recovery_area/FREE/archivelog/2026_09_15/o1_mf_1_368_obld8sv8_.arc' into LogMiner" @service=redpanda-connect label="" path=root.input
time="2026-09-23T12:23:49+01:00" level=debug msg="Loaded ARCHIVED redo log file '/opt/oracle/oradata/recovery_area/FREE/archivelog/2026_09_15/o1_mf_1_369_obldboy6_.arc' into LogMiner" @service=redpanda-connect label="" path=root.input
time="2026-09-23T12:23:49+01:00" level=debug msg="Loaded ARCHIVED redo log file '/opt/oracle/oradata/recovery_area/FREE/archivelog/2026_09_15/o1_mf_1_370_oblddl1h_.arc' into LogMiner" @service=redpanda-connect label="" path=root.input
time="2026-09-23T12:23:49+01:00" level=debug msg="Loaded ARCHIVED redo log file '/opt/oracle/oradata/recovery_area/FREE/archivelog/2026_09_15/o1_mf_1_371_obldgg40_.arc' into LogMiner" @service=redpanda-connect label="" path=root.input
time="2026-09-23T12:23:49+01:00" level=debug msg="Loaded ARCHIVED redo log file '/opt/oracle/oradata/recovery_area/FREE/archivelog/2026_09_15/o1_mf_1_372_obldjb6q_.arc' into LogMiner" @service=redpanda-connect label="" path=root.input
time="2026-09-23T12:23:49+01:00" level=debug msg="Loaded ARCHIVED redo log file '/opt/oracle/oradata/recovery_area/FREE/archivelog/2026_09_15/o1_mf_1_373_obldl69c_.arc' into LogMiner" @service=redpanda-connect label="" path=root.input
time="2026-09-23T12:23:49+01:00" level=debug msg="Loaded ARCHIVED redo log file '/opt/oracle/oradata/recovery_area/FREE/archivelog/2026_09_15/o1_mf_1_374_obldn2cz_.arc' into LogMiner" @service=redpanda-connect label="" path=root.input
time="2026-09-23T12:23:49+01:00" level=debug msg="Loaded ARCHIVED redo log file '/opt/oracle/oradata/recovery_area/FREE/archivelog/2026_09_15/o1_mf_1_375_obldoygv_.arc' into LogMiner" @service=redpanda-connect label="" path=root.input
time="2026-09-23T12:23:49+01:00" level=debug msg="Loaded ARCHIVED redo log file '/opt/oracle/oradata/recovery_area/FREE/archivelog/2026_09_15/o1_mf_1_376_obldqtjt_.arc' into LogMiner" @service=redpanda-connect label="" path=root.input
time="2026-09-23T12:23:49+01:00" level=debug msg="Loaded ARCHIVED redo log file '/opt/oracle/oradata/recovery_area/FREE/archivelog/2026_09_15/o1_mf_1_377_obldsplb_.arc' into LogMiner" @service=redpanda-connect label="" path=root.input
time="2026-09-23T12:23:49+01:00" level=debug msg="Loaded ARCHIVED redo log file '/opt/oracle/oradata/recovery_area/FREE/archivelog/2026_09_15/o1_mf_1_378_obldvlng_.arc' into LogMiner" @service=redpanda-connect label="" path=root.input
time="2026-09-23T12:23:49+01:00" level=debug msg="Loaded ARCHIVED redo log file '/opt/oracle/oradata/recovery_area/FREE/archivelog/2026_09_15/o1_mf_1_379_obldxgol_.arc' into LogMiner" @service=redpanda-connect label="" path=root.input
time="2026-09-23T12:23:49+01:00" level=debug msg="Loaded ARCHIVED redo log file '/opt/oracle/oradata/recovery_area/FREE/archivelog/2026_09_15/o1_mf_1_380_obldzbq7_.arc' into LogMiner" @service=redpanda-connect label="" path=root.input
time="2026-09-23T12:23:49+01:00" level=debug msg="Loaded ARCHIVED redo log file '/opt/oracle/oradata/recovery_area/FREE/archivelog/2026_09_15/o1_mf_1_381_oblf16qv_.arc' into LogMiner" @service=redpanda-connect label="" path=root.input
time="2026-09-23T12:23:49+01:00" level=debug msg="Loaded ARCHIVED redo log file '/opt/oracle/oradata/recovery_area/FREE/archivelog/2026_09_15/o1_mf_1_382_oblf32s2_.arc' into LogMiner" @service=redpanda-connect label="" path=root.input
time="2026-09-23T12:23:49+01:00" level=debug msg="Loaded ARCHIVED redo log file '/opt/oracle/oradata/recovery_area/FREE/archivelog/2026_09_15/o1_mf_1_383_oblf51vn_.arc' into LogMiner" @service=redpanda-connect label="" path=root.input
time="2026-09-23T12:23:49+01:00" level=debug msg="Loaded ARCHIVED redo log file '/opt/oracle/oradata/recovery_area/FREE/archivelog/2026_09_15/o1_mf_1_384_oblf6xvt_.arc' into LogMiner" @service=redpanda-connect label="" path=root.input
time="2026-09-23T12:23:49+01:00" level=debug msg="Loaded ARCHIVED redo log file '/opt/oracle/oradata/recovery_area/FREE/archivelog/2026_09_15/o1_mf_1_385_oblf8sw4_.arc' into LogMiner" @service=redpanda-connect label="" path=root.input
time="2026-09-23T12:23:49+01:00" level=debug msg="Loaded ARCHIVED redo log file '/opt/oracle/oradata/recovery_area/FREE/archivelog/2026_09_15/o1_mf_1_386_oblfboww_.arc' into LogMiner" @service=redpanda-connect label="" path=root.input
time="2026-09-23T12:23:49+01:00" level=debug msg="Loaded ARCHIVED redo log file '/opt/oracle/oradata/recovery_area/FREE/archivelog/2026_09_15/o1_mf_1_387_oblfdky2_.arc' into LogMiner" @service=redpanda-connect label="" path=root.input
time="2026-09-23T12:23:49+01:00" level=debug msg="Started LogMiner session from SCN 112013453 to SCN 112213453" @service=redpanda-connect label="" path=root.input
time="2026-09-23T12:23:49+01:00" level=debug msg="Executing LogMiner query with SCN range (scn=112013453 to 112213453 with window 200000)" @service=redpanda-connect label="" path=root.input
time="2026-09-23T12:23:49+01:00" level=debug msg="LogMiner query returned first row after 33.007916ms (scn=112013453 to 112213453)" @service=redpanda-connect label="" path=root.input
time="2026-09-23T12:23:52+01:00" level=debug msg="Collected 11 redo log file(s) for LogMiner: [ARCHIVED ARCHIVED ARCHIVED ARCHIVED ARCHIVED ARCHIVED ARCHIVED ARCHIVED ARCHIVED ARCHIVED ARCHIVED]" @service=redpanda-connect label="" path=root.input
time="2026-09-23T12:23:52+01:00" level=debug msg="Loaded ARCHIVED redo log file '/opt/oracle/oradata/recovery_area/FREE/archivelog/2026_09_15/o1_mf_1_387_oblfdky2_.arc' into LogMiner" @service=redpanda-connect label="" path=root.input
time="2026-09-23T12:23:52+01:00" level=debug msg="Loaded ARCHIVED redo log file '/opt/oracle/oradata/recovery_area/FREE/archivelog/2026_09_15/o1_mf_1_388_oblfgfyz_.arc' into LogMiner" @service=redpanda-connect label="" path=root.input
time="2026-09-23T12:23:52+01:00" level=debug msg="Loaded ARCHIVED redo log file '/opt/oracle/oradata/recovery_area/FREE/archivelog/2026_09_15/o1_mf_1_389_oblfjb0f_.arc' into LogMiner" @service=redpanda-connect label="" path=root.input
time="2026-09-23T12:23:52+01:00" level=debug msg="Loaded ARCHIVED redo log file '/opt/oracle/oradata/recovery_area/FREE/archivelog/2026_09_15/o1_mf_1_390_oblfl61p_.arc' into LogMiner" @service=redpanda-connect label="" path=root.input
time="2026-09-23T12:23:52+01:00" level=debug msg="Loaded ARCHIVED redo log file '/opt/oracle/oradata/recovery_area/FREE/archivelog/2026_09_15/o1_mf_1_391_oblfn24s_.arc' into LogMiner" @service=redpanda-connect label="" path=root.input
time="2026-09-23T12:23:52+01:00" level=debug msg="Loaded ARCHIVED redo log file '/opt/oracle/oradata/recovery_area/FREE/archivelog/2026_09_15/o1_mf_1_392_oblfoy7p_.arc' into LogMiner" @service=redpanda-connect label="" path=root.input
time="2026-09-23T12:23:52+01:00" level=debug msg="Loaded ARCHIVED redo log file '/opt/oracle/oradata/recovery_area/FREE/archivelog/2026_09_15/o1_mf_1_393_oblfqt8p_.arc' into LogMiner" @service=redpanda-connect label="" path=root.input
time="2026-09-23T12:23:52+01:00" level=debug msg="Loaded ARCHIVED redo log file '/opt/oracle/oradata/recovery_area/FREE/archivelog/2026_09_15/o1_mf_1_394_oblfsp8w_.arc' into LogMiner" @service=redpanda-connect label="" path=root.input
time="2026-09-23T12:23:52+01:00" level=debug msg="Loaded ARCHIVED redo log file '/opt/oracle/oradata/recovery_area/FREE/archivelog/2026_09_15/o1_mf_1_395_oblfvl8z_.arc' into LogMiner" @service=redpanda-connect label="" path=root.input
time="2026-09-23T12:23:52+01:00" level=debug msg="Loaded ARCHIVED redo log file '/opt/oracle/oradata/recovery_area/FREE/archivelog/2026_09_15/o1_mf_1_396_oblfxg9s_.arc' into LogMiner" @service=redpanda-connect label="" path=root.input
time="2026-09-23T12:23:52+01:00" level=debug msg="Loaded ARCHIVED redo log file '/opt/oracle/oradata/recovery_area/FREE/archivelog/2026_09_15/o1_mf_1_397_oblfzbcs_.arc' into LogMiner" @service=redpanda-connect label="" path=root.input
time="2026-09-23T12:23:52+01:00" level=debug msg="Started LogMiner session from SCN 112213453 to SCN 112413453" @service=redpanda-connect label="" path=root.input
time="2026-09-23T12:23:52+01:00" level=debug msg="Executing LogMiner query with SCN range (scn=112213453 to 112413453 with window 200000)" @service=redpanda-connect label="" path=root.input
time="2026-09-23T12:23:53+01:00" level=debug msg="LogMiner query returned first row after 402.084958ms (scn=112213453 to 112413453)" @service=redpanda-connect label="" path=root.input
time="2026-09-23T12:23:55+01:00" level=debug msg="Collected 363 redo log file(s) for LogMiner: [ARCHIVED ARCHIVED ARCHIVED ARCHIVED ARCHIVED ARCHIVED ARCHIVED ARCHIVED ARCHIVED ARCHIVED ARCHIVED ARCHIVED ARCHIVED ARCHIVED ARCHIVED ARCHIVED ARCHIVED ARCHIVED ARCHIVED ARCHIVED ARCHIVED ARCHIVED ARCHIVED ARCHIVED ARCHIVED ARCHIVED ARCHIVED ARCHIVED ARCHIVED ARCHIVED ARCHIVED ARCHIVED ARCHIVED ARCHIVED ARCHIVED ARCHIVED ARCHIVED ARCHIVED ARCHIVED ARCHIVED ARCHIVED ARCHIVED ARCHIVED ARCHIVED ARCHIVED ARCHIVED ARCHIVED ARCHIVED ARCHIVED ARCHIVED ARCHIVED ARCHIVED ARCHIVED ARCHIVED ARCHIVED ARCHIVED ARCHIVED ARCHIVED ARCHIVED ARCHIVED ARCHIVED ARCHIVED ARCHIVED ARCHIVED ARCHIVED ARCHIVED ARCHIVED ARCHIVED ARCHIVED ARCHIVED ARCHIVED ARCHIVED ARCHIVED ARCHIVED ARCHIVED ARCHIVED ARCHIVED ARCHIVED ARCHIVED ARCHIVED ARCHIVED ARCHIVED ARCHIVED ARCHIVED ARCHIVED ARCHIVED ARCHIVED ARCHIVED ARCHIVED ARCHIVED ARCHIVED ARCHIVED ARCHIVED ARCHIVED ARCHIVED ARCHIVED ARCHIVED ARCHIVED ARCHIVED ARCHIVED ARCHIVED ARCHIVED ARCHIVED ARCHIVED ARCHIVED ARCHIVED ARCHIVED ARCHIVED ARCHIVED ARCHIVED ARCHIVED ARCHIVED ARCHIVED ARCHIVED ARCHIVED ARCHIVED ARCHIVED ARCHIVED ARCHIVED ARCHIVED ARCHIVED ARCHIVED ARCHIVED ARCHIVED ARCHIVED ARCHIVED ARCHIVED ARCHIVED ARCHIVED ARCHIVED ARCHIVED ARCHIVED ARCHIVED ARCHIVED ARCHIVED ARCHIVED ARCHIVED ARCHIVED ARCHIVED ARCHIVED ARCHIVED ARCHIVED ARCHIVED ARCHIVED ARCHIVED ARCHIVED ARCHIVED ARCHIVED ARCHIVED ARCHIVED ARCHIVED ARCHIVED ARCHIVED ARCHIVED ARCHIVED ARCHIVED ARCHIVED ARCHIVED ARCHIVED ARCHIVED ARCHIVED ARCHIVED ARCHIVED ARCHIVED ARCHIVED ARCHIVED ARCHIVED ARCHIVED ARCHIVED ARCHIVED ARCHIVED ARCHIVED ARCHIVED ARCHIVED ARCHIVED ARCHIVED ARCHIVED ARCHIVED ARCHIVED ARCHIVED ARCHIVED ARCHIVED ARCHIVED ARCHIVED ARCHIVED ARCHIVED ARCHIVED ARCHIVED ARCHIVED ARCHIVED ARCHIVED ARCHIVED ARCHIVED ARCHIVED ARCHIVED ARCHIVED ARCHIVED ARCHIVED ARCHIVED ARCHIVED ARCHIVED ARCHIVED ARCHIVED ARCHIVED ARCHIVED ARCHIVED ARCHIVED ARCHIVED ARCHIVED ARCHIVED ARCHIVED ARCHIVED ARCHIVED ARCHIVED ARCHIVED ARCHIVED ARCHIVED ARCHIVED ARCHIVED ARCHIVED ARCHIVED ARCHIVED ARCHIVED ARCHIVED ARCHIVED ARCHIVED ARCHIVED ARCHIVED ARCHIVED ARCHIVED ARCHIVED ARCHIVED ARCHIVED ARCHIVED ARCHIVED ARCHIVED ARCHIVED ARCHIVED ARCHIVED ARCHIVED ARCHIVED ARCHIVED ARCHIVED ARCHIVED ARCHIVED ARCHIVED ARCHIVED ARCHIVED ARCHIVED ARCHIVED ARCHIVED ARCHIVED ARCHIVED ARCHIVED ARCHIVED ARCHIVED ARCHIVED ARCHIVED ARCHIVED ARCHIVED ARCHIVED ARCHIVED ARCHIVED ARCHIVED ARCHIVED ARCHIVED ARCHIVED ARCHIVED ARCHIVED ARCHIVED ARCHIVED ARCHIVED ARCHIVED ARCHIVED ARCHIVED ARCHIVED ARCHIVED ARCHIVED ARCHIVED ARCHIVED ARCHIVED ARCHIVED ARCHIVED ARCHIVED ARCHIVED ARCHIVED ARCHIVED ARCHIVED ARCHIVED ARCHIVED ARCHIVED ARCHIVED ARCHIVED ARCHIVED ARCHIVED ARCHIVED ARCHIVED ARCHIVED ARCHIVED ARCHIVED ARCHIVED ARCHIVED ARCHIVED ARCHIVED ARCHIVED ARCHIVED ARCHIVED ARCHIVED ARCHIVED ARCHIVED ARCHIVED ARCHIVED ARCHIVED ARCHIVED ARCHIVED ARCHIVED ARCHIVED ARCHIVED ARCHIVED ARCHIVED ARCHIVED ARCHIVED ARCHIVED ARCHIVED ARCHIVED ARCHIVED ARCHIVED ARCHIVED ARCHIVED ARCHIVED ARCHIVED ARCHIVED ARCHIVED ARCHIVED ARCHIVED ARCHIVED ARCHIVED ARCHIVED ARCHIVED ARCHIVED ARCHIVED ARCHIVED ARCHIVED ARCHIVED ARCHIVED ARCHIVED ARCHIVED ARCHIVED ARCHIVED ARCHIVED ARCHIVED ARCHIVED ARCHIVED ARCHIVED ARCHIVED ARCHIVED ARCHIVED ARCHIVED ARCHIVED ARCHIVED ARCHIVED ARCHIVED ARCHIVED]" @service=redpanda-connect label="" path=root.input
time="2026-09-23T12:23:55+01:00" level=debug msg="Loaded ARCHIVED redo log file '/opt/oracle/oradata/recovery_area/FREE/archivelog/2026_09_15/o1_mf_1_397_oblfzbcs_.arc' into LogMiner" @service=redpanda-connect label="" path=root.input
time="2026-09-23T12:23:55+01:00" level=debug msg="Loaded ARCHIVED redo log file '/opt/oracle/oradata/recovery_area/FREE/archivelog/2026_09_15/o1_mf_1_398_oblg16gt_.arc' into LogMiner" @service=redpanda-connect label="" path=root.input
time="2026-09-23T12:23:55+01:00" level=debug msg="Loaded ARCHIVED redo log file '/opt/oracle/oradata/recovery_area/FREE/archivelog/2026_09_15/o1_mf_1_399_oblg32kc_.arc' into LogMiner" @service=redpanda-connect label="" path=root.input
time="2026-09-23T12:23:55+01:00" level=debug msg="Loaded ARCHIVED redo log file '/opt/oracle/oradata/recovery_area/FREE/archivelog/2026_09_15/o1_mf_1_400_oblg4ymv_.arc' into LogMiner" @service=redpanda-connect label="" path=root.input
time="2026-09-23T12:23:55+01:00" level=debug msg="Loaded ARCHIVED redo log file '/opt/oracle/oradata/recovery_area/FREE/archivelog/2026_09_15/o1_mf_1_401_oblg6tp4_.arc' into LogMiner" @service=redpanda-connect label="" path=root.input
time="2026-09-23T12:23:55+01:00" level=debug msg="Loaded ARCHIVED redo log file '/opt/oracle/oradata/recovery_area/FREE/archivelog/2026_09_15/o1_mf_1_402_oblg8prt_.arc' into LogMiner" @service=redpanda-connect label="" path=root.input
time="2026-09-23T12:23:55+01:00" level=debug msg="Loaded ARCHIVED redo log file '/opt/oracle/oradata/recovery_area/FREE/archivelog/2026_09_15/o1_mf_1_403_oblgblv8_.arc' into LogMiner" @service=redpanda-connect label="" path=root.input
time="2026-09-23T12:23:55+01:00" level=debug msg="Loaded ARCHIVED redo log file '/opt/oracle/oradata/recovery_area/FREE/archivelog/2026_09_15/o1_mf_1_404_oblgdgvs_.arc' into LogMiner" @service=redpanda-connect label="" path=root.input
time="2026-09-23T12:23:55+01:00" level=debug msg="Loaded ARCHIVED redo log file '/opt/oracle/oradata/recovery_area/FREE/archivelog/2026_09_15/o1_mf_1_405_oblggbvs_.arc' into LogMiner" @service=redpanda-connect label="" path=root.input
time="2026-09-23T12:23:55+01:00" level=debug msg="Loaded ARCHIVED redo log file '/opt/oracle/oradata/recovery_area/FREE/archivelog/2026_09_15/o1_mf_1_406_oblgj6yf_.arc' into LogMiner" @service=redpanda-connect label="" path=root.input
time="2026-09-23T12:23:55+01:00" level=debug msg="Loaded ARCHIVED redo log file '/opt/oracle/oradata/recovery_area/FREE/archivelog/2026_09_15/o1_mf_1_407_oblgl320_.arc' into LogMiner" @service=redpanda-connect label="" path=root.input
time="2026-09-23T12:23:55+01:00" level=debug msg="Loaded ARCHIVED redo log file '/opt/oracle/oradata/recovery_area/FREE/archivelog/2026_09_15/o1_mf_1_408_oblgmz4l_.arc' into LogMiner" @service=redpanda-connect label="" path=root.input
time="2026-09-23T12:23:55+01:00" level=debug msg="Loaded ARCHIVED redo log file '/opt/oracle/oradata/recovery_area/FREE/archivelog/2026_09_15/o1_mf_1_409_oblgov6q_.arc' into LogMiner" @service=redpanda-connect label="" path=root.input
time="2026-09-23T12:23:55+01:00" level=debug msg="Loaded ARCHIVED redo log file '/opt/oracle/oradata/recovery_area/FREE/archivelog/2026_09_15/o1_mf_1_410_oblgqq99_.arc' into LogMiner" @service=redpanda-connect label="" path=root.input
time="2026-09-23T12:23:55+01:00" level=debug msg="Loaded ARCHIVED redo log file '/opt/oracle/oradata/recovery_area/FREE/archivelog/2026_09_15/o1_mf_1_411_oblgsmdb_.arc' into LogMiner" @service=redpanda-connect label="" path=root.input
time="2026-09-23T12:23:55+01:00" level=debug msg="Loaded ARCHIVED redo log file '/opt/oracle/oradata/recovery_area/FREE/archivelog/2026_09_15/o1_mf_1_412_oblgvhgq_.arc' into LogMiner" @service=redpanda-connect label="" path=root.input
time="2026-09-23T12:23:55+01:00" level=debug msg="Loaded ARCHIVED redo log file '/opt/oracle/oradata/recovery_area/FREE/archivelog/2026_09_15/o1_mf_1_413_oblgxckh_.arc' into LogMiner" @service=redpanda-connect label="" path=root.input
time="2026-09-23T12:23:55+01:00" level=debug msg="Loaded ARCHIVED redo log file '/opt/oracle/oradata/recovery_area/FREE/archivelog/2026_09_15/o1_mf_1_414_oblgz7mt_.arc' into LogMiner" @service=redpanda-connect label="" path=root.input
time="2026-09-23T12:23:55+01:00" level=debug msg="Loaded ARCHIVED redo log file '/opt/oracle/oradata/recovery_area/FREE/archivelog/2026_09_15/o1_mf_1_415_oblh13np_.arc' into LogMiner" @service=redpanda-connect label="" path=root.input
time="2026-09-23T12:23:55+01:00" level=debug msg="Loaded ARCHIVED redo log file '/opt/oracle/oradata/recovery_area/FREE/archivelog/2026_09_15/o1_mf_1_416_oblh2zpg_.arc' into LogMiner" @service=redpanda-connect label="" path=root.input
time="2026-09-23T12:23:55+01:00" level=debug msg="Loaded ARCHIVED redo log file '/opt/oracle/oradata/recovery_area/FREE/archivelog/2026_09_15/o1_mf_1_417_oblh4vr5_.arc' into LogMiner" @service=redpanda-connect label="" path=root.input
time="2026-09-23T12:23:55+01:00" level=debug msg="Loaded ARCHIVED redo log file '/opt/oracle/oradata/recovery_area/FREE/archivelog/2026_09_15/o1_mf_1_418_oblh6qt8_.arc' into LogMiner" @service=redpanda-connect label="" path=root.input
time="2026-09-23T12:23:55+01:00" level=debug msg="Loaded ARCHIVED redo log file '/opt/oracle/oradata/recovery_area/FREE/archivelog/2026_09_15/o1_mf_1_419_oblh8mwl_.arc' into LogMiner" @service=redpanda-connect label="" path=root.input
time="2026-09-23T12:23:55+01:00" level=debug msg="Loaded ARCHIVED redo log file '/opt/oracle/oradata/recovery_area/FREE/archivelog/2026_09_15/o1_mf_1_420_oblhbhyg_.arc' into LogMiner" @service=redpanda-connect label="" path=root.input
time="2026-09-23T12:23:55+01:00" level=debug msg="Loaded ARCHIVED redo log file '/opt/oracle/oradata/recovery_area/FREE/archivelog/2026_09_15/o1_mf_1_421_oblhdd19_.arc' into LogMiner" @service=redpanda-connect label="" path=root.input
time="2026-09-23T12:23:55+01:00" level=debug msg="Loaded ARCHIVED redo log file '/opt/oracle/oradata/recovery_area/FREE/archivelog/2026_09_15/o1_mf_1_422_oblhg837_.arc' into LogMiner" @service=redpanda-connect label="" path=root.input
time="2026-09-23T12:23:55+01:00" level=debug msg="Loaded ARCHIVED redo log file '/opt/oracle/oradata/recovery_area/FREE/archivelog/2026_09_15/o1_mf_1_423_oblhj45s_.arc' into LogMiner" @service=redpanda-connect label="" path=root.input
time="2026-09-23T12:23:55+01:00" level=debug msg="Loaded ARCHIVED redo log file '/opt/oracle/oradata/recovery_area/FREE/archivelog/2026_09_15/o1_mf_1_424_oblhl07v_.arc' into LogMiner" @service=redpanda-connect label="" path=root.input
time="2026-09-23T12:23:55+01:00" level=debug msg="Loaded ARCHIVED redo log file '/opt/oracle/oradata/recovery_area/FREE/archivelog/2026_09_15/o1_mf_1_425_oblhmw9y_.arc' into LogMiner" @service=redpanda-connect label="" path=root.input
time="2026-09-23T12:23:55+01:00" level=debug msg="Loaded ARCHIVED redo log file '/opt/oracle/oradata/recovery_area/FREE/archivelog/2026_09_15/o1_mf_1_426_oblhorch_.arc' into LogMiner" @service=redpanda-connect label="" path=root.input
time="2026-09-23T12:23:55+01:00" level=debug msg="Loaded ARCHIVED redo log file '/opt/oracle/oradata/recovery_area/FREE/archivelog/2026_09_15/o1_mf_1_427_oblhqnf0_.arc' into LogMiner" @service=redpanda-connect label="" path=root.input
time="2026-09-23T12:23:55+01:00" level=debug msg="Loaded ARCHIVED redo log file '/opt/oracle/oradata/recovery_area/FREE/archivelog/2026_09_15/o1_mf_1_428_oblhsjgv_.arc' into LogMiner" @service=redpanda-connect label="" path=root.input
time="2026-09-23T12:23:55+01:00" level=debug msg="Loaded ARCHIVED redo log file '/opt/oracle/oradata/recovery_area/FREE/archivelog/2026_09_15/o1_mf_1_429_oblhvdkq_.arc' into LogMiner" @service=redpanda-connect label="" path=root.input
time="2026-09-23T12:23:55+01:00" level=debug msg="Loaded ARCHIVED redo log file '/opt/oracle/oradata/recovery_area/FREE/archivelog/2026_09_15/o1_mf_1_430_oblhx8lz_.arc' into LogMiner" @service=redpanda-connect label="" path=root.input
time="2026-09-23T12:23:55+01:00" level=debug msg="Loaded ARCHIVED redo log file '/opt/oracle/oradata/recovery_area/FREE/archivelog/2026_09_15/o1_mf_1_431_oblhz4o2_.arc' into LogMiner" @service=redpanda-connect label="" path=root.input
time="2026-09-23T12:23:55+01:00" level=debug msg="Loaded ARCHIVED redo log file '/opt/oracle/oradata/recovery_area/FREE/archivelog/2026_09_15/o1_mf_1_432_oblj10pn_.arc' into LogMiner" @service=redpanda-connect label="" path=root.input
time="2026-09-23T12:23:55+01:00" level=debug msg="Loaded ARCHIVED redo log file '/opt/oracle/oradata/recovery_area/FREE/archivelog/2026_09_15/o1_mf_1_433_oblj2wrt_.arc' into LogMiner" @service=redpanda-connect label="" path=root.input
time="2026-09-23T12:23:55+01:00" level=debug msg="Loaded ARCHIVED redo log file '/opt/oracle/oradata/recovery_area/FREE/archivelog/2026_09_15/o1_mf_1_434_oblj4otf_.arc' into LogMiner" @service=redpanda-connect label="" path=root.input
time="2026-09-23T12:23:55+01:00" level=debug msg="Loaded ARCHIVED redo log file '/opt/oracle/oradata/recovery_area/FREE/archivelog/2026_09_15/o1_mf_1_435_oblj6kvj_.arc' into LogMiner" @service=redpanda-connect label="" path=root.input
time="2026-09-23T12:23:55+01:00" level=debug msg="Loaded ARCHIVED redo log file '/opt/oracle/oradata/recovery_area/FREE/archivelog/2026_09_15/o1_mf_1_436_oblj8fxl_.arc' into LogMiner" @service=redpanda-connect label="" path=root.input
time="2026-09-23T12:23:55+01:00" level=debug msg="Loaded ARCHIVED redo log file '/opt/oracle/oradata/recovery_area/FREE/archivelog/2026_09_15/o1_mf_1_437_obljb9y4_.arc' into LogMiner" @service=redpanda-connect label="" path=root.input
time="2026-09-23T12:23:55+01:00" level=debug msg="Loaded ARCHIVED redo log file '/opt/oracle/oradata/recovery_area/FREE/archivelog/2026_09_15/o1_mf_1_438_obljd62f_.arc' into LogMiner" @service=redpanda-connect label="" path=root.input
time="2026-09-23T12:23:55+01:00" level=debug msg="Loaded ARCHIVED redo log file '/opt/oracle/oradata/recovery_area/FREE/archivelog/2026_09_15/o1_mf_1_439_obljg24n_.arc' into LogMiner" @service=redpanda-connect label="" path=root.input
time="2026-09-23T12:23:55+01:00" level=debug msg="Loaded ARCHIVED redo log file '/opt/oracle/oradata/recovery_area/FREE/archivelog/2026_09_15/o1_mf_1_440_obljhy68_.arc' into LogMiner" @service=redpanda-connect label="" path=root.input
time="2026-09-23T12:23:55+01:00" level=debug msg="Loaded ARCHIVED redo log file '/opt/oracle/oradata/recovery_area/FREE/archivelog/2026_09_15/o1_mf_1_441_obljkt8z_.arc' into LogMiner" @service=redpanda-connect label="" path=root.input
time="2026-09-23T12:23:55+01:00" level=debug msg="Loaded ARCHIVED redo log file '/opt/oracle/oradata/recovery_area/FREE/archivelog/2026_09_15/o1_mf_1_442_obljmpbf_.arc' into LogMiner" @service=redpanda-connect label="" path=root.input
time="2026-09-23T12:23:55+01:00" level=debug msg="Loaded ARCHIVED redo log file '/opt/oracle/oradata/recovery_area/FREE/archivelog/2026_09_15/o1_mf_1_443_obljold2_.arc' into LogMiner" @service=redpanda-connect label="" path=root.input
time="2026-09-23T12:23:55+01:00" level=debug msg="Loaded ARCHIVED redo log file '/opt/oracle/oradata/recovery_area/FREE/archivelog/2026_09_15/o1_mf_1_444_obljqgg0_.arc' into LogMiner" @service=redpanda-connect label="" path=root.input
time="2026-09-23T12:23:55+01:00" level=debug msg="Loaded ARCHIVED redo log file '/opt/oracle/oradata/recovery_area/FREE/archivelog/2026_09_15/o1_mf_1_445_obljsbj6_.arc' into LogMiner" @service=redpanda-connect label="" path=root.input
time="2026-09-23T12:23:55+01:00" level=debug msg="Loaded ARCHIVED redo log file '/opt/oracle/oradata/recovery_area/FREE/archivelog/2026_09_15/o1_mf_1_446_obljv6lx_.arc' into LogMiner" @service=redpanda-connect label="" path=root.input
time="2026-09-23T12:23:55+01:00" level=debug msg="Loaded ARCHIVED redo log file '/opt/oracle/oradata/recovery_area/FREE/archivelog/2026_09_15/o1_mf_1_447_obljx2nf_.arc' into LogMiner" @service=redpanda-connect label="" path=root.input
time="2026-09-23T12:23:55+01:00" level=debug msg="Loaded ARCHIVED redo log file '/opt/oracle/oradata/recovery_area/FREE/archivelog/2026_09_15/o1_mf_1_448_obljyypr_.arc' into LogMiner" @service=redpanda-connect label="" path=root.input
time="2026-09-23T12:23:55+01:00" level=debug msg="Loaded ARCHIVED redo log file '/opt/oracle/oradata/recovery_area/FREE/archivelog/2026_09_15/o1_mf_1_449_oblk0ts4_.arc' into LogMiner" @service=redpanda-connect label="" path=root.input
time="2026-09-23T12:23:55+01:00" level=debug msg="Loaded ARCHIVED redo log file '/opt/oracle/oradata/recovery_area/FREE/archivelog/2026_09_15/o1_mf_1_450_oblk2pvf_.arc' into LogMiner" @service=redpanda-connect label="" path=root.input
time="2026-09-23T12:23:55+01:00" level=debug msg="Loaded ARCHIVED redo log file '/opt/oracle/oradata/recovery_area/FREE/archivelog/2026_09_15/o1_mf_1_451_oblk4lxv_.arc' into LogMiner" @service=redpanda-connect label="" path=root.input
time="2026-09-23T12:23:55+01:00" level=debug msg="Loaded ARCHIVED redo log file '/opt/oracle/oradata/recovery_area/FREE/archivelog/2026_09_15/o1_mf_1_452_oblk6h05_.arc' into LogMiner" @service=redpanda-connect label="" path=root.input
time="2026-09-23T12:23:55+01:00" level=debug msg="Loaded ARCHIVED redo log file '/opt/oracle/oradata/recovery_area/FREE/archivelog/2026_09_15/o1_mf_1_453_oblk8c2g_.arc' into LogMiner" @service=redpanda-connect label="" path=root.input
time="2026-09-23T12:23:55+01:00" level=debug msg="Loaded ARCHIVED redo log file '/opt/oracle/oradata/recovery_area/FREE/archivelog/2026_09_15/o1_mf_1_454_oblkb74c_.arc' into LogMiner" @service=redpanda-connect label="" path=root.input
time="2026-09-23T12:23:55+01:00" level=debug msg="Loaded ARCHIVED redo log file '/opt/oracle/oradata/recovery_area/FREE/archivelog/2026_09_15/o1_mf_1_455_oblkd367_.arc' into LogMiner" @service=redpanda-connect label="" path=root.input
time="2026-09-23T12:23:55+01:00" level=debug msg="Loaded ARCHIVED redo log file '/opt/oracle/oradata/recovery_area/FREE/archivelog/2026_09_15/o1_mf_1_456_oblkfz8c_.arc' into LogMiner" @service=redpanda-connect label="" path=root.input
time="2026-09-23T12:23:55+01:00" level=debug msg="Loaded ARCHIVED redo log file '/opt/oracle/oradata/recovery_area/FREE/archivelog/2026_09_15/o1_mf_1_457_oblkhvb7_.arc' into LogMiner" @service=redpanda-connect label="" path=root.input
time="2026-09-23T12:23:55+01:00" level=debug msg="Loaded ARCHIVED redo log file '/opt/oracle/oradata/recovery_area/FREE/archivelog/2026_09_15/o1_mf_1_458_oblkkqdw_.arc' into LogMiner" @service=redpanda-connect label="" path=root.input
time="2026-09-23T12:23:55+01:00" level=debug msg="Loaded ARCHIVED redo log file '/opt/oracle/oradata/recovery_area/FREE/archivelog/2026_09_15/o1_mf_1_459_oblkmmj2_.arc' into LogMiner" @service=redpanda-connect label="" path=root.input
time="2026-09-23T12:23:55+01:00" level=debug msg="Loaded ARCHIVED redo log file '/opt/oracle/oradata/recovery_area/FREE/archivelog/2026_09_15/o1_mf_1_460_oblkohl0_.arc' into LogMiner" @service=redpanda-connect label="" path=root.input
time="2026-09-23T12:23:55+01:00" level=debug msg="Loaded ARCHIVED redo log file '/opt/oracle/oradata/recovery_area/FREE/archivelog/2026_09_15/o1_mf_1_461_oblkqcnc_.arc' into LogMiner" @service=redpanda-connect label="" path=root.input
time="2026-09-23T12:23:55+01:00" level=debug msg="Loaded ARCHIVED redo log file '/opt/oracle/oradata/recovery_area/FREE/archivelog/2026_09_15/o1_mf_1_462_oblks7pb_.arc' into LogMiner" @service=redpanda-connect label="" path=root.input
time="2026-09-23T12:23:55+01:00" level=debug msg="Loaded ARCHIVED redo log file '/opt/oracle/oradata/recovery_area/FREE/archivelog/2026_09_15/o1_mf_1_463_oblkv3r8_.arc' into LogMiner" @service=redpanda-connect label="" path=root.input
time="2026-09-23T12:23:55+01:00" level=debug msg="Loaded ARCHIVED redo log file '/opt/oracle/oradata/recovery_area/FREE/archivelog/2026_09_15/o1_mf_1_464_oblkwztb_.arc' into LogMiner" @service=redpanda-connect label="" path=root.input
time="2026-09-23T12:23:55+01:00" level=debug msg="Loaded ARCHIVED redo log file '/opt/oracle/oradata/recovery_area/FREE/archivelog/2026_09_15/o1_mf_1_465_oblkyvwl_.arc' into LogMiner" @service=redpanda-connect label="" path=root.input
time="2026-09-23T12:23:55+01:00" level=debug msg="Loaded ARCHIVED redo log file '/opt/oracle/oradata/recovery_area/FREE/archivelog/2026_09_15/o1_mf_1_466_obll0qz7_.arc' into LogMiner" @service=redpanda-connect label="" path=root.input
time="2026-09-23T12:23:55+01:00" level=debug msg="Loaded ARCHIVED redo log file '/opt/oracle/oradata/recovery_area/FREE/archivelog/2026_09_15/o1_mf_1_467_obll2n2k_.arc' into LogMiner" @service=redpanda-connect label="" path=root.input
time="2026-09-23T12:23:55+01:00" level=debug msg="Loaded ARCHIVED redo log file '/opt/oracle/oradata/recovery_area/FREE/archivelog/2026_09_15/o1_mf_1_468_obll4j3z_.arc' into LogMiner" @service=redpanda-connect label="" path=root.input
time="2026-09-23T12:23:55+01:00" level=debug msg="Loaded ARCHIVED redo log file '/opt/oracle/oradata/recovery_area/FREE/archivelog/2026_09_15/o1_mf_1_469_obll6d6l_.arc' into LogMiner" @service=redpanda-connect label="" path=root.input
time="2026-09-23T12:23:55+01:00" level=debug msg="Loaded ARCHIVED redo log file '/opt/oracle/oradata/recovery_area/FREE/archivelog/2026_09_15/o1_mf_1_470_obll8896_.arc' into LogMiner" @service=redpanda-connect label="" path=root.input
time="2026-09-23T12:23:55+01:00" level=debug msg="Loaded ARCHIVED redo log file '/opt/oracle/oradata/recovery_area/FREE/archivelog/2026_09_15/o1_mf_1_471_obllb4c9_.arc' into LogMiner" @service=redpanda-connect label="" path=root.input
time="2026-09-23T12:23:55+01:00" level=debug msg="Loaded ARCHIVED redo log file '/opt/oracle/oradata/recovery_area/FREE/archivelog/2026_09_15/o1_mf_1_472_oblld0fq_.arc' into LogMiner" @service=redpanda-connect label="" path=root.input
time="2026-09-23T12:23:55+01:00" level=debug msg="Loaded ARCHIVED redo log file '/opt/oracle/oradata/recovery_area/FREE/archivelog/2026_09_15/o1_mf_1_473_obllfwj5_.arc' into LogMiner" @service=redpanda-connect label="" path=root.input
time="2026-09-23T12:23:55+01:00" level=debug msg="Loaded ARCHIVED redo log file '/opt/oracle/oradata/recovery_area/FREE/archivelog/2026_09_15/o1_mf_1_474_obllhrld_.arc' into LogMiner" @service=redpanda-connect label="" path=root.input
time="2026-09-23T12:23:55+01:00" level=debug msg="Loaded ARCHIVED redo log file '/opt/oracle/oradata/recovery_area/FREE/archivelog/2026_09_15/o1_mf_1_475_obllknnz_.arc' into LogMiner" @service=redpanda-connect label="" path=root.input
time="2026-09-23T12:23:55+01:00" level=debug msg="Loaded ARCHIVED redo log file '/opt/oracle/oradata/recovery_area/FREE/archivelog/2026_09_15/o1_mf_1_476_obllmjpn_.arc' into LogMiner" @service=redpanda-connect label="" path=root.input
time="2026-09-23T12:23:55+01:00" level=debug msg="Loaded ARCHIVED redo log file '/opt/oracle/oradata/recovery_area/FREE/archivelog/2026_09_15/o1_mf_1_477_obllodro_.arc' into LogMiner" @service=redpanda-connect label="" path=root.input
time="2026-09-23T12:23:55+01:00" level=debug msg="Loaded ARCHIVED redo log file '/opt/oracle/oradata/recovery_area/FREE/archivelog/2026_09_15/o1_mf_1_478_obllq5td_.arc' into LogMiner" @service=redpanda-connect label="" path=root.input
time="2026-09-23T12:23:55+01:00" level=debug msg="Loaded ARCHIVED redo log file '/opt/oracle/oradata/recovery_area/FREE/archivelog/2026_09_15/o1_mf_1_479_oblls1wn_.arc' into LogMiner" @service=redpanda-connect label="" path=root.input
time="2026-09-23T12:23:55+01:00" level=debug msg="Loaded ARCHIVED redo log file '/opt/oracle/oradata/recovery_area/FREE/archivelog/2026_09_15/o1_mf_1_480_oblltxy0_.arc' into LogMiner" @service=redpanda-connect label="" path=root.input
time="2026-09-23T12:23:55+01:00" level=debug msg="Loaded ARCHIVED redo log file '/opt/oracle/oradata/recovery_area/FREE/archivelog/2026_09_15/o1_mf_1_481_obllwt0w_.arc' into LogMiner" @service=redpanda-connect label="" path=root.input
time="2026-09-23T12:23:55+01:00" level=debug msg="Loaded ARCHIVED redo log file '/opt/oracle/oradata/recovery_area/FREE/archivelog/2026_09_15/o1_mf_1_482_obllyp3f_.arc' into LogMiner" @service=redpanda-connect label="" path=root.input
time="2026-09-23T12:23:55+01:00" level=debug msg="Loaded ARCHIVED redo log file '/opt/oracle/oradata/recovery_area/FREE/archivelog/2026_09_15/o1_mf_1_483_oblm0l52_.arc' into LogMiner" @service=redpanda-connect label="" path=root.input
time="2026-09-23T12:23:55+01:00" level=debug msg="Loaded ARCHIVED redo log file '/opt/oracle/oradata/recovery_area/FREE/archivelog/2026_09_15/o1_mf_1_484_oblm2g6v_.arc' into LogMiner" @service=redpanda-connect label="" path=root.input
time="2026-09-23T12:23:55+01:00" level=debug msg="Loaded ARCHIVED redo log file '/opt/oracle/oradata/recovery_area/FREE/archivelog/2026_09_15/o1_mf_1_485_oblm4b7y_.arc' into LogMiner" @service=redpanda-connect label="" path=root.input
time="2026-09-23T12:23:55+01:00" level=debug msg="Loaded ARCHIVED redo log file '/opt/oracle/oradata/recovery_area/FREE/archivelog/2026_09_15/o1_mf_1_486_oblm669o_.arc' into LogMiner" @service=redpanda-connect label="" path=root.input
time="2026-09-23T12:23:55+01:00" level=debug msg="Loaded ARCHIVED redo log file '/opt/oracle/oradata/recovery_area/FREE/archivelog/2026_09_15/o1_mf_1_487_oblm82cp_.arc' into LogMiner" @service=redpanda-connect label="" path=root.input
time="2026-09-23T12:23:55+01:00" level=debug msg="Loaded ARCHIVED redo log file '/opt/oracle/oradata/recovery_area/FREE/archivelog/2026_09_15/o1_mf_1_488_oblm9yg5_.arc' into LogMiner" @service=redpanda-connect label="" path=root.input
time="2026-09-23T12:23:55+01:00" level=debug msg="Loaded ARCHIVED redo log file '/opt/oracle/oradata/recovery_area/FREE/archivelog/2026_09_15/o1_mf_1_489_oblmctjo_.arc' into LogMiner" @service=redpanda-connect label="" path=root.input
time="2026-09-23T12:23:55+01:00" level=debug msg="Loaded ARCHIVED redo log file '/opt/oracle/oradata/recovery_area/FREE/archivelog/2026_09_15/o1_mf_1_490_oblmfpll_.arc' into LogMiner" @service=redpanda-connect label="" path=root.input
time="2026-09-23T12:23:55+01:00" level=debug msg="Loaded ARCHIVED redo log file '/opt/oracle/oradata/recovery_area/FREE/archivelog/2026_09_15/o1_mf_1_491_oblmhlnv_.arc' into LogMiner" @service=redpanda-connect label="" path=root.input
time="2026-09-23T12:23:55+01:00" level=debug msg="Loaded ARCHIVED redo log file '/opt/oracle/oradata/recovery_area/FREE/archivelog/2026_09_15/o1_mf_1_492_oblmkgqt_.arc' into LogMiner" @service=redpanda-connect label="" path=root.input
time="2026-09-23T12:23:55+01:00" level=debug msg="Loaded ARCHIVED redo log file '/opt/oracle/oradata/recovery_area/FREE/archivelog/2026_09_15/o1_mf_1_493_oblmmbsx_.arc' into LogMiner" @service=redpanda-connect label="" path=root.input
time="2026-09-23T12:23:55+01:00" level=debug msg="Loaded ARCHIVED redo log file '/opt/oracle/oradata/recovery_area/FREE/archivelog/2026_09_15/o1_mf_1_494_oblmo6ws_.arc' into LogMiner" @service=redpanda-connect label="" path=root.input
time="2026-09-23T12:23:55+01:00" level=debug msg="Loaded ARCHIVED redo log file '/opt/oracle/oradata/recovery_area/FREE/archivelog/2026_09_15/o1_mf_1_495_oblmq2yv_.arc' into LogMiner" @service=redpanda-connect label="" path=root.input
time="2026-09-23T12:23:55+01:00" level=debug msg="Loaded ARCHIVED redo log file '/opt/oracle/oradata/recovery_area/FREE/archivelog/2026_09_15/o1_mf_1_496_oblmrz2z_.arc' into LogMiner" @service=redpanda-connect label="" path=root.input
time="2026-09-23T12:23:55+01:00" level=debug msg="Loaded ARCHIVED redo log file '/opt/oracle/oradata/recovery_area/FREE/archivelog/2026_09_15/o1_mf_1_497_oblmtv56_.arc' into LogMiner" @service=redpanda-connect label="" path=root.input
time="2026-09-23T12:23:55+01:00" level=debug msg="Loaded ARCHIVED redo log file '/opt/oracle/oradata/recovery_area/FREE/archivelog/2026_09_15/o1_mf_1_498_oblmwq8b_.arc' into LogMiner" @service=redpanda-connect label="" path=root.input
time="2026-09-23T12:23:55+01:00" level=debug msg="Loaded ARCHIVED redo log file '/opt/oracle/oradata/recovery_area/FREE/archivelog/2026_09_15/o1_mf_1_499_oblmymbc_.arc' into LogMiner" @service=redpanda-connect label="" path=root.input
time="2026-09-23T12:23:55+01:00" level=debug msg="Loaded ARCHIVED redo log file '/opt/oracle/oradata/recovery_area/FREE/archivelog/2026_09_15/o1_mf_1_500_obln0hf1_.arc' into LogMiner" @service=redpanda-connect label="" path=root.input
time="2026-09-23T12:23:55+01:00" level=debug msg="Loaded ARCHIVED redo log file '/opt/oracle/oradata/recovery_area/FREE/archivelog/2026_09_15/o1_mf_1_501_obln2cj0_.arc' into LogMiner" @service=redpanda-connect label="" path=root.input
time="2026-09-23T12:23:55+01:00" level=debug msg="Loaded ARCHIVED redo log file '/opt/oracle/oradata/recovery_area/FREE/archivelog/2026_09_15/o1_mf_1_502_obln4jsn_.arc' into LogMiner" @service=redpanda-connect label="" path=root.input
time="2026-09-23T12:23:55+01:00" level=debug msg="Loaded ARCHIVED redo log file '/opt/oracle/oradata/recovery_area/FREE/archivelog/2026_09_15/o1_mf_1_503_oblnl869_.arc' into LogMiner" @service=redpanda-connect label="" path=root.input
time="2026-09-23T12:23:55+01:00" level=debug msg="Loaded ARCHIVED redo log file '/opt/oracle/oradata/recovery_area/FREE/archivelog/2026_09_15/o1_mf_1_504_oblnn9xr_.arc' into LogMiner" @service=redpanda-connect label="" path=root.input
time="2026-09-23T12:23:55+01:00" level=debug msg="Loaded ARCHIVED redo log file '/opt/oracle/oradata/recovery_area/FREE/archivelog/2026_09_15/o1_mf_1_505_oblnpfh2_.arc' into LogMiner" @service=redpanda-connect label="" path=root.input
time="2026-09-23T12:23:55+01:00" level=debug msg="Loaded ARCHIVED redo log file '/opt/oracle/oradata/recovery_area/FREE/archivelog/2026_09_15/o1_mf_1_506_oblnrt56_.arc' into LogMiner" @service=redpanda-connect label="" path=root.input
time="2026-09-23T12:23:55+01:00" level=debug msg="Loaded ARCHIVED redo log file '/opt/oracle/oradata/recovery_area/FREE/archivelog/2026_09_15/o1_mf_1_507_oblntyq8_.arc' into LogMiner" @service=redpanda-connect label="" path=root.input
time="2026-09-23T12:23:55+01:00" level=debug msg="Loaded ARCHIVED redo log file '/opt/oracle/oradata/recovery_area/FREE/archivelog/2026_09_15/o1_mf_1_508_oblnx2ds_.arc' into LogMiner" @service=redpanda-connect label="" path=root.input
time="2026-09-23T12:23:55+01:00" level=debug msg="Loaded ARCHIVED redo log file '/opt/oracle/oradata/recovery_area/FREE/archivelog/2026_09_15/o1_mf_1_509_oblnzgg8_.arc' into LogMiner" @service=redpanda-connect label="" path=root.input
time="2026-09-23T12:23:55+01:00" level=debug msg="Loaded ARCHIVED redo log file '/opt/oracle/oradata/recovery_area/FREE/archivelog/2026_09_15/o1_mf_1_510_oblo1m5y_.arc' into LogMiner" @service=redpanda-connect label="" path=root.input
time="2026-09-23T12:23:55+01:00" level=debug msg="Loaded ARCHIVED redo log file '/opt/oracle/oradata/recovery_area/FREE/archivelog/2026_09_15/o1_mf_1_511_oblo3ppy_.arc' into LogMiner" @service=redpanda-connect label="" path=root.input
time="2026-09-23T12:23:55+01:00" level=debug msg="Loaded ARCHIVED redo log file '/opt/oracle/oradata/recovery_area/FREE/archivelog/2026_09_15/o1_mf_1_512_oblo5v81_.arc' into LogMiner" @service=redpanda-connect label="" path=root.input
time="2026-09-23T12:23:55+01:00" level=debug msg="Loaded ARCHIVED redo log file '/opt/oracle/oradata/recovery_area/FREE/archivelog/2026_09_15/o1_mf_1_513_oblo7yvr_.arc' into LogMiner" @service=redpanda-connect label="" path=root.input
time="2026-09-23T12:23:55+01:00" level=debug msg="Loaded ARCHIVED redo log file '/opt/oracle/oradata/recovery_area/FREE/archivelog/2026_09_15/o1_mf_1_514_obloflmq_.arc' into LogMiner" @service=redpanda-connect label="" path=root.input
time="2026-09-23T12:23:55+01:00" level=debug msg="Loaded ARCHIVED redo log file '/opt/oracle/oradata/recovery_area/FREE/archivelog/2026_09_15/o1_mf_1_515_oblohkql_.arc' into LogMiner" @service=redpanda-connect label="" path=root.input
time="2026-09-23T12:23:55+01:00" level=debug msg="Loaded ARCHIVED redo log file '/opt/oracle/oradata/recovery_area/FREE/archivelog/2026_09_15/o1_mf_1_516_oblokfv5_.arc' into LogMiner" @service=redpanda-connect label="" path=root.input
time="2026-09-23T12:23:55+01:00" level=debug msg="Loaded ARCHIVED redo log file '/opt/oracle/oradata/recovery_area/FREE/archivelog/2026_09_15/o1_mf_1_517_oblom9y2_.arc' into LogMiner" @service=redpanda-connect label="" path=root.input
time="2026-09-23T12:23:55+01:00" level=debug msg="Loaded ARCHIVED redo log file '/opt/oracle/oradata/recovery_area/FREE/archivelog/2026_09_15/o1_mf_1_518_obloo614_.arc' into LogMiner" @service=redpanda-connect label="" path=root.input
time="2026-09-23T12:23:55+01:00" level=debug msg="Loaded ARCHIVED redo log file '/opt/oracle/oradata/recovery_area/FREE/archivelog/2026_09_15/o1_mf_1_519_obloqv4g_.arc' into LogMiner" @service=redpanda-connect label="" path=root.input
time="2026-09-23T12:23:55+01:00" level=debug msg="Loaded ARCHIVED redo log file '/opt/oracle/oradata/recovery_area/FREE/archivelog/2026_09_15/o1_mf_1_520_oblosyxk_.arc' into LogMiner" @service=redpanda-connect label="" path=root.input
time="2026-09-23T12:23:55+01:00" level=debug msg="Loaded ARCHIVED redo log file '/opt/oracle/oradata/recovery_area/FREE/archivelog/2026_09_15/o1_mf_1_521_oblow2km_.arc' into LogMiner" @service=redpanda-connect label="" path=root.input
time="2026-09-23T12:23:55+01:00" level=debug msg="Loaded ARCHIVED redo log file '/opt/oracle/oradata/recovery_area/FREE/archivelog/2026_09_15/o1_mf_1_522_obloy1n4_.arc' into LogMiner" @service=redpanda-connect label="" path=root.input
time="2026-09-23T12:23:55+01:00" level=debug msg="Loaded ARCHIVED redo log file '/opt/oracle/oradata/recovery_area/FREE/archivelog/2026_09_15/o1_mf_1_523_oblp00rd_.arc' into LogMiner" @service=redpanda-connect label="" path=root.input
time="2026-09-23T12:23:55+01:00" level=debug msg="Loaded ARCHIVED redo log file '/opt/oracle/oradata/recovery_area/FREE/archivelog/2026_09_15/o1_mf_1_524_oblp1wtt_.arc' into LogMiner" @service=redpanda-connect label="" path=root.input
time="2026-09-23T12:23:55+01:00" level=debug msg="Loaded ARCHIVED redo log file '/opt/oracle/oradata/recovery_area/FREE/archivelog/2026_09_15/o1_mf_1_525_oblp3rxt_.arc' into LogMiner" @service=redpanda-connect label="" path=root.input
time="2026-09-23T12:23:55+01:00" level=debug msg="Loaded ARCHIVED redo log file '/opt/oracle/oradata/recovery_area/FREE/archivelog/2026_09_15/o1_mf_1_526_oblp6ppz_.arc' into LogMiner" @service=redpanda-connect label="" path=root.input
time="2026-09-23T12:23:55+01:00" level=debug msg="Loaded ARCHIVED redo log file '/opt/oracle/oradata/recovery_area/FREE/archivelog/2026_09_15/o1_mf_1_527_oblp8lv4_.arc' into LogMiner" @service=redpanda-connect label="" path=root.input
time="2026-09-23T12:23:55+01:00" level=debug msg="Loaded ARCHIVED redo log file '/opt/oracle/oradata/recovery_area/FREE/archivelog/2026_09_15/o1_mf_1_528_oblpbgyn_.arc' into LogMiner" @service=redpanda-connect label="" path=root.input
time="2026-09-23T12:23:55+01:00" level=debug msg="Loaded ARCHIVED redo log file '/opt/oracle/oradata/recovery_area/FREE/archivelog/2026_09_15/o1_mf_1_529_oblpdc2d_.arc' into LogMiner" @service=redpanda-connect label="" path=root.input
time="2026-09-23T12:23:55+01:00" level=debug msg="Loaded ARCHIVED redo log file '/opt/oracle/oradata/recovery_area/FREE/archivelog/2026_09_15/o1_mf_1_530_oblpg74x_.arc' into LogMiner" @service=redpanda-connect label="" path=root.input
time="2026-09-23T12:23:55+01:00" level=debug msg="Loaded ARCHIVED redo log file '/opt/oracle/oradata/recovery_area/FREE/archivelog/2026_09_15/o1_mf_1_531_oblpj37g_.arc' into LogMiner" @service=redpanda-connect label="" path=root.input
time="2026-09-23T12:23:55+01:00" level=debug msg="Loaded ARCHIVED redo log file '/opt/oracle/oradata/recovery_area/FREE/archivelog/2026_09_15/o1_mf_1_532_oblpkzbf_.arc' into LogMiner" @service=redpanda-connect label="" path=root.input
time="2026-09-23T12:23:55+01:00" level=debug msg="Loaded ARCHIVED redo log file '/opt/oracle/oradata/recovery_area/FREE/archivelog/2026_09_15/o1_mf_1_533_oblpmvdo_.arc' into LogMiner" @service=redpanda-connect label="" path=root.input
time="2026-09-23T12:23:55+01:00" level=debug msg="Loaded ARCHIVED redo log file '/opt/oracle/oradata/recovery_area/FREE/archivelog/2026_09_15/o1_mf_1_534_oblpoqhn_.arc' into LogMiner" @service=redpanda-connect label="" path=root.input
time="2026-09-23T12:23:55+01:00" level=debug msg="Loaded ARCHIVED redo log file '/opt/oracle/oradata/recovery_area/FREE/archivelog/2026_09_15/o1_mf_1_535_oblpqmm3_.arc' into LogMiner" @service=redpanda-connect label="" path=root.input
time="2026-09-23T12:23:55+01:00" level=debug msg="Loaded ARCHIVED redo log file '/opt/oracle/oradata/recovery_area/FREE/archivelog/2026_09_15/o1_mf_1_536_oblpshp1_.arc' into LogMiner" @service=redpanda-connect label="" path=root.input
time="2026-09-23T12:23:55+01:00" level=debug msg="Loaded ARCHIVED redo log file '/opt/oracle/oradata/recovery_area/FREE/archivelog/2026_09_15/o1_mf_1_537_oblpvcs7_.arc' into LogMiner" @service=redpanda-connect label="" path=root.input
time="2026-09-23T12:23:55+01:00" level=debug msg="Loaded ARCHIVED redo log file '/opt/oracle/oradata/recovery_area/FREE/archivelog/2026_09_15/o1_mf_1_538_oblpx7wv_.arc' into LogMiner" @service=redpanda-connect label="" path=root.input
time="2026-09-23T12:23:55+01:00" level=debug msg="Loaded ARCHIVED redo log file '/opt/oracle/oradata/recovery_area/FREE/archivelog/2026_09_15/o1_mf_1_539_oblpz40q_.arc' into LogMiner" @service=redpanda-connect label="" path=root.input
time="2026-09-23T12:23:55+01:00" level=debug msg="Loaded ARCHIVED redo log file '/opt/oracle/oradata/recovery_area/FREE/archivelog/2026_09_15/o1_mf_1_540_oblq103x_.arc' into LogMiner" @service=redpanda-connect label="" path=root.input
time="2026-09-23T12:23:55+01:00" level=debug msg="Loaded ARCHIVED redo log file '/opt/oracle/oradata/recovery_area/FREE/archivelog/2026_09_15/o1_mf_1_541_oblq2w6l_.arc' into LogMiner" @service=redpanda-connect label="" path=root.input
time="2026-09-23T12:23:55+01:00" level=debug msg="Loaded ARCHIVED redo log file '/opt/oracle/oradata/recovery_area/FREE/archivelog/2026_09_15/o1_mf_1_542_oblq4r9o_.arc' into LogMiner" @service=redpanda-connect label="" path=root.input
time="2026-09-23T12:23:55+01:00" level=debug msg="Loaded ARCHIVED redo log file '/opt/oracle/oradata/recovery_area/FREE/archivelog/2026_09_15/o1_mf_1_543_oblq6ndf_.arc' into LogMiner" @service=redpanda-connect label="" path=root.input
time="2026-09-23T12:23:55+01:00" level=debug msg="Loaded ARCHIVED redo log file '/opt/oracle/oradata/recovery_area/FREE/archivelog/2026_09_15/o1_mf_1_544_oblq8jho_.arc' into LogMiner" @service=redpanda-connect label="" path=root.input
time="2026-09-23T12:23:55+01:00" level=debug msg="Loaded ARCHIVED redo log file '/opt/oracle/oradata/recovery_area/FREE/archivelog/2026_09_15/o1_mf_1_545_oblqbdkx_.arc' into LogMiner" @service=redpanda-connect label="" path=root.input
time="2026-09-23T12:23:55+01:00" level=debug msg="Loaded ARCHIVED redo log file '/opt/oracle/oradata/recovery_area/FREE/archivelog/2026_09_15/o1_mf_1_546_oblqd5ob_.arc' into LogMiner" @service=redpanda-connect label="" path=root.input
time="2026-09-23T12:23:55+01:00" level=debug msg="Loaded ARCHIVED redo log file '/opt/oracle/oradata/recovery_area/FREE/archivelog/2026_09_15/o1_mf_1_547_oblqg1rc_.arc' into LogMiner" @service=redpanda-connect label="" path=root.input
time="2026-09-23T12:23:55+01:00" level=debug msg="Loaded ARCHIVED redo log file '/opt/oracle/oradata/recovery_area/FREE/archivelog/2026_09_15/o1_mf_1_548_oblqhxw4_.arc' into LogMiner" @service=redpanda-connect label="" path=root.input
time="2026-09-23T12:23:55+01:00" level=debug msg="Loaded ARCHIVED redo log file '/opt/oracle/oradata/recovery_area/FREE/archivelog/2026_09_15/o1_mf_1_549_oblqksy4_.arc' into LogMiner" @service=redpanda-connect label="" path=root.input
time="2026-09-23T12:23:56+01:00" level=debug msg="Loaded ARCHIVED redo log file '/opt/oracle/oradata/recovery_area/FREE/archivelog/2026_09_15/o1_mf_1_550_oblqmp0z_.arc' into LogMiner" @service=redpanda-connect label="" path=root.input
time="2026-09-23T12:23:56+01:00" level=debug msg="Loaded ARCHIVED redo log file '/opt/oracle/oradata/recovery_area/FREE/archivelog/2026_09_15/o1_mf_1_551_oblqol3b_.arc' into LogMiner" @service=redpanda-connect label="" path=root.input
time="2026-09-23T12:23:56+01:00" level=debug msg="Loaded ARCHIVED redo log file '/opt/oracle/oradata/recovery_area/FREE/archivelog/2026_09_15/o1_mf_1_552_oblqqg5f_.arc' into LogMiner" @service=redpanda-connect label="" path=root.input
time="2026-09-23T12:23:56+01:00" level=debug msg="Loaded ARCHIVED redo log file '/opt/oracle/oradata/recovery_area/FREE/archivelog/2026_09_15/o1_mf_1_553_oblqsb79_.arc' into LogMiner" @service=redpanda-connect label="" path=root.input
time="2026-09-23T12:23:56+01:00" level=debug msg="Loaded ARCHIVED redo log file '/opt/oracle/oradata/recovery_area/FREE/archivelog/2026_09_15/o1_mf_1_554_oblqv6b0_.arc' into LogMiner" @service=redpanda-connect label="" path=root.input
time="2026-09-23T12:23:56+01:00" level=debug msg="Loaded ARCHIVED redo log file '/opt/oracle/oradata/recovery_area/FREE/archivelog/2026_09_15/o1_mf_1_555_oblqx2d7_.arc' into LogMiner" @service=redpanda-connect label="" path=root.input
time="2026-09-23T12:23:56+01:00" level=debug msg="Loaded ARCHIVED redo log file '/opt/oracle/oradata/recovery_area/FREE/archivelog/2026_09_15/o1_mf_1_556_oblqyyg7_.arc' into LogMiner" @service=redpanda-connect label="" path=root.input
time="2026-09-23T12:23:56+01:00" level=debug msg="Loaded ARCHIVED redo log file '/opt/oracle/oradata/recovery_area/FREE/archivelog/2026_09_15/o1_mf_1_557_oblr0thy_.arc' into LogMiner" @service=redpanda-connect label="" path=root.input
time="2026-09-23T12:23:56+01:00" level=debug msg="Loaded ARCHIVED redo log file '/opt/oracle/oradata/recovery_area/FREE/archivelog/2026_09_15/o1_mf_1_558_oblr2pkq_.arc' into LogMiner" @service=redpanda-connect label="" path=root.input
time="2026-09-23T12:23:56+01:00" level=debug msg="Loaded ARCHIVED redo log file '/opt/oracle/oradata/recovery_area/FREE/archivelog/2026_09_15/o1_mf_1_559_oblr4lnq_.arc' into LogMiner" @service=redpanda-connect label="" path=root.input
time="2026-09-23T12:23:56+01:00" level=debug msg="Loaded ARCHIVED redo log file '/opt/oracle/oradata/recovery_area/FREE/archivelog/2026_09_15/o1_mf_1_560_oblr6gq3_.arc' into LogMiner" @service=redpanda-connect label="" path=root.input
time="2026-09-23T12:23:56+01:00" level=debug msg="Loaded ARCHIVED redo log file '/opt/oracle/oradata/recovery_area/FREE/archivelog/2026_09_15/o1_mf_1_561_oblr8brl_.arc' into LogMiner" @service=redpanda-connect label="" path=root.input
time="2026-09-23T12:23:56+01:00" level=debug msg="Loaded ARCHIVED redo log file '/opt/oracle/oradata/recovery_area/FREE/archivelog/2026_09_15/o1_mf_1_562_oblrb6tl_.arc' into LogMiner" @service=redpanda-connect label="" path=root.input
time="2026-09-23T12:23:56+01:00" level=debug msg="Loaded ARCHIVED redo log file '/opt/oracle/oradata/recovery_area/FREE/archivelog/2026_09_15/o1_mf_1_563_oblrd2wj_.arc' into LogMiner" @service=redpanda-connect label="" path=root.input
time="2026-09-23T12:23:56+01:00" level=debug msg="Loaded ARCHIVED redo log file '/opt/oracle/oradata/recovery_area/FREE/archivelog/2026_09_15/o1_mf_1_564_oblrfyyj_.arc' into LogMiner" @service=redpanda-connect label="" path=root.input
time="2026-09-23T12:23:56+01:00" level=debug msg="Loaded ARCHIVED redo log file '/opt/oracle/oradata/recovery_area/FREE/archivelog/2026_09_15/o1_mf_1_565_oblrhv26_.arc' into LogMiner" @service=redpanda-connect label="" path=root.input
time="2026-09-23T12:23:56+01:00" level=debug msg="Loaded ARCHIVED redo log file '/opt/oracle/oradata/recovery_area/FREE/archivelog/2026_09_15/o1_mf_1_566_oblrkq38_.arc' into LogMiner" @service=redpanda-connect label="" path=root.input
time="2026-09-23T12:23:56+01:00" level=debug msg="Loaded ARCHIVED redo log file '/opt/oracle/oradata/recovery_area/FREE/archivelog/2026_09_15/o1_mf_1_567_oblrmm5q_.arc' into LogMiner" @service=redpanda-connect label="" path=root.input
time="2026-09-23T12:23:56+01:00" level=debug msg="Loaded ARCHIVED redo log file '/opt/oracle/oradata/recovery_area/FREE/archivelog/2026_09_15/o1_mf_1_568_oblroh7s_.arc' into LogMiner" @service=redpanda-connect label="" path=root.input
time="2026-09-23T12:23:56+01:00" level=debug msg="Loaded ARCHIVED redo log file '/opt/oracle/oradata/recovery_area/FREE/archivelog/2026_09_15/o1_mf_1_569_oblrqcb8_.arc' into LogMiner" @service=redpanda-connect label="" path=root.input
time="2026-09-23T12:23:56+01:00" level=debug msg="Loaded ARCHIVED redo log file '/opt/oracle/oradata/recovery_area/FREE/archivelog/2026_09_15/o1_mf_1_570_oblrs7dp_.arc' into LogMiner" @service=redpanda-connect label="" path=root.input
time="2026-09-23T12:23:56+01:00" level=debug msg="Loaded ARCHIVED redo log file '/opt/oracle/oradata/recovery_area/FREE/archivelog/2026_09_15/o1_mf_1_571_oblrv3hx_.arc' into LogMiner" @service=redpanda-connect label="" path=root.input
time="2026-09-23T12:23:56+01:00" level=debug msg="Loaded ARCHIVED redo log file '/opt/oracle/oradata/recovery_area/FREE/archivelog/2026_09_15/o1_mf_1_572_oblrwzkm_.arc' into LogMiner" @service=redpanda-connect label="" path=root.input
time="2026-09-23T12:23:56+01:00" level=debug msg="Loaded ARCHIVED redo log file '/opt/oracle/oradata/recovery_area/FREE/archivelog/2026_09_15/o1_mf_1_573_oblryvm9_.arc' into LogMiner" @service=redpanda-connect label="" path=root.input
time="2026-09-23T12:23:56+01:00" level=debug msg="Loaded ARCHIVED redo log file '/opt/oracle/oradata/recovery_area/FREE/archivelog/2026_09_15/o1_mf_1_574_obls0qof_.arc' into LogMiner" @service=redpanda-connect label="" path=root.input
time="2026-09-23T12:23:56+01:00" level=debug msg="Loaded ARCHIVED redo log file '/opt/oracle/oradata/recovery_area/FREE/archivelog/2026_09_15/o1_mf_1_575_obls2mpz_.arc' into LogMiner" @service=redpanda-connect label="" path=root.input
time="2026-09-23T12:23:56+01:00" level=debug msg="Loaded ARCHIVED redo log file '/opt/oracle/oradata/recovery_area/FREE/archivelog/2026_09_15/o1_mf_1_576_obls4hsd_.arc' into LogMiner" @service=redpanda-connect label="" path=root.input
time="2026-09-23T12:23:56+01:00" level=debug msg="Loaded ARCHIVED redo log file '/opt/oracle/oradata/recovery_area/FREE/archivelog/2026_09_15/o1_mf_1_577_obls6cwc_.arc' into LogMiner" @service=redpanda-connect label="" path=root.input
time="2026-09-23T12:23:56+01:00" level=debug msg="Loaded ARCHIVED redo log file '/opt/oracle/oradata/recovery_area/FREE/archivelog/2026_09_15/o1_mf_1_578_obls87z6_.arc' into LogMiner" @service=redpanda-connect label="" path=root.input
time="2026-09-23T12:23:56+01:00" level=debug msg="Loaded ARCHIVED redo log file '/opt/oracle/oradata/recovery_area/FREE/archivelog/2026_09_15/o1_mf_1_579_oblsb43l_.arc' into LogMiner" @service=redpanda-connect label="" path=root.input
time="2026-09-23T12:23:56+01:00" level=debug msg="Loaded ARCHIVED redo log file '/opt/oracle/oradata/recovery_area/FREE/archivelog/2026_09_15/o1_mf_1_580_oblsd066_.arc' into LogMiner" @service=redpanda-connect label="" path=root.input
time="2026-09-23T12:23:56+01:00" level=debug msg="Loaded ARCHIVED redo log file '/opt/oracle/oradata/recovery_area/FREE/archivelog/2026_09_15/o1_mf_1_581_oblsfw8o_.arc' into LogMiner" @service=redpanda-connect label="" path=root.input
time="2026-09-23T12:23:56+01:00" level=debug msg="Loaded ARCHIVED redo log file '/opt/oracle/oradata/recovery_area/FREE/archivelog/2026_09_15/o1_mf_1_582_oblshrc5_.arc' into LogMiner" @service=redpanda-connect label="" path=root.input
time="2026-09-23T12:23:56+01:00" level=debug msg="Loaded ARCHIVED redo log file '/opt/oracle/oradata/recovery_area/FREE/archivelog/2026_09_15/o1_mf_1_583_oblskngl_.arc' into LogMiner" @service=redpanda-connect label="" path=root.input
time="2026-09-23T12:23:56+01:00" level=debug msg="Loaded ARCHIVED redo log file '/opt/oracle/oradata/recovery_area/FREE/archivelog/2026_09_15/o1_mf_1_584_oblsmjk8_.arc' into LogMiner" @service=redpanda-connect label="" path=root.input
time="2026-09-23T12:23:56+01:00" level=debug msg="Loaded ARCHIVED redo log file '/opt/oracle/oradata/recovery_area/FREE/archivelog/2026_09_15/o1_mf_1_585_oblsodmq_.arc' into LogMiner" @service=redpanda-connect label="" path=root.input
time="2026-09-23T12:23:56+01:00" level=debug msg="Loaded ARCHIVED redo log file '/opt/oracle/oradata/recovery_area/FREE/archivelog/2026_09_15/o1_mf_1_586_oblsq5oy_.arc' into LogMiner" @service=redpanda-connect label="" path=root.input
time="2026-09-23T12:23:56+01:00" level=debug msg="Loaded ARCHIVED redo log file '/opt/oracle/oradata/recovery_area/FREE/archivelog/2026_09_15/o1_mf_1_587_oblss1qo_.arc' into LogMiner" @service=redpanda-connect label="" path=root.input
time="2026-09-23T12:23:56+01:00" level=debug msg="Loaded ARCHIVED redo log file '/opt/oracle/oradata/recovery_area/FREE/archivelog/2026_09_15/o1_mf_1_588_oblstxt3_.arc' into LogMiner" @service=redpanda-connect label="" path=root.input
time="2026-09-23T12:23:56+01:00" level=debug msg="Loaded ARCHIVED redo log file '/opt/oracle/oradata/recovery_area/FREE/archivelog/2026_09_15/o1_mf_1_589_oblswsv0_.arc' into LogMiner" @service=redpanda-connect label="" path=root.input
time="2026-09-23T12:23:56+01:00" level=debug msg="Loaded ARCHIVED redo log file '/opt/oracle/oradata/recovery_area/FREE/archivelog/2026_09_15/o1_mf_1_590_oblsyox5_.arc' into LogMiner" @service=redpanda-connect label="" path=root.input
time="2026-09-23T12:23:56+01:00" level=debug msg="Loaded ARCHIVED redo log file '/opt/oracle/oradata/recovery_area/FREE/archivelog/2026_09_15/o1_mf_1_591_oblt0l0q_.arc' into LogMiner" @service=redpanda-connect label="" path=root.input
time="2026-09-23T12:23:56+01:00" level=debug msg="Loaded ARCHIVED redo log file '/opt/oracle/oradata/recovery_area/FREE/archivelog/2026_09_15/o1_mf_1_592_oblt2g2w_.arc' into LogMiner" @service=redpanda-connect label="" path=root.input
time="2026-09-23T12:23:56+01:00" level=debug msg="Loaded ARCHIVED redo log file '/opt/oracle/oradata/recovery_area/FREE/archivelog/2026_09_15/o1_mf_1_593_oblt4b5c_.arc' into LogMiner" @service=redpanda-connect label="" path=root.input
time="2026-09-23T12:23:56+01:00" level=debug msg="Loaded ARCHIVED redo log file '/opt/oracle/oradata/recovery_area/FREE/archivelog/2026_09_15/o1_mf_1_594_oblt668g_.arc' into LogMiner" @service=redpanda-connect label="" path=root.input
time="2026-09-23T12:23:56+01:00" level=debug msg="Loaded ARCHIVED redo log file '/opt/oracle/oradata/recovery_area/FREE/archivelog/2026_09_15/o1_mf_1_595_oblt82br_.arc' into LogMiner" @service=redpanda-connect label="" path=root.input
time="2026-09-23T12:23:56+01:00" level=debug msg="Loaded ARCHIVED redo log file '/opt/oracle/oradata/recovery_area/FREE/archivelog/2026_09_15/o1_mf_1_596_oblt9ydq_.arc' into LogMiner" @service=redpanda-connect label="" path=root.input
time="2026-09-23T12:23:56+01:00" level=debug msg="Loaded ARCHIVED redo log file '/opt/oracle/oradata/recovery_area/FREE/archivelog/2026_09_15/o1_mf_1_597_obltcthg_.arc' into LogMiner" @service=redpanda-connect label="" path=root.input
time="2026-09-23T12:23:56+01:00" level=debug msg="Loaded ARCHIVED redo log file '/opt/oracle/oradata/recovery_area/FREE/archivelog/2026_09_15/o1_mf_1_598_obltfpl7_.arc' into LogMiner" @service=redpanda-connect label="" path=root.input
time="2026-09-23T12:23:56+01:00" level=debug msg="Loaded ARCHIVED redo log file '/opt/oracle/oradata/recovery_area/FREE/archivelog/2026_09_15/o1_mf_1_599_oblthlnl_.arc' into LogMiner" @service=redpanda-connect label="" path=root.input
time="2026-09-23T12:23:56+01:00" level=debug msg="Loaded ARCHIVED redo log file '/opt/oracle/oradata/recovery_area/FREE/archivelog/2026_09_15/o1_mf_1_600_obltkgq2_.arc' into LogMiner" @service=redpanda-connect label="" path=root.input
time="2026-09-23T12:23:56+01:00" level=debug msg="Loaded ARCHIVED redo log file '/opt/oracle/oradata/recovery_area/FREE/archivelog/2026_09_15/o1_mf_1_601_obltmbt8_.arc' into LogMiner" @service=redpanda-connect label="" path=root.input
time="2026-09-23T12:23:56+01:00" level=debug msg="Loaded ARCHIVED redo log file '/opt/oracle/oradata/recovery_area/FREE/archivelog/2026_09_15/o1_mf_1_602_oblto6x8_.arc' into LogMiner" @service=redpanda-connect label="" path=root.input
time="2026-09-23T12:23:56+01:00" level=debug msg="Loaded ARCHIVED redo log file '/opt/oracle/oradata/recovery_area/FREE/archivelog/2026_09_15/o1_mf_1_603_obltq30q_.arc' into LogMiner" @service=redpanda-connect label="" path=root.input
time="2026-09-23T12:23:56+01:00" level=debug msg="Loaded ARCHIVED redo log file '/opt/oracle/oradata/recovery_area/FREE/archivelog/2026_09_15/o1_mf_1_604_obltrz26_.arc' into LogMiner" @service=redpanda-connect label="" path=root.input
time="2026-09-23T12:23:56+01:00" level=debug msg="Loaded ARCHIVED redo log file '/opt/oracle/oradata/recovery_area/FREE/archivelog/2026_09_15/o1_mf_1_605_oblttv3y_.arc' into LogMiner" @service=redpanda-connect label="" path=root.input
time="2026-09-23T12:23:56+01:00" level=debug msg="Loaded ARCHIVED redo log file '/opt/oracle/oradata/recovery_area/FREE/archivelog/2026_09_15/o1_mf_1_606_obltwq6h_.arc' into LogMiner" @service=redpanda-connect label="" path=root.input
time="2026-09-23T12:23:56+01:00" level=debug msg="Loaded ARCHIVED redo log file '/opt/oracle/oradata/recovery_area/FREE/archivelog/2026_09_15/o1_mf_1_607_obltym90_.arc' into LogMiner" @service=redpanda-connect label="" path=root.input
time="2026-09-23T12:23:56+01:00" level=debug msg="Loaded ARCHIVED redo log file '/opt/oracle/oradata/recovery_area/FREE/archivelog/2026_09_15/o1_mf_1_608_oblv0hbx_.arc' into LogMiner" @service=redpanda-connect label="" path=root.input
time="2026-09-23T12:23:56+01:00" level=debug msg="Loaded ARCHIVED redo log file '/opt/oracle/oradata/recovery_area/FREE/archivelog/2026_09_15/o1_mf_1_609_oblv2cfm_.arc' into LogMiner" @service=redpanda-connect label="" path=root.input
time="2026-09-23T12:23:56+01:00" level=debug msg="Loaded ARCHIVED redo log file '/opt/oracle/oradata/recovery_area/FREE/archivelog/2026_09_15/o1_mf_1_610_oblv47j1_.arc' into LogMiner" @service=redpanda-connect label="" path=root.input
time="2026-09-23T12:23:56+01:00" level=debug msg="Loaded ARCHIVED redo log file '/opt/oracle/oradata/recovery_area/FREE/archivelog/2026_09_15/o1_mf_1_611_oblv63l6_.arc' into LogMiner" @service=redpanda-connect label="" path=root.input
time="2026-09-23T12:23:56+01:00" level=debug msg="Loaded ARCHIVED redo log file '/opt/oracle/oradata/recovery_area/FREE/archivelog/2026_09_15/o1_mf_1_612_oblv7zmq_.arc' into LogMiner" @service=redpanda-connect label="" path=root.input
time="2026-09-23T12:23:56+01:00" level=debug msg="Loaded ARCHIVED redo log file '/opt/oracle/oradata/recovery_area/FREE/archivelog/2026_09_15/o1_mf_1_613_oblv9vp1_.arc' into LogMiner" @service=redpanda-connect label="" path=root.input
time="2026-09-23T12:23:56+01:00" level=debug msg="Loaded ARCHIVED redo log file '/opt/oracle/oradata/recovery_area/FREE/archivelog/2026_09_15/o1_mf_1_614_oblvcqrj_.arc' into LogMiner" @service=redpanda-connect label="" path=root.input
time="2026-09-23T12:23:56+01:00" level=debug msg="Loaded ARCHIVED redo log file '/opt/oracle/oradata/recovery_area/FREE/archivelog/2026_09_15/o1_mf_1_615_oblvfmtc_.arc' into LogMiner" @service=redpanda-connect label="" path=root.input
time="2026-09-23T12:23:56+01:00" level=debug msg="Loaded ARCHIVED redo log file '/opt/oracle/oradata/recovery_area/FREE/archivelog/2026_09_15/o1_mf_1_616_oblvhhvm_.arc' into LogMiner" @service=redpanda-connect label="" path=root.input
time="2026-09-23T12:23:56+01:00" level=debug msg="Loaded ARCHIVED redo log file '/opt/oracle/oradata/recovery_area/FREE/archivelog/2026_09_15/o1_mf_1_617_oblvkcy1_.arc' into LogMiner" @service=redpanda-connect label="" path=root.input
time="2026-09-23T12:23:56+01:00" level=debug msg="Loaded ARCHIVED redo log file '/opt/oracle/oradata/recovery_area/FREE/archivelog/2026_09_15/o1_mf_1_618_oblvm81b_.arc' into LogMiner" @service=redpanda-connect label="" path=root.input
time="2026-09-23T12:23:56+01:00" level=debug msg="Loaded ARCHIVED redo log file '/opt/oracle/oradata/recovery_area/FREE/archivelog/2026_09_15/o1_mf_1_619_oblvo449_.arc' into LogMiner" @service=redpanda-connect label="" path=root.input
time="2026-09-23T12:23:56+01:00" level=debug msg="Loaded ARCHIVED redo log file '/opt/oracle/oradata/recovery_area/FREE/archivelog/2026_09_15/o1_mf_1_620_oblvq06m_.arc' into LogMiner" @service=redpanda-connect label="" path=root.input
time="2026-09-23T12:23:56+01:00" level=debug msg="Loaded ARCHIVED redo log file '/opt/oracle/oradata/recovery_area/FREE/archivelog/2026_09_15/o1_mf_1_621_oblvrw85_.arc' into LogMiner" @service=redpanda-connect label="" path=root.input
time="2026-09-23T12:23:56+01:00" level=debug msg="Loaded ARCHIVED redo log file '/opt/oracle/oradata/recovery_area/FREE/archivelog/2026_09_15/o1_mf_1_622_oblvtr9t_.arc' into LogMiner" @service=redpanda-connect label="" path=root.input
time="2026-09-23T12:23:56+01:00" level=debug msg="Loaded ARCHIVED redo log file '/opt/oracle/oradata/recovery_area/FREE/archivelog/2026_09_15/o1_mf_1_623_oblvwncn_.arc' into LogMiner" @service=redpanda-connect label="" path=root.input
time="2026-09-23T12:23:56+01:00" level=debug msg="Loaded ARCHIVED redo log file '/opt/oracle/oradata/recovery_area/FREE/archivelog/2026_09_15/o1_mf_1_624_oblvyjfm_.arc' into LogMiner" @service=redpanda-connect label="" path=root.input
time="2026-09-23T12:23:56+01:00" level=debug msg="Loaded ARCHIVED redo log file '/opt/oracle/oradata/recovery_area/FREE/archivelog/2026_09_15/o1_mf_1_625_oblw0dhf_.arc' into LogMiner" @service=redpanda-connect label="" path=root.input
time="2026-09-23T12:23:56+01:00" level=debug msg="Loaded ARCHIVED redo log file '/opt/oracle/oradata/recovery_area/FREE/archivelog/2026_09_15/o1_mf_1_626_oblw28lt_.arc' into LogMiner" @service=redpanda-connect label="" path=root.input
time="2026-09-23T12:23:56+01:00" level=debug msg="Loaded ARCHIVED redo log file '/opt/oracle/oradata/recovery_area/FREE/archivelog/2026_09_15/o1_mf_1_627_oblw41nq_.arc' into LogMiner" @service=redpanda-connect label="" path=root.input
time="2026-09-23T12:23:56+01:00" level=debug msg="Loaded ARCHIVED redo log file '/opt/oracle/oradata/recovery_area/FREE/archivelog/2026_09_15/o1_mf_1_628_oblw5xpt_.arc' into LogMiner" @service=redpanda-connect label="" path=root.input
time="2026-09-23T12:23:56+01:00" level=debug msg="Loaded ARCHIVED redo log file '/opt/oracle/oradata/recovery_area/FREE/archivelog/2026_09_15/o1_mf_1_629_oblw7srx_.arc' into LogMiner" @service=redpanda-connect label="" path=root.input
time="2026-09-23T12:23:56+01:00" level=debug msg="Loaded ARCHIVED redo log file '/opt/oracle/oradata/recovery_area/FREE/archivelog/2026_09_15/o1_mf_1_630_oblw9otn_.arc' into LogMiner" @service=redpanda-connect label="" path=root.input
time="2026-09-23T12:23:56+01:00" level=debug msg="Loaded ARCHIVED redo log file '/opt/oracle/oradata/recovery_area/FREE/archivelog/2026_09_15/o1_mf_1_631_oblwckwy_.arc' into LogMiner" @service=redpanda-connect label="" path=root.input
time="2026-09-23T12:23:56+01:00" level=debug msg="Loaded ARCHIVED redo log file '/opt/oracle/oradata/recovery_area/FREE/archivelog/2026_09_15/o1_mf_1_632_oblwffz0_.arc' into LogMiner" @service=redpanda-connect label="" path=root.input
time="2026-09-23T12:23:56+01:00" level=debug msg="Loaded ARCHIVED redo log file '/opt/oracle/oradata/recovery_area/FREE/archivelog/2026_09_15/o1_mf_1_633_oblwhb1y_.arc' into LogMiner" @service=redpanda-connect label="" path=root.input
time="2026-09-23T12:23:56+01:00" level=debug msg="Loaded ARCHIVED redo log file '/opt/oracle/oradata/recovery_area/FREE/archivelog/2026_09_15/o1_mf_1_634_oblwk648_.arc' into LogMiner" @service=redpanda-connect label="" path=root.input
time="2026-09-23T12:23:56+01:00" level=debug msg="Loaded ARCHIVED redo log file '/opt/oracle/oradata/recovery_area/FREE/archivelog/2026_09_15/o1_mf_1_635_oblwm26h_.arc' into LogMiner" @service=redpanda-connect label="" path=root.input
time="2026-09-23T12:23:56+01:00" level=debug msg="Loaded ARCHIVED redo log file '/opt/oracle/oradata/recovery_area/FREE/archivelog/2026_09_15/o1_mf_1_636_oblwny8l_.arc' into LogMiner" @service=redpanda-connect label="" path=root.input
time="2026-09-23T12:23:56+01:00" level=debug msg="Loaded ARCHIVED redo log file '/opt/oracle/oradata/recovery_area/FREE/archivelog/2026_09_15/o1_mf_1_637_oblwptcc_.arc' into LogMiner" @service=redpanda-connect label="" path=root.input
time="2026-09-23T12:23:56+01:00" level=debug msg="Loaded ARCHIVED redo log file '/opt/oracle/oradata/recovery_area/FREE/archivelog/2026_09_15/o1_mf_1_638_oblwrpfl_.arc' into LogMiner" @service=redpanda-connect label="" path=root.input
time="2026-09-23T12:23:56+01:00" level=debug msg="Loaded ARCHIVED redo log file '/opt/oracle/oradata/recovery_area/FREE/archivelog/2026_09_15/o1_mf_1_639_oblwtlhb_.arc' into LogMiner" @service=redpanda-connect label="" path=root.input
time="2026-09-23T12:23:56+01:00" level=debug msg="Loaded ARCHIVED redo log file '/opt/oracle/oradata/recovery_area/FREE/archivelog/2026_09_15/o1_mf_1_640_oblwwgl1_.arc' into LogMiner" @service=redpanda-connect label="" path=root.input
time="2026-09-23T12:23:56+01:00" level=debug msg="Loaded ARCHIVED redo log file '/opt/oracle/oradata/recovery_area/FREE/archivelog/2026_09_15/o1_mf_1_641_oblwyd6p_.arc' into LogMiner" @service=redpanda-connect label="" path=root.input
time="2026-09-23T12:23:56+01:00" level=debug msg="Loaded ARCHIVED redo log file '/opt/oracle/oradata/recovery_area/FREE/archivelog/2026_09_15/o1_mf_1_642_oblx0k92_.arc' into LogMiner" @service=redpanda-connect label="" path=root.input
time="2026-09-23T12:23:56+01:00" level=debug msg="Loaded ARCHIVED redo log file '/opt/oracle/oradata/recovery_area/FREE/archivelog/2026_09_15/o1_mf_1_643_oblx2fch_.arc' into LogMiner" @service=redpanda-connect label="" path=root.input
time="2026-09-23T12:23:56+01:00" level=debug msg="Loaded ARCHIVED redo log file '/opt/oracle/oradata/recovery_area/FREE/archivelog/2026_09_15/o1_mf_1_644_oblx49g1_.arc' into LogMiner" @service=redpanda-connect label="" path=root.input
time="2026-09-23T12:23:56+01:00" level=debug msg="Loaded ARCHIVED redo log file '/opt/oracle/oradata/recovery_area/FREE/archivelog/2026_09_15/o1_mf_1_645_oblx65j4_.arc' into LogMiner" @service=redpanda-connect label="" path=root.input
time="2026-09-23T12:23:56+01:00" level=debug msg="Loaded ARCHIVED redo log file '/opt/oracle/oradata/recovery_area/FREE/archivelog/2026_09_15/o1_mf_1_646_oblx81lm_.arc' into LogMiner" @service=redpanda-connect label="" path=root.input
time="2026-09-23T12:23:56+01:00" level=debug msg="Loaded ARCHIVED redo log file '/opt/oracle/oradata/recovery_area/FREE/archivelog/2026_09_15/o1_mf_1_647_oblx9xmx_.arc' into LogMiner" @service=redpanda-connect label="" path=root.input
time="2026-09-23T12:23:56+01:00" level=debug msg="Loaded ARCHIVED redo log file '/opt/oracle/oradata/recovery_area/FREE/archivelog/2026_09_15/o1_mf_1_648_oblxcpop_.arc' into LogMiner" @service=redpanda-connect label="" path=root.input
time="2026-09-23T12:23:56+01:00" level=debug msg="Loaded ARCHIVED redo log file '/opt/oracle/oradata/recovery_area/FREE/archivelog/2026_09_15/o1_mf_1_649_oblxflr4_.arc' into LogMiner" @service=redpanda-connect label="" path=root.input
time="2026-09-23T12:23:56+01:00" level=debug msg="Loaded ARCHIVED redo log file '/opt/oracle/oradata/recovery_area/FREE/archivelog/2026_09_15/o1_mf_1_650_oblxhgtv_.arc' into LogMiner" @service=redpanda-connect label="" path=root.input
time="2026-09-23T12:23:56+01:00" level=debug msg="Loaded ARCHIVED redo log file '/opt/oracle/oradata/recovery_area/FREE/archivelog/2026_09_15/o1_mf_1_651_oblxkbxg_.arc' into LogMiner" @service=redpanda-connect label="" path=root.input
time="2026-09-23T12:23:56+01:00" level=debug msg="Loaded ARCHIVED redo log file '/opt/oracle/oradata/recovery_area/FREE/archivelog/2026_09_15/o1_mf_1_652_oblxm9z7_.arc' into LogMiner" @service=redpanda-connect label="" path=root.input
time="2026-09-23T12:23:56+01:00" level=debug msg="Loaded ARCHIVED redo log file '/opt/oracle/oradata/recovery_area/FREE/archivelog/2026_09_15/o1_mf_1_653_oblxo929_.arc' into LogMiner" @service=redpanda-connect label="" path=root.input
time="2026-09-23T12:23:56+01:00" level=debug msg="Loaded ARCHIVED redo log file '/opt/oracle/oradata/recovery_area/FREE/archivelog/2026_09_15/o1_mf_1_654_oblxq55c_.arc' into LogMiner" @service=redpanda-connect label="" path=root.input
time="2026-09-23T12:23:56+01:00" level=debug msg="Loaded ARCHIVED redo log file '/opt/oracle/oradata/recovery_area/FREE/archivelog/2026_09_15/o1_mf_1_655_oblxs17z_.arc' into LogMiner" @service=redpanda-connect label="" path=root.input
time="2026-09-23T12:23:56+01:00" level=debug msg="Loaded ARCHIVED redo log file '/opt/oracle/oradata/recovery_area/FREE/archivelog/2026_09_15/o1_mf_1_656_oblxtxbq_.arc' into LogMiner" @service=redpanda-connect label="" path=root.input
time="2026-09-23T12:23:56+01:00" level=debug msg="Loaded ARCHIVED redo log file '/opt/oracle/oradata/recovery_area/FREE/archivelog/2026_09_15/o1_mf_1_657_oblxwsg6_.arc' into LogMiner" @service=redpanda-connect label="" path=root.input
time="2026-09-23T12:23:56+01:00" level=debug msg="Loaded ARCHIVED redo log file '/opt/oracle/oradata/recovery_area/FREE/archivelog/2026_09_15/o1_mf_1_658_oblxyokq_.arc' into LogMiner" @service=redpanda-connect label="" path=root.input
time="2026-09-23T12:23:56+01:00" level=debug msg="Loaded ARCHIVED redo log file '/opt/oracle/oradata/recovery_area/FREE/archivelog/2026_09_15/o1_mf_1_659_obly0kn6_.arc' into LogMiner" @service=redpanda-connect label="" path=root.input
time="2026-09-23T12:23:56+01:00" level=debug msg="Loaded ARCHIVED redo log file '/opt/oracle/oradata/recovery_area/FREE/archivelog/2026_09_15/o1_mf_1_660_obly2fq7_.arc' into LogMiner" @service=redpanda-connect label="" path=root.input
time="2026-09-23T12:23:56+01:00" level=debug msg="Loaded ARCHIVED redo log file '/opt/oracle/oradata/recovery_area/FREE/archivelog/2026_09_15/o1_mf_1_661_obly49tn_.arc' into LogMiner" @service=redpanda-connect label="" path=root.input
time="2026-09-23T12:23:56+01:00" level=debug msg="Loaded ARCHIVED redo log file '/opt/oracle/oradata/recovery_area/FREE/archivelog/2026_09_15/o1_mf_1_662_obly65y5_.arc' into LogMiner" @service=redpanda-connect label="" path=root.input
time="2026-09-23T12:23:56+01:00" level=debug msg="Loaded ARCHIVED redo log file '/opt/oracle/oradata/recovery_area/FREE/archivelog/2026_09_15/o1_mf_1_663_obly822n_.arc' into LogMiner" @service=redpanda-connect label="" path=root.input
time="2026-09-23T12:23:56+01:00" level=debug msg="Loaded ARCHIVED redo log file '/opt/oracle/oradata/recovery_area/FREE/archivelog/2026_09_15/o1_mf_1_664_obly9y62_.arc' into LogMiner" @service=redpanda-connect label="" path=root.input
time="2026-09-23T12:23:56+01:00" level=debug msg="Loaded ARCHIVED redo log file '/opt/oracle/oradata/recovery_area/FREE/archivelog/2026_09_15/o1_mf_1_665_oblyct9b_.arc' into LogMiner" @service=redpanda-connect label="" path=root.input
time="2026-09-23T12:23:56+01:00" level=debug msg="Loaded ARCHIVED redo log file '/opt/oracle/oradata/recovery_area/FREE/archivelog/2026_09_15/o1_mf_1_666_oblyfpd7_.arc' into LogMiner" @service=redpanda-connect label="" path=root.input
time="2026-09-23T12:23:56+01:00" level=debug msg="Loaded ARCHIVED redo log file '/opt/oracle/oradata/recovery_area/FREE/archivelog/2026_09_15/o1_mf_1_667_obm00vv2_.arc' into LogMiner" @service=redpanda-connect label="" path=root.input
time="2026-09-23T12:23:56+01:00" level=debug msg="Loaded ARCHIVED redo log file '/opt/oracle/oradata/recovery_area/FREE/archivelog/2026_09_15/o1_mf_1_668_obm02qxw_.arc' into LogMiner" @service=redpanda-connect label="" path=root.input
time="2026-09-23T12:23:56+01:00" level=debug msg="Loaded ARCHIVED redo log file '/opt/oracle/oradata/recovery_area/FREE/archivelog/2026_09_15/o1_mf_1_669_obm04n1c_.arc' into LogMiner" @service=redpanda-connect label="" path=root.input
time="2026-09-23T12:23:56+01:00" level=debug msg="Loaded ARCHIVED redo log file '/opt/oracle/oradata/recovery_area/FREE/archivelog/2026_09_15/o1_mf_1_670_obm06j4m_.arc' into LogMiner" @service=redpanda-connect label="" path=root.input
time="2026-09-23T12:23:56+01:00" level=debug msg="Loaded ARCHIVED redo log file '/opt/oracle/oradata/recovery_area/FREE/archivelog/2026_09_15/o1_mf_1_671_obm08d7b_.arc' into LogMiner" @service=redpanda-connect label="" path=root.input
time="2026-09-23T12:23:56+01:00" level=debug msg="Loaded ARCHIVED redo log file '/opt/oracle/oradata/recovery_area/FREE/archivelog/2026_09_15/o1_mf_1_672_obm0b8bd_.arc' into LogMiner" @service=redpanda-connect label="" path=root.input
time="2026-09-23T12:23:56+01:00" level=debug msg="Loaded ARCHIVED redo log file '/opt/oracle/oradata/recovery_area/FREE/archivelog/2026_09_15/o1_mf_1_673_obm0d4g0_.arc' into LogMiner" @service=redpanda-connect label="" path=root.input
time="2026-09-23T12:23:56+01:00" level=debug msg="Loaded ARCHIVED redo log file '/opt/oracle/oradata/recovery_area/FREE/archivelog/2026_09_15/o1_mf_1_674_obm0g0jh_.arc' into LogMiner" @service=redpanda-connect label="" path=root.input
time="2026-09-23T12:23:56+01:00" level=debug msg="Loaded ARCHIVED redo log file '/opt/oracle/oradata/recovery_area/FREE/archivelog/2026_09_15/o1_mf_1_675_obm0hwm6_.arc' into LogMiner" @service=redpanda-connect label="" path=root.input
time="2026-09-23T12:23:56+01:00" level=debug msg="Loaded ARCHIVED redo log file '/opt/oracle/oradata/recovery_area/FREE/archivelog/2026_09_15/o1_mf_1_676_obm0kvon_.arc' into LogMiner" @service=redpanda-connect label="" path=root.input
time="2026-09-23T12:23:56+01:00" level=debug msg="Loaded ARCHIVED redo log file '/opt/oracle/oradata/recovery_area/FREE/archivelog/2026_09_15/o1_mf_1_677_obm0mtrf_.arc' into LogMiner" @service=redpanda-connect label="" path=root.input
time="2026-09-23T12:23:56+01:00" level=debug msg="Loaded ARCHIVED redo log file '/opt/oracle/oradata/recovery_area/FREE/archivelog/2026_09_15/o1_mf_1_678_obm0opvv_.arc' into LogMiner" @service=redpanda-connect label="" path=root.input
time="2026-09-23T12:23:56+01:00" level=debug msg="Loaded ARCHIVED redo log file '/opt/oracle/oradata/recovery_area/FREE/archivelog/2026_09_15/o1_mf_1_679_obm0qlyl_.arc' into LogMiner" @service=redpanda-connect label="" path=root.input
time="2026-09-23T12:23:56+01:00" level=debug msg="Loaded ARCHIVED redo log file '/opt/oracle/oradata/recovery_area/FREE/archivelog/2026_09_15/o1_mf_1_680_obm0sd2o_.arc' into LogMiner" @service=redpanda-connect label="" path=root.input
time="2026-09-23T12:23:56+01:00" level=debug msg="Loaded ARCHIVED redo log file '/opt/oracle/oradata/recovery_area/FREE/archivelog/2026_09_15/o1_mf_1_681_obm0v85s_.arc' into LogMiner" @service=redpanda-connect label="" path=root.input
time="2026-09-23T12:23:56+01:00" level=debug msg="Loaded ARCHIVED redo log file '/opt/oracle/oradata/recovery_area/FREE/archivelog/2026_09_15/o1_mf_1_682_obm0x497_.arc' into LogMiner" @service=redpanda-connect label="" path=root.input
time="2026-09-23T12:23:56+01:00" level=debug msg="Loaded ARCHIVED redo log file '/opt/oracle/oradata/recovery_area/FREE/archivelog/2026_09_15/o1_mf_1_683_obm0z0dw_.arc' into LogMiner" @service=redpanda-connect label="" path=root.input
time="2026-09-23T12:23:56+01:00" level=debug msg="Loaded ARCHIVED redo log file '/opt/oracle/oradata/recovery_area/FREE/archivelog/2026_09_15/o1_mf_1_684_obm10wjv_.arc' into LogMiner" @service=redpanda-connect label="" path=root.input
time="2026-09-23T12:23:56+01:00" level=debug msg="Loaded ARCHIVED redo log file '/opt/oracle/oradata/recovery_area/FREE/archivelog/2026_09_15/o1_mf_1_685_obm12rnc_.arc' into LogMiner" @service=redpanda-connect label="" path=root.input
time="2026-09-23T12:23:56+01:00" level=debug msg="Loaded ARCHIVED redo log file '/opt/oracle/oradata/recovery_area/FREE/archivelog/2026_09_15/o1_mf_1_686_obm1oklb_.arc' into LogMiner" @service=redpanda-connect label="" path=root.input
time="2026-09-23T12:23:56+01:00" level=debug msg="Loaded ARCHIVED redo log file '/opt/oracle/oradata/recovery_area/FREE/archivelog/2026_09_15/o1_mf_1_687_obm7g2cs_.arc' into LogMiner" @service=redpanda-connect label="" path=root.input
time="2026-09-23T12:23:56+01:00" level=debug msg="Loaded ARCHIVED redo log file '/opt/oracle/oradata/recovery_area/FREE/archivelog/2026_09_15/o1_mf_1_688_obm7t6nq_.arc' into LogMiner" @service=redpanda-connect label="" path=root.input
time="2026-09-23T12:23:56+01:00" level=debug msg="Loaded ARCHIVED redo log file '/opt/oracle/oradata/recovery_area/FREE/archivelog/2026_09_15/o1_mf_1_689_obm87zfj_.arc' into LogMiner" @service=redpanda-connect label="" path=root.input
time="2026-09-23T12:23:56+01:00" level=debug msg="Loaded ARCHIVED redo log file '/opt/oracle/oradata/recovery_area/FREE/archivelog/2026_09_15/o1_mf_1_690_obm8ok36_.arc' into LogMiner" @service=redpanda-connect label="" path=root.input
time="2026-09-23T12:23:56+01:00" level=debug msg="Loaded ARCHIVED redo log file '/opt/oracle/oradata/recovery_area/FREE/archivelog/2026_09_15/o1_mf_1_691_obm8qf60_.arc' into LogMiner" @service=redpanda-connect label="" path=root.input
time="2026-09-23T12:23:56+01:00" level=debug msg="Loaded ARCHIVED redo log file '/opt/oracle/oradata/recovery_area/FREE/archivelog/2026_09_15/o1_mf_1_692_obm8s98m_.arc' into LogMiner" @service=redpanda-connect label="" path=root.input
time="2026-09-23T12:23:56+01:00" level=debug msg="Loaded ARCHIVED redo log file '/opt/oracle/oradata/recovery_area/FREE/archivelog/2026_09_15/o1_mf_1_693_obm8v5cm_.arc' into LogMiner" @service=redpanda-connect label="" path=root.input
time="2026-09-23T12:23:56+01:00" level=debug msg="Loaded ARCHIVED redo log file '/opt/oracle/oradata/recovery_area/FREE/archivelog/2026_09_15/o1_mf_1_694_obm8x1gl_.arc' into LogMiner" @service=redpanda-connect label="" path=root.input
time="2026-09-23T12:23:56+01:00" level=debug msg="Loaded ARCHIVED redo log file '/opt/oracle/oradata/recovery_area/FREE/archivelog/2026_09_15/o1_mf_1_695_obm8yxl5_.arc' into LogMiner" @service=redpanda-connect label="" path=root.input
time="2026-09-23T12:23:56+01:00" level=debug msg="Loaded ARCHIVED redo log file '/opt/oracle/oradata/recovery_area/FREE/archivelog/2026_09_15/o1_mf_1_696_obm90snd_.arc' into LogMiner" @service=redpanda-connect label="" path=root.input
time="2026-09-23T12:23:56+01:00" level=debug msg="Loaded ARCHIVED redo log file '/opt/oracle/oradata/recovery_area/FREE/archivelog/2026_09_15/o1_mf_1_697_obm92oq6_.arc' into LogMiner" @service=redpanda-connect label="" path=root.input
time="2026-09-23T12:23:56+01:00" level=debug msg="Loaded ARCHIVED redo log file '/opt/oracle/oradata/recovery_area/FREE/archivelog/2026_09_15/o1_mf_1_698_obm94ksj_.arc' into LogMiner" @service=redpanda-connect label="" path=root.input
time="2026-09-23T12:23:56+01:00" level=debug msg="Loaded ARCHIVED redo log file '/opt/oracle/oradata/recovery_area/FREE/archivelog/2026_09_15/o1_mf_1_699_obm96fvv_.arc' into LogMiner" @service=redpanda-connect label="" path=root.input
time="2026-09-23T12:23:56+01:00" level=debug msg="Loaded ARCHIVED redo log file '/opt/oracle/oradata/recovery_area/FREE/archivelog/2026_09_15/o1_mf_1_700_obm989yl_.arc' into LogMiner" @service=redpanda-connect label="" path=root.input
time="2026-09-23T12:23:56+01:00" level=debug msg="Loaded ARCHIVED redo log file '/opt/oracle/oradata/recovery_area/FREE/archivelog/2026_09_15/o1_mf_1_701_obm9b61q_.arc' into LogMiner" @service=redpanda-connect label="" path=root.input
time="2026-09-23T12:23:56+01:00" level=debug msg="Loaded ARCHIVED redo log file '/opt/oracle/oradata/recovery_area/FREE/archivelog/2026_09_15/o1_mf_1_702_obm9d24z_.arc' into LogMiner" @service=redpanda-connect label="" path=root.input
time="2026-09-23T12:23:56+01:00" level=debug msg="Loaded ARCHIVED redo log file '/opt/oracle/oradata/recovery_area/FREE/archivelog/2026_09_15/o1_mf_1_703_obm9fy8k_.arc' into LogMiner" @service=redpanda-connect label="" path=root.input
time="2026-09-23T12:23:56+01:00" level=debug msg="Loaded ARCHIVED redo log file '/opt/oracle/oradata/recovery_area/FREE/archivelog/2026_09_15/o1_mf_1_704_obm9htck_.arc' into LogMiner" @service=redpanda-connect label="" path=root.input
time="2026-09-23T12:23:56+01:00" level=debug msg="Loaded ARCHIVED redo log file '/opt/oracle/oradata/recovery_area/FREE/archivelog/2026_09_15/o1_mf_1_705_obm9kpg6_.arc' into LogMiner" @service=redpanda-connect label="" path=root.input
time="2026-09-23T12:23:56+01:00" level=debug msg="Loaded ARCHIVED redo log file '/opt/oracle/oradata/recovery_area/FREE/archivelog/2026_09_15/o1_mf_1_706_obm9mljd_.arc' into LogMiner" @service=redpanda-connect label="" path=root.input
time="2026-09-23T12:23:56+01:00" level=debug msg="Loaded ARCHIVED redo log file '/opt/oracle/oradata/recovery_area/FREE/archivelog/2026_09_15/o1_mf_1_707_obm9ogmg_.arc' into LogMiner" @service=redpanda-connect label="" path=root.input
time="2026-09-23T12:23:56+01:00" level=debug msg="Loaded ARCHIVED redo log file '/opt/oracle/oradata/recovery_area/FREE/archivelog/2026_09_15/o1_mf_1_708_obm9qbp6_.arc' into LogMiner" @service=redpanda-connect label="" path=root.input
time="2026-09-23T12:23:56+01:00" level=debug msg="Loaded ARCHIVED redo log file '/opt/oracle/oradata/recovery_area/FREE/archivelog/2026_09_15/o1_mf_1_709_obm9s6rm_.arc' into LogMiner" @service=redpanda-connect label="" path=root.input
time="2026-09-23T12:23:56+01:00" level=debug msg="Loaded ARCHIVED redo log file '/opt/oracle/oradata/recovery_area/FREE/archivelog/2026_09_15/o1_mf_1_710_obm9v2tv_.arc' into LogMiner" @service=redpanda-connect label="" path=root.input
time="2026-09-23T12:23:56+01:00" level=debug msg="Loaded ARCHIVED redo log file '/opt/oracle/oradata/recovery_area/FREE/archivelog/2026_09_15/o1_mf_1_711_obm9wyxh_.arc' into LogMiner" @service=redpanda-connect label="" path=root.input
time="2026-09-23T12:23:56+01:00" level=debug msg="Loaded ARCHIVED redo log file '/opt/oracle/oradata/recovery_area/FREE/archivelog/2026_09_15/o1_mf_1_712_obm9yv0v_.arc' into LogMiner" @service=redpanda-connect label="" path=root.input
time="2026-09-23T12:23:56+01:00" level=debug msg="Loaded ARCHIVED redo log file '/opt/oracle/oradata/recovery_area/FREE/archivelog/2026_09_15/o1_mf_1_713_obmb0n3v_.arc' into LogMiner" @service=redpanda-connect label="" path=root.input
time="2026-09-23T12:23:56+01:00" level=debug msg="Loaded ARCHIVED redo log file '/opt/oracle/oradata/recovery_area/FREE/archivelog/2026_09_15/o1_mf_1_714_obmb2j6f_.arc' into LogMiner" @service=redpanda-connect label="" path=root.input
time="2026-09-23T12:23:56+01:00" level=debug msg="Loaded ARCHIVED redo log file '/opt/oracle/oradata/recovery_area/FREE/archivelog/2026_09_15/o1_mf_1_715_obmb4d8x_.arc' into LogMiner" @service=redpanda-connect label="" path=root.input
time="2026-09-23T12:23:56+01:00" level=debug msg="Loaded ARCHIVED redo log file '/opt/oracle/oradata/recovery_area/FREE/archivelog/2026_09_15/o1_mf_1_716_obmb68d6_.arc' into LogMiner" @service=redpanda-connect label="" path=root.input
time="2026-09-23T12:23:56+01:00" level=debug msg="Loaded ARCHIVED redo log file '/opt/oracle/oradata/recovery_area/FREE/archivelog/2026_09_15/o1_mf_1_717_obmb84gp_.arc' into LogMiner" @service=redpanda-connect label="" path=root.input
time="2026-09-23T12:23:56+01:00" level=debug msg="Loaded ARCHIVED redo log file '/opt/oracle/oradata/recovery_area/FREE/archivelog/2026_09_15/o1_mf_1_718_obmbb0kh_.arc' into LogMiner" @service=redpanda-connect label="" path=root.input
time="2026-09-23T12:23:56+01:00" level=debug msg="Loaded ARCHIVED redo log file '/opt/oracle/oradata/recovery_area/FREE/archivelog/2026_09_15/o1_mf_1_719_obmbcwn6_.arc' into LogMiner" @service=redpanda-connect label="" path=root.input
time="2026-09-23T12:23:56+01:00" level=debug msg="Loaded ARCHIVED redo log file '/opt/oracle/oradata/recovery_area/FREE/archivelog/2026_09_15/o1_mf_1_720_obmbj7jt_.arc' into LogMiner" @service=redpanda-connect label="" path=root.input
time="2026-09-23T12:23:56+01:00" level=debug msg="Loaded ARCHIVED redo log file '/opt/oracle/oradata/recovery_area/FREE/archivelog/2026_09_15/o1_mf_1_721_obmbxvt4_.arc' into LogMiner" @service=redpanda-connect label="" path=root.input
time="2026-09-23T12:23:56+01:00" level=debug msg="Loaded ARCHIVED redo log file '/opt/oracle/oradata/recovery_area/FREE/archivelog/2026_09_15/o1_mf_1_722_obmccns9_.arc' into LogMiner" @service=redpanda-connect label="" path=root.input
time="2026-09-23T12:23:56+01:00" level=debug msg="Loaded ARCHIVED redo log file '/opt/oracle/oradata/recovery_area/FREE/archivelog/2026_09_15/o1_mf_1_723_obmcrn48_.arc' into LogMiner" @service=redpanda-connect label="" path=root.input
time="2026-09-23T12:23:56+01:00" level=debug msg="Loaded ARCHIVED redo log file '/opt/oracle/oradata/recovery_area/FREE/archivelog/2026_09_15/o1_mf_1_724_obmd306c_.arc' into LogMiner" @service=redpanda-connect label="" path=root.input
time="2026-09-23T12:23:56+01:00" level=debug msg="Loaded ARCHIVED redo log file '/opt/oracle/oradata/recovery_area/FREE/archivelog/2026_09_15/o1_mf_1_725_obmdjodj_.arc' into LogMiner" @service=redpanda-connect label="" path=root.input
time="2026-09-23T12:23:56+01:00" level=debug msg="Loaded ARCHIVED redo log file '/opt/oracle/oradata/recovery_area/FREE/archivelog/2026_09_15/o1_mf_1_726_obmfowyw_.arc' into LogMiner" @service=redpanda-connect label="" path=root.input
time="2026-09-23T12:23:56+01:00" level=debug msg="Loaded ARCHIVED redo log file '/opt/oracle/oradata/recovery_area/FREE/archivelog/2026_09_15/o1_mf_1_727_obmfqs1f_.arc' into LogMiner" @service=redpanda-connect label="" path=root.input
time="2026-09-23T12:23:56+01:00" level=debug msg="Loaded ARCHIVED redo log file '/opt/oracle/oradata/recovery_area/FREE/archivelog/2026_09_15/o1_mf_1_728_obmfso41_.arc' into LogMiner" @service=redpanda-connect label="" path=root.input
time="2026-09-23T12:23:56+01:00" level=debug msg="Loaded ARCHIVED redo log file '/opt/oracle/oradata/recovery_area/FREE/archivelog/2026_09_15/o1_mf_1_729_obmfvk6q_.arc' into LogMiner" @service=redpanda-connect label="" path=root.input
time="2026-09-23T12:23:56+01:00" level=debug msg="Loaded ARCHIVED redo log file '/opt/oracle/oradata/recovery_area/FREE/archivelog/2026_09_15/o1_mf_1_730_obmfxf97_.arc' into LogMiner" @service=redpanda-connect label="" path=root.input
time="2026-09-23T12:23:56+01:00" level=debug msg="Loaded ARCHIVED redo log file '/opt/oracle/oradata/recovery_area/FREE/archivelog/2026_09_15/o1_mf_1_731_obmfz9dm_.arc' into LogMiner" @service=redpanda-connect label="" path=root.input
time="2026-09-23T12:23:56+01:00" level=debug msg="Loaded ARCHIVED redo log file '/opt/oracle/oradata/recovery_area/FREE/archivelog/2026_09_15/o1_mf_1_732_obmg15hc_.arc' into LogMiner" @service=redpanda-connect label="" path=root.input
time="2026-09-23T12:23:56+01:00" level=debug msg="Loaded ARCHIVED redo log file '/opt/oracle/oradata/recovery_area/FREE/archivelog/2026_09_15/o1_mf_1_733_obmg31lw_.arc' into LogMiner" @service=redpanda-connect label="" path=root.input
time="2026-09-23T12:23:56+01:00" level=debug msg="Loaded ARCHIVED redo log file '/opt/oracle/oradata/recovery_area/FREE/archivelog/2026_09_15/o1_mf_1_734_obmg4xot_.arc' into LogMiner" @service=redpanda-connect label="" path=root.input
time="2026-09-23T12:23:56+01:00" level=debug msg="Loaded ARCHIVED redo log file '/opt/oracle/oradata/recovery_area/FREE/archivelog/2026_09_15/o1_mf_1_735_obmg6ss4_.arc' into LogMiner" @service=redpanda-connect label="" path=root.input
time="2026-09-23T12:23:56+01:00" level=debug msg="Loaded ARCHIVED redo log file '/opt/oracle/oradata/recovery_area/FREE/archivelog/2026_09_15/o1_mf_1_736_obmg8ow4_.arc' into LogMiner" @service=redpanda-connect label="" path=root.input
time="2026-09-23T12:23:56+01:00" level=debug msg="Loaded ARCHIVED redo log file '/opt/oracle/oradata/recovery_area/FREE/archivelog/2026_09_15/o1_mf_1_737_obmgbkz1_.arc' into LogMiner" @service=redpanda-connect label="" path=root.input
time="2026-09-23T12:23:57+01:00" level=debug msg="Loaded ARCHIVED redo log file '/opt/oracle/oradata/recovery_area/FREE/archivelog/2026_09_15/o1_mf_1_738_obmgdg2g_.arc' into LogMiner" @service=redpanda-connect label="" path=root.input
time="2026-09-23T12:23:57+01:00" level=debug msg="Loaded ARCHIVED redo log file '/opt/oracle/oradata/recovery_area/FREE/archivelog/2026_09_15/o1_mf_1_739_obmggb4s_.arc' into LogMiner" @service=redpanda-connect label="" path=root.input
time="2026-09-23T12:23:57+01:00" level=debug msg="Loaded ARCHIVED redo log file '/opt/oracle/oradata/recovery_area/FREE/archivelog/2026_09_15/o1_mf_1_740_obmgj67t_.arc' into LogMiner" @service=redpanda-connect label="" path=root.input
time="2026-09-23T12:23:57+01:00" level=debug msg="Loaded ARCHIVED redo log file '/opt/oracle/oradata/recovery_area/FREE/archivelog/2026_09_15/o1_mf_1_741_obmgl2bw_.arc' into LogMiner" @service=redpanda-connect label="" path=root.input
time="2026-09-23T12:23:57+01:00" level=debug msg="Loaded ARCHIVED redo log file '/opt/oracle/oradata/recovery_area/FREE/archivelog/2026_09_15/o1_mf_1_742_obmgmvfk_.arc' into LogMiner" @service=redpanda-connect label="" path=root.input
time="2026-09-23T12:23:57+01:00" level=debug msg="Loaded ARCHIVED redo log file '/opt/oracle/oradata/recovery_area/FREE/archivelog/2026_09_15/o1_mf_1_743_obmgoqhy_.arc' into LogMiner" @service=redpanda-connect label="" path=root.input
time="2026-09-23T12:23:57+01:00" level=debug msg="Loaded ARCHIVED redo log file '/opt/oracle/oradata/recovery_area/FREE/archivelog/2026_09_15/o1_mf_1_744_obmgqmm9_.arc' into LogMiner" @service=redpanda-connect label="" path=root.input
time="2026-09-23T12:23:57+01:00" level=debug msg="Loaded ARCHIVED redo log file '/opt/oracle/oradata/recovery_area/FREE/archivelog/2026_09_15/o1_mf_1_745_obmgshp7_.arc' into LogMiner" @service=redpanda-connect label="" path=root.input
time="2026-09-23T12:23:57+01:00" level=debug msg="Loaded ARCHIVED redo log file '/opt/oracle/oradata/recovery_area/FREE/archivelog/2026_09_15/o1_mf_1_746_obmgvcro_.arc' into LogMiner" @service=redpanda-connect label="" path=root.input
time="2026-09-23T12:23:57+01:00" level=debug msg="Loaded ARCHIVED redo log file '/opt/oracle/oradata/recovery_area/FREE/archivelog/2026_09_15/o1_mf_1_747_obmgx7vg_.arc' into LogMiner" @service=redpanda-connect label="" path=root.input
time="2026-09-23T12:23:57+01:00" level=debug msg="Loaded ARCHIVED redo log file '/opt/oracle/oradata/recovery_area/FREE/archivelog/2026_09_15/o1_mf_1_748_obmgz3yg_.arc' into LogMiner" @service=redpanda-connect label="" path=root.input
time="2026-09-23T12:23:57+01:00" level=debug msg="Loaded ARCHIVED redo log file '/opt/oracle/oradata/recovery_area/FREE/archivelog/2026_09_15/o1_mf_1_749_obmh102k_.arc' into LogMiner" @service=redpanda-connect label="" path=root.input
time="2026-09-23T12:23:57+01:00" level=debug msg="Loaded ARCHIVED redo log file '/opt/oracle/oradata/recovery_area/FREE/archivelog/2026_09_15/o1_mf_1_750_obmh2w6j_.arc' into LogMiner" @service=redpanda-connect label="" path=root.input
time="2026-09-23T12:23:57+01:00" level=debug msg="Loaded ARCHIVED redo log file '/opt/oracle/oradata/recovery_area/FREE/archivelog/2026_09_15/o1_mf_1_751_obmh4r9r_.arc' into LogMiner" @service=redpanda-connect label="" path=root.input
time="2026-09-23T12:23:57+01:00" level=debug msg="Loaded ARCHIVED redo log file '/opt/oracle/oradata/recovery_area/FREE/archivelog/2026_09_15/o1_mf_1_752_obmh6ndg_.arc' into LogMiner" @service=redpanda-connect label="" path=root.input
time="2026-09-23T12:23:57+01:00" level=debug msg="Loaded ARCHIVED redo log file '/opt/oracle/oradata/recovery_area/FREE/archivelog/2026_09_15/o1_mf_1_753_obmh8jjl_.arc' into LogMiner" @service=redpanda-connect label="" path=root.input
time="2026-09-23T12:23:57+01:00" level=debug msg="Loaded ARCHIVED redo log file '/opt/oracle/oradata/recovery_area/FREE/archivelog/2026_09_15/o1_mf_1_754_obmhbdn3_.arc' into LogMiner" @service=redpanda-connect label="" path=root.input
time="2026-09-23T12:23:57+01:00" level=debug msg="Loaded ARCHIVED redo log file '/opt/oracle/oradata/recovery_area/FREE/archivelog/2026_09_15/o1_mf_1_755_obmhd8qh_.arc' into LogMiner" @service=redpanda-connect label="" path=root.input
time="2026-09-23T12:23:57+01:00" level=debug msg="Loaded ARCHIVED redo log file '/opt/oracle/oradata/recovery_area/FREE/archivelog/2026_09_15/o1_mf_1_756_obmhg4st_.arc' into LogMiner" @service=redpanda-connect label="" path=root.input
time="2026-09-23T12:23:57+01:00" level=debug msg="Loaded ARCHIVED redo log file '/opt/oracle/oradata/recovery_area/FREE/archivelog/2026_09_15/o1_mf_1_757_obmhj0x4_.arc' into LogMiner" @service=redpanda-connect label="" path=root.input
time="2026-09-23T12:23:57+01:00" level=debug msg="Loaded ARCHIVED redo log file '/opt/oracle/oradata/recovery_area/FREE/archivelog/2026_09_15/o1_mf_1_758_obmhypq1_.arc' into LogMiner" @service=redpanda-connect label="" path=root.input
time="2026-09-23T12:23:57+01:00" level=debug msg="Loaded ARCHIVED redo log file '/opt/oracle/oradata/recovery_area/FREE/archivelog/2026_09_15/o1_mf_1_759_obmj0ls0_.arc' into LogMiner" @service=redpanda-connect label="" path=root.input
time="2026-09-23T12:23:57+01:00" level=debug msg="Started LogMiner session from SCN 112413453 to SCN 112613453" @service=redpanda-connect label="" path=root.input
time="2026-09-23T12:23:57+01:00" level=debug msg="Executing LogMiner query with SCN range (scn=112413453 to 112613453 with window 200000)" @service=redpanda-connect label="" path=root.input
time="2026-09-23T12:23:57+01:00" level=debug msg="LogMiner query returned first row after 85.582125ms (scn=112413453 to 112613453)" @service=redpanda-connect label="" path=root.input
time="2026-09-23T12:24:03+01:00" level=debug msg="Collected 211 redo log file(s) for LogMiner: [ARCHIVED ARCHIVED ARCHIVED ARCHIVED ARCHIVED ARCHIVED ARCHIVED ARCHIVED ARCHIVED ARCHIVED ARCHIVED ARCHIVED ARCHIVED ARCHIVED ARCHIVED ARCHIVED ARCHIVED ARCHIVED ARCHIVED ARCHIVED ARCHIVED ARCHIVED ARCHIVED ARCHIVED ARCHIVED ARCHIVED ARCHIVED ARCHIVED ARCHIVED ARCHIVED ARCHIVED ARCHIVED ARCHIVED ARCHIVED ARCHIVED ARCHIVED ARCHIVED ARCHIVED ARCHIVED ARCHIVED ARCHIVED ARCHIVED ARCHIVED ARCHIVED ARCHIVED ARCHIVED ARCHIVED ARCHIVED ARCHIVED ARCHIVED ARCHIVED ARCHIVED ARCHIVED ARCHIVED ARCHIVED ARCHIVED ARCHIVED ARCHIVED ARCHIVED ARCHIVED ARCHIVED ARCHIVED ARCHIVED ARCHIVED ARCHIVED ARCHIVED ARCHIVED ARCHIVED ARCHIVED ARCHIVED ARCHIVED ARCHIVED ARCHIVED ARCHIVED ARCHIVED ARCHIVED ARCHIVED ARCHIVED ARCHIVED ARCHIVED ARCHIVED ARCHIVED ARCHIVED ARCHIVED ARCHIVED ARCHIVED ARCHIVED ARCHIVED ARCHIVED ARCHIVED ARCHIVED ARCHIVED ARCHIVED ARCHIVED ARCHIVED ARCHIVED ARCHIVED ARCHIVED ARCHIVED ARCHIVED ARCHIVED ARCHIVED ARCHIVED ARCHIVED ARCHIVED ARCHIVED ARCHIVED ARCHIVED ARCHIVED ARCHIVED ARCHIVED ARCHIVED ARCHIVED ARCHIVED ARCHIVED ARCHIVED ARCHIVED ARCHIVED ARCHIVED ARCHIVED ARCHIVED ARCHIVED ARCHIVED ARCHIVED ARCHIVED ARCHIVED ARCHIVED ARCHIVED ARCHIVED ARCHIVED ARCHIVED ARCHIVED ARCHIVED ARCHIVED ARCHIVED ARCHIVED ARCHIVED ARCHIVED ARCHIVED ARCHIVED ARCHIVED ARCHIVED ARCHIVED ARCHIVED ARCHIVED ARCHIVED ARCHIVED ARCHIVED ARCHIVED ARCHIVED ARCHIVED ARCHIVED ARCHIVED ARCHIVED ARCHIVED ARCHIVED ARCHIVED ARCHIVED ARCHIVED ARCHIVED ARCHIVED ARCHIVED ARCHIVED ARCHIVED ARCHIVED ARCHIVED ARCHIVED ARCHIVED ARCHIVED ARCHIVED ARCHIVED ARCHIVED ARCHIVED ARCHIVED ARCHIVED ARCHIVED ARCHIVED ARCHIVED ARCHIVED ARCHIVED ARCHIVED ARCHIVED ARCHIVED ARCHIVED ARCHIVED ARCHIVED ARCHIVED ARCHIVED ARCHIVED ARCHIVED ARCHIVED ARCHIVED ARCHIVED ARCHIVED ARCHIVED ARCHIVED ARCHIVED ARCHIVED ARCHIVED ARCHIVED ARCHIVED ARCHIVED ARCHIVED ARCHIVED ARCHIVED ARCHIVED ARCHIVED ARCHIVED ARCHIVED ARCHIVED ARCHIVED]" @service=redpanda-connect label="" path=root.input
time="2026-09-23T12:24:03+01:00" level=debug msg="Loaded ARCHIVED redo log file '/opt/oracle/oradata/recovery_area/FREE/archivelog/2026_09_15/o1_mf_1_759_obmj0ls0_.arc' into LogMiner" @service=redpanda-connect label="" path=root.input
time="2026-09-23T12:24:03+01:00" level=debug msg="Loaded ARCHIVED redo log file '/opt/oracle/oradata/recovery_area/FREE/archivelog/2026_09_15/o1_mf_1_760_obmj2gwb_.arc' into LogMiner" @service=redpanda-connect label="" path=root.input
time="2026-09-23T12:24:03+01:00" level=debug msg="Loaded ARCHIVED redo log file '/opt/oracle/oradata/recovery_area/FREE/archivelog/2026_09_15/o1_mf_1_761_obmj4c02_.arc' into LogMiner" @service=redpanda-connect label="" path=root.input
time="2026-09-23T12:24:03+01:00" level=debug msg="Loaded ARCHIVED redo log file '/opt/oracle/oradata/recovery_area/FREE/archivelog/2026_09_15/o1_mf_1_762_obmj672q_.arc' into LogMiner" @service=redpanda-connect label="" path=root.input
time="2026-09-23T12:24:03+01:00" level=debug msg="Loaded ARCHIVED redo log file '/opt/oracle/oradata/recovery_area/FREE/archivelog/2026_09_15/o1_mf_1_763_obmj834z_.arc' into LogMiner" @service=redpanda-connect label="" path=root.input
time="2026-09-23T12:24:03+01:00" level=debug msg="Loaded ARCHIVED redo log file '/opt/oracle/oradata/recovery_area/FREE/archivelog/2026_09_15/o1_mf_1_764_obmj9z6s_.arc' into LogMiner" @service=redpanda-connect label="" path=root.input
time="2026-09-23T12:24:03+01:00" level=debug msg="Loaded ARCHIVED redo log file '/opt/oracle/oradata/recovery_area/FREE/archivelog/2026_09_15/o1_mf_1_765_obmjcv9v_.arc' into LogMiner" @service=redpanda-connect label="" path=root.input
time="2026-09-23T12:24:03+01:00" level=debug msg="Loaded ARCHIVED redo log file '/opt/oracle/oradata/recovery_area/FREE/archivelog/2026_09_15/o1_mf_1_766_obmjfqds_.arc' into LogMiner" @service=redpanda-connect label="" path=root.input
time="2026-09-23T12:24:03+01:00" level=debug msg="Loaded ARCHIVED redo log file '/opt/oracle/oradata/recovery_area/FREE/archivelog/2026_09_15/o1_mf_1_767_obmjhmhp_.arc' into LogMiner" @service=redpanda-connect label="" path=root.input
time="2026-09-23T12:24:03+01:00" level=debug msg="Loaded ARCHIVED redo log file '/opt/oracle/oradata/recovery_area/FREE/archivelog/2026_09_15/o1_mf_1_768_obmjkhlm_.arc' into LogMiner" @service=redpanda-connect label="" path=root.input
time="2026-09-23T12:24:03+01:00" level=debug msg="Loaded ARCHIVED redo log file '/opt/oracle/oradata/recovery_area/FREE/archivelog/2026_09_15/o1_mf_1_769_obmjmcnv_.arc' into LogMiner" @service=redpanda-connect label="" path=root.input
time="2026-09-23T12:24:03+01:00" level=debug msg="Loaded ARCHIVED redo log file '/opt/oracle/oradata/recovery_area/FREE/archivelog/2026_09_15/o1_mf_1_770_obmjo7qz_.arc' into LogMiner" @service=redpanda-connect label="" path=root.input
time="2026-09-23T12:24:03+01:00" level=debug msg="Loaded ARCHIVED redo log file '/opt/oracle/oradata/recovery_area/FREE/archivelog/2026_09_15/o1_mf_1_771_obmjq3vo_.arc' into LogMiner" @service=redpanda-connect label="" path=root.input
time="2026-09-23T12:24:03+01:00" level=debug msg="Loaded ARCHIVED redo log file '/opt/oracle/oradata/recovery_area/FREE/archivelog/2026_09_15/o1_mf_1_772_obmjrzyn_.arc' into LogMiner" @service=redpanda-connect label="" path=root.input
time="2026-09-23T12:24:03+01:00" level=debug msg="Loaded ARCHIVED redo log file '/opt/oracle/oradata/recovery_area/FREE/archivelog/2026_09_15/o1_mf_1_773_obmjtw37_.arc' into LogMiner" @service=redpanda-connect label="" path=root.input
time="2026-09-23T12:24:03+01:00" level=debug msg="Loaded ARCHIVED redo log file '/opt/oracle/oradata/recovery_area/FREE/archivelog/2026_09_15/o1_mf_1_774_obmjwo6g_.arc' into LogMiner" @service=redpanda-connect label="" path=root.input
time="2026-09-23T12:24:03+01:00" level=debug msg="Loaded ARCHIVED redo log file '/opt/oracle/oradata/recovery_area/FREE/archivelog/2026_09_15/o1_mf_1_775_obmjyk8l_.arc' into LogMiner" @service=redpanda-connect label="" path=root.input
time="2026-09-23T12:24:03+01:00" level=debug msg="Loaded ARCHIVED redo log file '/opt/oracle/oradata/recovery_area/FREE/archivelog/2026_09_15/o1_mf_1_776_obmk0fbw_.arc' into LogMiner" @service=redpanda-connect label="" path=root.input
time="2026-09-23T12:24:03+01:00" level=debug msg="Loaded ARCHIVED redo log file '/opt/oracle/oradata/recovery_area/FREE/archivelog/2026_09_15/o1_mf_1_777_obmk29fn_.arc' into LogMiner" @service=redpanda-connect label="" path=root.input
time="2026-09-23T12:24:03+01:00" level=debug msg="Loaded ARCHIVED redo log file '/opt/oracle/oradata/recovery_area/FREE/archivelog/2026_09_15/o1_mf_1_778_obmk45jh_.arc' into LogMiner" @service=redpanda-connect label="" path=root.input
time="2026-09-23T12:24:03+01:00" level=debug msg="Loaded ARCHIVED redo log file '/opt/oracle/oradata/recovery_area/FREE/archivelog/2026_09_15/o1_mf_1_779_obmkyxgt_.arc' into LogMiner" @service=redpanda-connect label="" path=root.input
time="2026-09-23T12:24:03+01:00" level=debug msg="Loaded ARCHIVED redo log file '/opt/oracle/oradata/recovery_area/FREE/archivelog/2026_09_15/o1_mf_1_780_obml0skk_.arc' into LogMiner" @service=redpanda-connect label="" path=root.input
time="2026-09-23T12:24:03+01:00" level=debug msg="Loaded ARCHIVED redo log file '/opt/oracle/oradata/recovery_area/FREE/archivelog/2026_09_15/o1_mf_1_781_obml2onj_.arc' into LogMiner" @service=redpanda-connect label="" path=root.input
time="2026-09-23T12:24:03+01:00" level=debug msg="Loaded ARCHIVED redo log file '/opt/oracle/oradata/recovery_area/FREE/archivelog/2026_09_15/o1_mf_1_782_obml4kr0_.arc' into LogMiner" @service=redpanda-connect label="" path=root.input
time="2026-09-23T12:24:03+01:00" level=debug msg="Loaded ARCHIVED redo log file '/opt/oracle/oradata/recovery_area/FREE/archivelog/2026_09_15/o1_mf_1_783_obml6ftr_.arc' into LogMiner" @service=redpanda-connect label="" path=root.input
time="2026-09-23T12:24:03+01:00" level=debug msg="Loaded ARCHIVED redo log file '/opt/oracle/oradata/recovery_area/FREE/archivelog/2026_09_15/o1_mf_1_784_obml89xt_.arc' into LogMiner" @service=redpanda-connect label="" path=root.input
time="2026-09-23T12:24:03+01:00" level=debug msg="Loaded ARCHIVED redo log file '/opt/oracle/oradata/recovery_area/FREE/archivelog/2026_09_15/o1_mf_1_785_obmlb612_.arc' into LogMiner" @service=redpanda-connect label="" path=root.input
time="2026-09-23T12:24:03+01:00" level=debug msg="Loaded ARCHIVED redo log file '/opt/oracle/oradata/recovery_area/FREE/archivelog/2026_09_15/o1_mf_1_786_obmld24n_.arc' into LogMiner" @service=redpanda-connect label="" path=root.input
time="2026-09-23T12:24:03+01:00" level=debug msg="Loaded ARCHIVED redo log file '/opt/oracle/oradata/recovery_area/FREE/archivelog/2026_09_15/o1_mf_1_787_obmlfy7k_.arc' into LogMiner" @service=redpanda-connect label="" path=root.input
time="2026-09-23T12:24:03+01:00" level=debug msg="Loaded ARCHIVED redo log file '/opt/oracle/oradata/recovery_area/FREE/archivelog/2026_09_15/o1_mf_1_788_obmlhtbc_.arc' into LogMiner" @service=redpanda-connect label="" path=root.input
time="2026-09-23T12:24:03+01:00" level=debug msg="Loaded ARCHIVED redo log file '/opt/oracle/oradata/recovery_area/FREE/archivelog/2026_09_15/o1_mf_1_789_obmlksf8_.arc' into LogMiner" @service=redpanda-connect label="" path=root.input
time="2026-09-23T12:24:03+01:00" level=debug msg="Loaded ARCHIVED redo log file '/opt/oracle/oradata/recovery_area/FREE/archivelog/2026_09_15/o1_mf_1_790_obmlmrhn_.arc' into LogMiner" @service=redpanda-connect label="" path=root.input
time="2026-09-23T12:24:03+01:00" level=debug msg="Loaded ARCHIVED redo log file '/opt/oracle/oradata/recovery_area/FREE/archivelog/2026_09_15/o1_mf_1_791_obmlonll_.arc' into LogMiner" @service=redpanda-connect label="" path=root.input
time="2026-09-23T12:24:03+01:00" level=debug msg="Loaded ARCHIVED redo log file '/opt/oracle/oradata/recovery_area/FREE/archivelog/2026_09_15/o1_mf_1_792_obmlqjo7_.arc' into LogMiner" @service=redpanda-connect label="" path=root.input
time="2026-09-23T12:24:03+01:00" level=debug msg="Loaded ARCHIVED redo log file '/opt/oracle/oradata/recovery_area/FREE/archivelog/2026_09_15/o1_mf_1_793_obmlsdrg_.arc' into LogMiner" @service=redpanda-connect label="" path=root.input
time="2026-09-23T12:24:03+01:00" level=debug msg="Loaded ARCHIVED redo log file '/opt/oracle/oradata/recovery_area/FREE/archivelog/2026_09_15/o1_mf_1_794_obmlv8tw_.arc' into LogMiner" @service=redpanda-connect label="" path=root.input
time="2026-09-23T12:24:03+01:00" level=debug msg="Loaded ARCHIVED redo log file '/opt/oracle/oradata/recovery_area/FREE/archivelog/2026_09_15/o1_mf_1_795_obmlx7y0_.arc' into LogMiner" @service=redpanda-connect label="" path=root.input
time="2026-09-23T12:24:03+01:00" level=debug msg="Loaded ARCHIVED redo log file '/opt/oracle/oradata/recovery_area/FREE/archivelog/2026_09_15/o1_mf_1_796_obmlz71d_.arc' into LogMiner" @service=redpanda-connect label="" path=root.input
time="2026-09-23T12:24:03+01:00" level=debug msg="Loaded ARCHIVED redo log file '/opt/oracle/oradata/recovery_area/FREE/archivelog/2026_09_15/o1_mf_1_797_obmm134s_.arc' into LogMiner" @service=redpanda-connect label="" path=root.input
time="2026-09-23T12:24:03+01:00" level=debug msg="Loaded ARCHIVED redo log file '/opt/oracle/oradata/recovery_area/FREE/archivelog/2026_09_15/o1_mf_1_798_obmm2z7h_.arc' into LogMiner" @service=redpanda-connect label="" path=root.input
time="2026-09-23T12:24:03+01:00" level=debug msg="Loaded ARCHIVED redo log file '/opt/oracle/oradata/recovery_area/FREE/archivelog/2026_09_15/o1_mf_1_799_obmm4vbr_.arc' into LogMiner" @service=redpanda-connect label="" path=root.input
time="2026-09-23T12:24:03+01:00" level=debug msg="Loaded ARCHIVED redo log file '/opt/oracle/oradata/recovery_area/FREE/archivelog/2026_09_15/o1_mf_1_800_obmm6qfw_.arc' into LogMiner" @service=redpanda-connect label="" path=root.input
time="2026-09-23T12:24:03+01:00" level=debug msg="Loaded ARCHIVED redo log file '/opt/oracle/oradata/recovery_area/FREE/archivelog/2026_09_15/o1_mf_1_801_obmm8mk8_.arc' into LogMiner" @service=redpanda-connect label="" path=root.input
time="2026-09-23T12:24:03+01:00" level=debug msg="Loaded ARCHIVED redo log file '/opt/oracle/oradata/recovery_area/FREE/archivelog/2026_09_15/o1_mf_1_802_obmmbhmp_.arc' into LogMiner" @service=redpanda-connect label="" path=root.input
time="2026-09-23T12:24:03+01:00" level=debug msg="Loaded ARCHIVED redo log file '/opt/oracle/oradata/recovery_area/FREE/archivelog/2026_09_15/o1_mf_1_803_obmmdcpf_.arc' into LogMiner" @service=redpanda-connect label="" path=root.input
time="2026-09-23T12:24:03+01:00" level=debug msg="Loaded ARCHIVED redo log file '/opt/oracle/oradata/recovery_area/FREE/archivelog/2026_09_15/o1_mf_1_804_obmmg7s7_.arc' into LogMiner" @service=redpanda-connect label="" path=root.input
time="2026-09-23T12:24:03+01:00" level=debug msg="Loaded ARCHIVED redo log file '/opt/oracle/oradata/recovery_area/FREE/archivelog/2026_09_15/o1_mf_1_805_obmmj3vq_.arc' into LogMiner" @service=redpanda-connect label="" path=root.input
time="2026-09-23T12:24:03+01:00" level=debug msg="Loaded ARCHIVED redo log file '/opt/oracle/oradata/recovery_area/FREE/archivelog/2026_09_15/o1_mf_1_806_obmmkwyr_.arc' into LogMiner" @service=redpanda-connect label="" path=root.input
time="2026-09-23T12:24:03+01:00" level=debug msg="Loaded ARCHIVED redo log file '/opt/oracle/oradata/recovery_area/FREE/archivelog/2026_09_15/o1_mf_1_807_obmmms1v_.arc' into LogMiner" @service=redpanda-connect label="" path=root.input
time="2026-09-23T12:24:03+01:00" level=debug msg="Loaded ARCHIVED redo log file '/opt/oracle/oradata/recovery_area/FREE/archivelog/2026_09_15/o1_mf_1_808_obmmoo54_.arc' into LogMiner" @service=redpanda-connect label="" path=root.input
time="2026-09-23T12:24:03+01:00" level=debug msg="Loaded ARCHIVED redo log file '/opt/oracle/oradata/recovery_area/FREE/archivelog/2026_09_15/o1_mf_1_809_obmmqk7v_.arc' into LogMiner" @service=redpanda-connect label="" path=root.input
time="2026-09-23T12:24:03+01:00" level=debug msg="Loaded ARCHIVED redo log file '/opt/oracle/oradata/recovery_area/FREE/archivelog/2026_09_15/o1_mf_1_810_obmn3995_.arc' into LogMiner" @service=redpanda-connect label="" path=root.input
time="2026-09-23T12:24:03+01:00" level=debug msg="Loaded ARCHIVED redo log file '/opt/oracle/oradata/recovery_area/FREE/archivelog/2026_09_15/o1_mf_1_811_obmn55c6_.arc' into LogMiner" @service=redpanda-connect label="" path=root.input
time="2026-09-23T12:24:03+01:00" level=debug msg="Loaded ARCHIVED redo log file '/opt/oracle/oradata/recovery_area/FREE/archivelog/2026_09_15/o1_mf_1_812_obmn71f4_.arc' into LogMiner" @service=redpanda-connect label="" path=root.input
time="2026-09-23T12:24:03+01:00" level=debug msg="Loaded ARCHIVED redo log file '/opt/oracle/oradata/recovery_area/FREE/archivelog/2026_09_15/o1_mf_1_813_obmn8xhp_.arc' into LogMiner" @service=redpanda-connect label="" path=root.input
time="2026-09-23T12:24:04+01:00" level=debug msg="Loaded ARCHIVED redo log file '/opt/oracle/oradata/recovery_area/FREE/archivelog/2026_09_15/o1_mf_1_814_obmnbsm2_.arc' into LogMiner" @service=redpanda-connect label="" path=root.input
time="2026-09-23T12:24:04+01:00" level=debug msg="Loaded ARCHIVED redo log file '/opt/oracle/oradata/recovery_area/FREE/archivelog/2026_09_15/o1_mf_1_815_obmndoop_.arc' into LogMiner" @service=redpanda-connect label="" path=root.input
time="2026-09-23T12:24:04+01:00" level=debug msg="Loaded ARCHIVED redo log file '/opt/oracle/oradata/recovery_area/FREE/archivelog/2026_09_15/o1_mf_1_816_obmngkr8_.arc' into LogMiner" @service=redpanda-connect label="" path=root.input
time="2026-09-23T12:24:04+01:00" level=debug msg="Loaded ARCHIVED redo log file '/opt/oracle/oradata/recovery_area/FREE/archivelog/2026_09_15/o1_mf_1_817_obmnjftf_.arc' into LogMiner" @service=redpanda-connect label="" path=root.input
time="2026-09-23T12:24:04+01:00" level=debug msg="Loaded ARCHIVED redo log file '/opt/oracle/oradata/recovery_area/FREE/archivelog/2026_09_15/o1_mf_1_818_obmnldy7_.arc' into LogMiner" @service=redpanda-connect label="" path=root.input
time="2026-09-23T12:24:04+01:00" level=debug msg="Loaded ARCHIVED redo log file '/opt/oracle/oradata/recovery_area/FREE/archivelog/2026_09_15/o1_mf_1_819_obmnnd1n_.arc' into LogMiner" @service=redpanda-connect label="" path=root.input
time="2026-09-23T12:24:04+01:00" level=debug msg="Loaded ARCHIVED redo log file '/opt/oracle/oradata/recovery_area/FREE/archivelog/2026_09_15/o1_mf_1_820_obmnp84m_.arc' into LogMiner" @service=redpanda-connect label="" path=root.input
time="2026-09-23T12:24:04+01:00" level=debug msg="Loaded ARCHIVED redo log file '/opt/oracle/oradata/recovery_area/FREE/archivelog/2026_09_15/o1_mf_1_821_obmnr479_.arc' into LogMiner" @service=redpanda-connect label="" path=root.input
time="2026-09-23T12:24:04+01:00" level=debug msg="Loaded ARCHIVED redo log file '/opt/oracle/oradata/recovery_area/FREE/archivelog/2026_09_15/o1_mf_1_822_obmnt0cp_.arc' into LogMiner" @service=redpanda-connect label="" path=root.input
time="2026-09-23T12:24:04+01:00" level=debug msg="Loaded ARCHIVED redo log file '/opt/oracle/oradata/recovery_area/FREE/archivelog/2026_09_15/o1_mf_1_823_obmnvwgt_.arc' into LogMiner" @service=redpanda-connect label="" path=root.input
time="2026-09-23T12:24:04+01:00" level=debug msg="Loaded ARCHIVED redo log file '/opt/oracle/oradata/recovery_area/FREE/archivelog/2026_09_15/o1_mf_1_824_obmnxrk4_.arc' into LogMiner" @service=redpanda-connect label="" path=root.input
time="2026-09-23T12:24:04+01:00" level=debug msg="Loaded ARCHIVED redo log file '/opt/oracle/oradata/recovery_area/FREE/archivelog/2026_09_15/o1_mf_1_825_obmnznm6_.arc' into LogMiner" @service=redpanda-connect label="" path=root.input
time="2026-09-23T12:24:04+01:00" level=debug msg="Loaded ARCHIVED redo log file '/opt/oracle/oradata/recovery_area/FREE/archivelog/2026_09_15/o1_mf_1_826_obmo1jp1_.arc' into LogMiner" @service=redpanda-connect label="" path=root.input
time="2026-09-23T12:24:04+01:00" level=debug msg="Loaded ARCHIVED redo log file '/opt/oracle/oradata/recovery_area/FREE/archivelog/2026_09_15/o1_mf_1_827_obmo3ds2_.arc' into LogMiner" @service=redpanda-connect label="" path=root.input
time="2026-09-23T12:24:04+01:00" level=debug msg="Loaded ARCHIVED redo log file '/opt/oracle/oradata/recovery_area/FREE/archivelog/2026_09_15/o1_mf_1_828_obmo58wf_.arc' into LogMiner" @service=redpanda-connect label="" path=root.input
time="2026-09-23T12:24:04+01:00" level=debug msg="Loaded ARCHIVED redo log file '/opt/oracle/oradata/recovery_area/FREE/archivelog/2026_09_15/o1_mf_1_829_obmo74z5_.arc' into LogMiner" @service=redpanda-connect label="" path=root.input
time="2026-09-23T12:24:04+01:00" level=debug msg="Loaded ARCHIVED redo log file '/opt/oracle/oradata/recovery_area/FREE/archivelog/2026_09_15/o1_mf_1_830_obmo9133_.arc' into LogMiner" @service=redpanda-connect label="" path=root.input
time="2026-09-23T12:24:04+01:00" level=debug msg="Loaded ARCHIVED redo log file '/opt/oracle/oradata/recovery_area/FREE/archivelog/2026_09_15/o1_mf_1_831_obmoc06r_.arc' into LogMiner" @service=redpanda-connect label="" path=root.input
time="2026-09-23T12:24:04+01:00" level=debug msg="Loaded ARCHIVED redo log file '/opt/oracle/oradata/recovery_area/FREE/archivelog/2026_09_15/o1_mf_1_832_obmog4gm_.arc' into LogMiner" @service=redpanda-connect label="" path=root.input
time="2026-09-23T12:24:04+01:00" level=debug msg="Loaded ARCHIVED redo log file '/opt/oracle/oradata/recovery_area/FREE/archivelog/2026_09_15/o1_mf_1_833_obmoj0kk_.arc' into LogMiner" @service=redpanda-connect label="" path=root.input
time="2026-09-23T12:24:04+01:00" level=debug msg="Loaded ARCHIVED redo log file '/opt/oracle/oradata/recovery_area/FREE/archivelog/2026_09_15/o1_mf_1_834_obmokwn8_.arc' into LogMiner" @service=redpanda-connect label="" path=root.input
time="2026-09-23T12:24:04+01:00" level=debug msg="Loaded ARCHIVED redo log file '/opt/oracle/oradata/recovery_area/FREE/archivelog/2026_09_15/o1_mf_1_835_obmomrq6_.arc' into LogMiner" @service=redpanda-connect label="" path=root.input
time="2026-09-23T12:24:04+01:00" level=debug msg="Loaded ARCHIVED redo log file '/opt/oracle/oradata/recovery_area/FREE/archivelog/2026_09_15/o1_mf_1_836_obmoont5_.arc' into LogMiner" @service=redpanda-connect label="" path=root.input
time="2026-09-23T12:24:04+01:00" level=debug msg="Loaded ARCHIVED redo log file '/opt/oracle/oradata/recovery_area/FREE/archivelog/2026_09_15/o1_mf_1_837_obmoqjxc_.arc' into LogMiner" @service=redpanda-connect label="" path=root.input
time="2026-09-23T12:24:04+01:00" level=debug msg="Loaded ARCHIVED redo log file '/opt/oracle/oradata/recovery_area/FREE/archivelog/2026_09_15/o1_mf_1_838_obmosf04_.arc' into LogMiner" @service=redpanda-connect label="" path=root.input
time="2026-09-23T12:24:04+01:00" level=debug msg="Loaded ARCHIVED redo log file '/opt/oracle/oradata/recovery_area/FREE/archivelog/2026_09_15/o1_mf_1_839_obmov63c_.arc' into LogMiner" @service=redpanda-connect label="" path=root.input
time="2026-09-23T12:24:04+01:00" level=debug msg="Loaded ARCHIVED redo log file '/opt/oracle/oradata/recovery_area/FREE/archivelog/2026_09_15/o1_mf_1_840_obmox26p_.arc' into LogMiner" @service=redpanda-connect label="" path=root.input
time="2026-09-23T12:24:04+01:00" level=debug msg="Loaded ARCHIVED redo log file '/opt/oracle/oradata/recovery_area/FREE/archivelog/2026_09_15/o1_mf_1_841_obmoyy9q_.arc' into LogMiner" @service=redpanda-connect label="" path=root.input
time="2026-09-23T12:24:04+01:00" level=debug msg="Loaded ARCHIVED redo log file '/opt/oracle/oradata/recovery_area/FREE/archivelog/2026_09_15/o1_mf_1_842_obmp0td2_.arc' into LogMiner" @service=redpanda-connect label="" path=root.input
time="2026-09-23T12:24:04+01:00" level=debug msg="Loaded ARCHIVED redo log file '/opt/oracle/oradata/recovery_area/FREE/archivelog/2026_09_15/o1_mf_1_843_obmp2pgv_.arc' into LogMiner" @service=redpanda-connect label="" path=root.input
time="2026-09-23T12:24:04+01:00" level=debug msg="Loaded ARCHIVED redo log file '/opt/oracle/oradata/recovery_area/FREE/archivelog/2026_09_15/o1_mf_1_844_obmp4lkr_.arc' into LogMiner" @service=redpanda-connect label="" path=root.input
time="2026-09-23T12:24:04+01:00" level=debug msg="Loaded ARCHIVED redo log file '/opt/oracle/oradata/recovery_area/FREE/archivelog/2026_09_15/o1_mf_1_845_obmp6gnp_.arc' into LogMiner" @service=redpanda-connect label="" path=root.input
time="2026-09-23T12:24:04+01:00" level=debug msg="Loaded ARCHIVED redo log file '/opt/oracle/oradata/recovery_area/FREE/archivelog/2026_09_15/o1_mf_1_846_obmp8bqp_.arc' into LogMiner" @service=redpanda-connect label="" path=root.input
time="2026-09-23T12:24:04+01:00" level=debug msg="Loaded ARCHIVED redo log file '/opt/oracle/oradata/recovery_area/FREE/archivelog/2026_09_15/o1_mf_1_847_obmpb6tk_.arc' into LogMiner" @service=redpanda-connect label="" path=root.input
time="2026-09-23T12:24:04+01:00" level=debug msg="Loaded ARCHIVED redo log file '/opt/oracle/oradata/recovery_area/FREE/archivelog/2026_09_15/o1_mf_1_848_obmpd2xv_.arc' into LogMiner" @service=redpanda-connect label="" path=root.input
time="2026-09-23T12:24:04+01:00" level=debug msg="Loaded ARCHIVED redo log file '/opt/oracle/oradata/recovery_area/FREE/archivelog/2026_09_15/o1_mf_1_849_obmpfz15_.arc' into LogMiner" @service=redpanda-connect label="" path=root.input
time="2026-09-23T12:24:04+01:00" level=debug msg="Loaded ARCHIVED redo log file '/opt/oracle/oradata/recovery_area/FREE/archivelog/2026_09_15/o1_mf_1_850_obmphv4l_.arc' into LogMiner" @service=redpanda-connect label="" path=root.input
time="2026-09-23T12:24:04+01:00" level=debug msg="Loaded ARCHIVED redo log file '/opt/oracle/oradata/recovery_area/FREE/archivelog/2026_09_15/o1_mf_1_851_obmpkq8h_.arc' into LogMiner" @service=redpanda-connect label="" path=root.input
time="2026-09-23T12:24:04+01:00" level=debug msg="Loaded ARCHIVED redo log file '/opt/oracle/oradata/recovery_area/FREE/archivelog/2026_09_15/o1_mf_1_852_obmpmmcn_.arc' into LogMiner" @service=redpanda-connect label="" path=root.input
time="2026-09-23T12:24:04+01:00" level=debug msg="Loaded ARCHIVED redo log file '/opt/oracle/oradata/recovery_area/FREE/archivelog/2026_09_15/o1_mf_1_853_obmpohh9_.arc' into LogMiner" @service=redpanda-connect label="" path=root.input
time="2026-09-23T12:24:04+01:00" level=debug msg="Loaded ARCHIVED redo log file '/opt/oracle/oradata/recovery_area/FREE/archivelog/2026_09_15/o1_mf_1_854_obmpqcl6_.arc' into LogMiner" @service=redpanda-connect label="" path=root.input
time="2026-09-23T12:24:04+01:00" level=debug msg="Loaded ARCHIVED redo log file '/opt/oracle/oradata/recovery_area/FREE/archivelog/2026_09_15/o1_mf_1_855_obmps7ol_.arc' into LogMiner" @service=redpanda-connect label="" path=root.input
time="2026-09-23T12:24:04+01:00" level=debug msg="Loaded ARCHIVED redo log file '/opt/oracle/oradata/recovery_area/FREE/archivelog/2026_09_16/o1_mf_1_856_obmq7b6n_.arc' into LogMiner" @service=redpanda-connect label="" path=root.input
time="2026-09-23T12:24:04+01:00" level=debug msg="Loaded ARCHIVED redo log file '/opt/oracle/oradata/recovery_area/FREE/archivelog/2026_09_16/o1_mf_1_857_obmq9694_.arc' into LogMiner" @service=redpanda-connect label="" path=root.input
time="2026-09-23T12:24:04+01:00" level=debug msg="Loaded ARCHIVED redo log file '/opt/oracle/oradata/recovery_area/FREE/archivelog/2026_09_16/o1_mf_1_858_obmqc2d2_.arc' into LogMiner" @service=redpanda-connect label="" path=root.input
time="2026-09-23T12:24:04+01:00" level=debug msg="Loaded ARCHIVED redo log file '/opt/oracle/oradata/recovery_area/FREE/archivelog/2026_09_16/o1_mf_1_859_obmqdyg0_.arc' into LogMiner" @service=redpanda-connect label="" path=root.input
time="2026-09-23T12:24:04+01:00" level=debug msg="Loaded ARCHIVED redo log file '/opt/oracle/oradata/recovery_area/FREE/archivelog/2026_09_16/o1_mf_1_860_obmqgtlk_.arc' into LogMiner" @service=redpanda-connect label="" path=root.input
time="2026-09-23T12:24:04+01:00" level=debug msg="Loaded ARCHIVED redo log file '/opt/oracle/oradata/recovery_area/FREE/archivelog/2026_09_16/o1_mf_1_861_obmqjpoc_.arc' into LogMiner" @service=redpanda-connect label="" path=root.input
time="2026-09-23T12:24:04+01:00" level=debug msg="Loaded ARCHIVED redo log file '/opt/oracle/oradata/recovery_area/FREE/archivelog/2026_09_16/o1_mf_1_862_obmqllqw_.arc' into LogMiner" @service=redpanda-connect label="" path=root.input
time="2026-09-23T12:24:04+01:00" level=debug msg="Loaded ARCHIVED redo log file '/opt/oracle/oradata/recovery_area/FREE/archivelog/2026_09_16/o1_mf_1_863_obmqnktr_.arc' into LogMiner" @service=redpanda-connect label="" path=root.input
time="2026-09-23T12:24:04+01:00" level=debug msg="Loaded ARCHIVED redo log file '/opt/oracle/oradata/recovery_area/FREE/archivelog/2026_09_16/o1_mf_1_864_obmqpjxh_.arc' into LogMiner" @service=redpanda-connect label="" path=root.input
time="2026-09-23T12:24:04+01:00" level=debug msg="Loaded ARCHIVED redo log file '/opt/oracle/oradata/recovery_area/FREE/archivelog/2026_09_16/o1_mf_1_865_obmqrf0g_.arc' into LogMiner" @service=redpanda-connect label="" path=root.input
time="2026-09-23T12:24:04+01:00" level=debug msg="Loaded ARCHIVED redo log file '/opt/oracle/oradata/recovery_area/FREE/archivelog/2026_09_16/o1_mf_1_866_obmqt92l_.arc' into LogMiner" @service=redpanda-connect label="" path=root.input
time="2026-09-23T12:24:04+01:00" level=debug msg="Loaded ARCHIVED redo log file '/opt/oracle/oradata/recovery_area/FREE/archivelog/2026_09_16/o1_mf_1_867_obmqw55l_.arc' into LogMiner" @service=redpanda-connect label="" path=root.input
time="2026-09-23T12:24:04+01:00" level=debug msg="Loaded ARCHIVED redo log file '/opt/oracle/oradata/recovery_area/FREE/archivelog/2026_09_16/o1_mf_1_868_obmqy48r_.arc' into LogMiner" @service=redpanda-connect label="" path=root.input
time="2026-09-23T12:24:04+01:00" level=debug msg="Loaded ARCHIVED redo log file '/opt/oracle/oradata/recovery_area/FREE/archivelog/2026_09_16/o1_mf_1_869_obmr03cq_.arc' into LogMiner" @service=redpanda-connect label="" path=root.input
time="2026-09-23T12:24:04+01:00" level=debug msg="Loaded ARCHIVED redo log file '/opt/oracle/oradata/recovery_area/FREE/archivelog/2026_09_16/o1_mf_1_870_obmr1zgr_.arc' into LogMiner" @service=redpanda-connect label="" path=root.input
time="2026-09-23T12:24:04+01:00" level=debug msg="Loaded ARCHIVED redo log file '/opt/oracle/oradata/recovery_area/FREE/archivelog/2026_09_16/o1_mf_1_871_obmr3rl1_.arc' into LogMiner" @service=redpanda-connect label="" path=root.input
time="2026-09-23T12:24:04+01:00" level=debug msg="Loaded ARCHIVED redo log file '/opt/oracle/oradata/recovery_area/FREE/archivelog/2026_09_16/o1_mf_1_872_obmr5no5_.arc' into LogMiner" @service=redpanda-connect label="" path=root.input
time="2026-09-23T12:24:04+01:00" level=debug msg="Loaded ARCHIVED redo log file '/opt/oracle/oradata/recovery_area/FREE/archivelog/2026_09_16/o1_mf_1_873_obmr7jrn_.arc' into LogMiner" @service=redpanda-connect label="" path=root.input
time="2026-09-23T12:24:04+01:00" level=debug msg="Loaded ARCHIVED redo log file '/opt/oracle/oradata/recovery_area/FREE/archivelog/2026_09_16/o1_mf_1_874_obmr9dvw_.arc' into LogMiner" @service=redpanda-connect label="" path=root.input
time="2026-09-23T12:24:04+01:00" level=debug msg="Loaded ARCHIVED redo log file '/opt/oracle/oradata/recovery_area/FREE/archivelog/2026_09_16/o1_mf_1_875_obmrc8z5_.arc' into LogMiner" @service=redpanda-connect label="" path=root.input
time="2026-09-23T12:24:04+01:00" level=debug msg="Loaded ARCHIVED redo log file '/opt/oracle/oradata/recovery_area/FREE/archivelog/2026_09_16/o1_mf_1_876_obmrf53f_.arc' into LogMiner" @service=redpanda-connect label="" path=root.input
time="2026-09-23T12:24:04+01:00" level=debug msg="Loaded ARCHIVED redo log file '/opt/oracle/oradata/recovery_area/FREE/archivelog/2026_09_16/o1_mf_1_877_obms9v27_.arc' into LogMiner" @service=redpanda-connect label="" path=root.input
time="2026-09-23T12:24:04+01:00" level=debug msg="Loaded ARCHIVED redo log file '/opt/oracle/oradata/recovery_area/FREE/archivelog/2026_09_16/o1_mf_1_878_obmscq53_.arc' into LogMiner" @service=redpanda-connect label="" path=root.input
time="2026-09-23T12:24:04+01:00" level=debug msg="Loaded ARCHIVED redo log file '/opt/oracle/oradata/recovery_area/FREE/archivelog/2026_09_16/o1_mf_1_879_obmsfm94_.arc' into LogMiner" @service=redpanda-connect label="" path=root.input
time="2026-09-23T12:24:04+01:00" level=debug msg="Loaded ARCHIVED redo log file '/opt/oracle/oradata/recovery_area/FREE/archivelog/2026_09_16/o1_mf_1_880_obmshhd6_.arc' into LogMiner" @service=redpanda-connect label="" path=root.input
time="2026-09-23T12:24:04+01:00" level=debug msg="Loaded ARCHIVED redo log file '/opt/oracle/oradata/recovery_area/FREE/archivelog/2026_09_16/o1_mf_1_881_obmskcg4_.arc' into LogMiner" @service=redpanda-connect label="" path=root.input
time="2026-09-23T12:24:04+01:00" level=debug msg="Loaded ARCHIVED redo log file '/opt/oracle/oradata/recovery_area/FREE/archivelog/2026_09_16/o1_mf_1_882_obmsm7k1_.arc' into LogMiner" @service=redpanda-connect label="" path=root.input
time="2026-09-23T12:24:04+01:00" level=debug msg="Loaded ARCHIVED redo log file '/opt/oracle/oradata/recovery_area/FREE/archivelog/2026_09_16/o1_mf_1_883_obmso3no_.arc' into LogMiner" @service=redpanda-connect label="" path=root.input
time="2026-09-23T12:24:04+01:00" level=debug msg="Loaded ARCHIVED redo log file '/opt/oracle/oradata/recovery_area/FREE/archivelog/2026_09_16/o1_mf_1_884_obmspzr9_.arc' into LogMiner" @service=redpanda-connect label="" path=root.input
time="2026-09-23T12:24:04+01:00" level=debug msg="Loaded ARCHIVED redo log file '/opt/oracle/oradata/recovery_area/FREE/archivelog/2026_09_16/o1_mf_1_885_obmsrvv3_.arc' into LogMiner" @service=redpanda-connect label="" path=root.input
time="2026-09-23T12:24:04+01:00" level=debug msg="Loaded ARCHIVED redo log file '/opt/oracle/oradata/recovery_area/FREE/archivelog/2026_09_16/o1_mf_1_886_obmstqxn_.arc' into LogMiner" @service=redpanda-connect label="" path=root.input
time="2026-09-23T12:24:04+01:00" level=debug msg="Loaded ARCHIVED redo log file '/opt/oracle/oradata/recovery_area/FREE/archivelog/2026_09_16/o1_mf_1_887_obmswn17_.arc' into LogMiner" @service=redpanda-connect label="" path=root.input
time="2026-09-23T12:24:04+01:00" level=debug msg="Loaded ARCHIVED redo log file '/opt/oracle/oradata/recovery_area/FREE/archivelog/2026_09_16/o1_mf_1_888_obmsyj42_.arc' into LogMiner" @service=redpanda-connect label="" path=root.input
time="2026-09-23T12:24:04+01:00" level=debug msg="Loaded ARCHIVED redo log file '/opt/oracle/oradata/recovery_area/FREE/archivelog/2026_09_16/o1_mf_1_889_obmt0d6t_.arc' into LogMiner" @service=redpanda-connect label="" path=root.input
time="2026-09-23T12:24:04+01:00" level=debug msg="Loaded ARCHIVED redo log file '/opt/oracle/oradata/recovery_area/FREE/archivelog/2026_09_16/o1_mf_1_890_obmt289d_.arc' into LogMiner" @service=redpanda-connect label="" path=root.input
time="2026-09-23T12:24:04+01:00" level=debug msg="Loaded ARCHIVED redo log file '/opt/oracle/oradata/recovery_area/FREE/archivelog/2026_09_16/o1_mf_1_891_obmt44dy_.arc' into LogMiner" @service=redpanda-connect label="" path=root.input
time="2026-09-23T12:24:04+01:00" level=debug msg="Loaded ARCHIVED redo log file '/opt/oracle/oradata/recovery_area/FREE/archivelog/2026_09_16/o1_mf_1_892_obmt60hw_.arc' into LogMiner" @service=redpanda-connect label="" path=root.input
time="2026-09-23T12:24:04+01:00" level=debug msg="Loaded ARCHIVED redo log file '/opt/oracle/oradata/recovery_area/FREE/archivelog/2026_09_16/o1_mf_1_893_obmt7wmc_.arc' into LogMiner" @service=redpanda-connect label="" path=root.input
time="2026-09-23T12:24:04+01:00" level=debug msg="Loaded ARCHIVED redo log file '/opt/oracle/oradata/recovery_area/FREE/archivelog/2026_09_16/o1_mf_1_894_obmt9rq5_.arc' into LogMiner" @service=redpanda-connect label="" path=root.input
time="2026-09-23T12:24:04+01:00" level=debug msg="Loaded ARCHIVED redo log file '/opt/oracle/oradata/recovery_area/FREE/archivelog/2026_09_16/o1_mf_1_895_obmtcntw_.arc' into LogMiner" @service=redpanda-connect label="" path=root.input
time="2026-09-23T12:24:04+01:00" level=debug msg="Loaded ARCHIVED redo log file '/opt/oracle/oradata/recovery_area/FREE/archivelog/2026_09_16/o1_mf_1_896_obmtfjyj_.arc' into LogMiner" @service=redpanda-connect label="" path=root.input
time="2026-09-23T12:24:04+01:00" level=debug msg="Loaded ARCHIVED redo log file '/opt/oracle/oradata/recovery_area/FREE/archivelog/2026_09_16/o1_mf_1_897_obmthf26_.arc' into LogMiner" @service=redpanda-connect label="" path=root.input
time="2026-09-23T12:24:04+01:00" level=debug msg="Loaded ARCHIVED redo log file '/opt/oracle/oradata/recovery_area/FREE/archivelog/2026_09_16/o1_mf_1_898_obn192q2_.arc' into LogMiner" @service=redpanda-connect label="" path=root.input
time="2026-09-23T12:24:04+01:00" level=debug msg="Loaded ARCHIVED redo log file '/opt/oracle/oradata/recovery_area/FREE/archivelog/2026_09_16/o1_mf_1_899_obn9fhs6_.arc' into LogMiner" @service=redpanda-connect label="" path=root.input
time="2026-09-23T12:24:04+01:00" level=debug msg="Loaded ARCHIVED redo log file '/opt/oracle/oradata/recovery_area/FREE/archivelog/2026_09_16/o1_mf_1_900_obnlhmwj_.arc' into LogMiner" @service=redpanda-connect label="" path=root.input
time="2026-09-23T12:24:04+01:00" level=debug msg="Loaded ARCHIVED redo log file '/opt/oracle/oradata/recovery_area/FREE/archivelog/2026_09_16/o1_mf_1_901_obns0slc_.arc' into LogMiner" @service=redpanda-connect label="" path=root.input
time="2026-09-23T12:24:04+01:00" level=debug msg="Loaded ARCHIVED redo log file '/opt/oracle/oradata/recovery_area/FREE/archivelog/2026_09_16/o1_mf_1_902_obns2oom_.arc' into LogMiner" @service=redpanda-connect label="" path=root.input
time="2026-09-23T12:24:04+01:00" level=debug msg="Loaded ARCHIVED redo log file '/opt/oracle/oradata/recovery_area/FREE/archivelog/2026_09_16/o1_mf_1_903_obns4kr1_.arc' into LogMiner" @service=redpanda-connect label="" path=root.input
time="2026-09-23T12:24:04+01:00" level=debug msg="Loaded ARCHIVED redo log file '/opt/oracle/oradata/recovery_area/FREE/archivelog/2026_09_16/o1_mf_1_904_obns6fsn_.arc' into LogMiner" @service=redpanda-connect label="" path=root.input
time="2026-09-23T12:24:04+01:00" level=debug msg="Loaded ARCHIVED redo log file '/opt/oracle/oradata/recovery_area/FREE/archivelog/2026_09_16/o1_mf_1_905_obns89w7_.arc' into LogMiner" @service=redpanda-connect label="" path=root.input
time="2026-09-23T12:24:04+01:00" level=debug msg="Loaded ARCHIVED redo log file '/opt/oracle/oradata/recovery_area/FREE/archivelog/2026_09_16/o1_mf_1_906_obnsb5yh_.arc' into LogMiner" @service=redpanda-connect label="" path=root.input
time="2026-09-23T12:24:04+01:00" level=debug msg="Loaded ARCHIVED redo log file '/opt/oracle/oradata/recovery_area/FREE/archivelog/2026_09_16/o1_mf_1_907_obnsd21y_.arc' into LogMiner" @service=redpanda-connect label="" path=root.input
time="2026-09-23T12:24:04+01:00" level=debug msg="Loaded ARCHIVED redo log file '/opt/oracle/oradata/recovery_area/FREE/archivelog/2026_09_16/o1_mf_1_908_obnsfy4k_.arc' into LogMiner" @service=redpanda-connect label="" path=root.input
time="2026-09-23T12:24:04+01:00" level=debug msg="Loaded ARCHIVED redo log file '/opt/oracle/oradata/recovery_area/FREE/archivelog/2026_09_16/o1_mf_1_909_obnsht72_.arc' into LogMiner" @service=redpanda-connect label="" path=root.input
time="2026-09-23T12:24:04+01:00" level=debug msg="Loaded ARCHIVED redo log file '/opt/oracle/oradata/recovery_area/FREE/archivelog/2026_09_16/o1_mf_1_910_obnskp9n_.arc' into LogMiner" @service=redpanda-connect label="" path=root.input
time="2026-09-23T12:24:04+01:00" level=debug msg="Loaded ARCHIVED redo log file '/opt/oracle/oradata/recovery_area/FREE/archivelog/2026_09_16/o1_mf_1_911_obnsmldn_.arc' into LogMiner" @service=redpanda-connect label="" path=root.input
time="2026-09-23T12:24:04+01:00" level=debug msg="Loaded ARCHIVED redo log file '/opt/oracle/oradata/recovery_area/FREE/archivelog/2026_09_16/o1_mf_1_912_obnsoggg_.arc' into LogMiner" @service=redpanda-connect label="" path=root.input
time="2026-09-23T12:24:04+01:00" level=debug msg="Loaded ARCHIVED redo log file '/opt/oracle/oradata/recovery_area/FREE/archivelog/2026_09_16/o1_mf_1_913_obnsqbkj_.arc' into LogMiner" @service=redpanda-connect label="" path=root.input
time="2026-09-23T12:24:04+01:00" level=debug msg="Loaded ARCHIVED redo log file '/opt/oracle/oradata/recovery_area/FREE/archivelog/2026_09_16/o1_mf_1_914_obnss6mf_.arc' into LogMiner" @service=redpanda-connect label="" path=root.input
time="2026-09-23T12:24:04+01:00" level=debug msg="Loaded ARCHIVED redo log file '/opt/oracle/oradata/recovery_area/FREE/archivelog/2026_09_16/o1_mf_1_915_obnsv2op_.arc' into LogMiner" @service=redpanda-connect label="" path=root.input
time="2026-09-23T12:24:04+01:00" level=debug msg="Loaded ARCHIVED redo log file '/opt/oracle/oradata/recovery_area/FREE/archivelog/2026_09_16/o1_mf_1_916_obnswyr4_.arc' into LogMiner" @service=redpanda-connect label="" path=root.input
time="2026-09-23T12:24:04+01:00" level=debug msg="Loaded ARCHIVED redo log file '/opt/oracle/oradata/recovery_area/FREE/archivelog/2026_09_16/o1_mf_1_917_obnsyttz_.arc' into LogMiner" @service=redpanda-connect label="" path=root.input
time="2026-09-23T12:24:04+01:00" level=debug msg="Loaded ARCHIVED redo log file '/opt/oracle/oradata/recovery_area/FREE/archivelog/2026_09_16/o1_mf_1_918_obnt0pxt_.arc' into LogMiner" @service=redpanda-connect label="" path=root.input
time="2026-09-23T12:24:04+01:00" level=debug msg="Loaded ARCHIVED redo log file '/opt/oracle/oradata/recovery_area/FREE/archivelog/2026_09_16/o1_mf_1_919_obnt2m1g_.arc' into LogMiner" @service=redpanda-connect label="" path=root.input
time="2026-09-23T12:24:04+01:00" level=debug msg="Loaded ARCHIVED redo log file '/opt/oracle/oradata/recovery_area/FREE/archivelog/2026_09_16/o1_mf_1_920_obnt4h3g_.arc' into LogMiner" @service=redpanda-connect label="" path=root.input
time="2026-09-23T12:24:04+01:00" level=debug msg="Loaded ARCHIVED redo log file '/opt/oracle/oradata/recovery_area/FREE/archivelog/2026_09_16/o1_mf_1_921_obnt687y_.arc' into LogMiner" @service=redpanda-connect label="" path=root.input
time="2026-09-23T12:24:04+01:00" level=debug msg="Loaded ARCHIVED redo log file '/opt/oracle/oradata/recovery_area/FREE/archivelog/2026_09_16/o1_mf_1_922_obnt84c0_.arc' into LogMiner" @service=redpanda-connect label="" path=root.input
time="2026-09-23T12:24:04+01:00" level=debug msg="Loaded ARCHIVED redo log file '/opt/oracle/oradata/recovery_area/FREE/archivelog/2026_09_16/o1_mf_1_923_obntb0fw_.arc' into LogMiner" @service=redpanda-connect label="" path=root.input
time="2026-09-23T12:24:04+01:00" level=debug msg="Loaded ARCHIVED redo log file '/opt/oracle/oradata/recovery_area/FREE/archivelog/2026_09_16/o1_mf_1_924_obntcwk7_.arc' into LogMiner" @service=redpanda-connect label="" path=root.input
time="2026-09-23T12:24:04+01:00" level=debug msg="Loaded ARCHIVED redo log file '/opt/oracle/oradata/recovery_area/FREE/archivelog/2026_09_16/o1_mf_1_925_obntfrmh_.arc' into LogMiner" @service=redpanda-connect label="" path=root.input
time="2026-09-23T12:24:04+01:00" level=debug msg="Loaded ARCHIVED redo log file '/opt/oracle/oradata/recovery_area/FREE/archivelog/2026_09_16/o1_mf_1_926_obntklg5_.arc' into LogMiner" @service=redpanda-connect label="" path=root.input
time="2026-09-23T12:24:04+01:00" level=debug msg="Loaded ARCHIVED redo log file '/opt/oracle/oradata/recovery_area/FREE/archivelog/2026_09_16/o1_mf_1_927_obntmgjw_.arc' into LogMiner" @service=redpanda-connect label="" path=root.input
time="2026-09-23T12:24:04+01:00" level=debug msg="Loaded ARCHIVED redo log file '/opt/oracle/oradata/recovery_area/FREE/archivelog/2026_09_16/o1_mf_1_928_obntobl4_.arc' into LogMiner" @service=redpanda-connect label="" path=root.input
time="2026-09-23T12:24:04+01:00" level=debug msg="Loaded ARCHIVED redo log file '/opt/oracle/oradata/recovery_area/FREE/archivelog/2026_09_16/o1_mf_1_929_obntq6np_.arc' into LogMiner" @service=redpanda-connect label="" path=root.input
time="2026-09-23T12:24:04+01:00" level=debug msg="Loaded ARCHIVED redo log file '/opt/oracle/oradata/recovery_area/FREE/archivelog/2026_09_16/o1_mf_1_930_obnts2pm_.arc' into LogMiner" @service=redpanda-connect label="" path=root.input
time="2026-09-23T12:24:04+01:00" level=debug msg="Loaded ARCHIVED redo log file '/opt/oracle/oradata/recovery_area/FREE/archivelog/2026_09_16/o1_mf_1_931_obnttyrh_.arc' into LogMiner" @service=redpanda-connect label="" path=root.input
time="2026-09-23T12:24:04+01:00" level=debug msg="Loaded ARCHIVED redo log file '/opt/oracle/oradata/recovery_area/FREE/archivelog/2026_09_16/o1_mf_1_932_obntwtv6_.arc' into LogMiner" @service=redpanda-connect label="" path=root.input
time="2026-09-23T12:24:04+01:00" level=debug msg="Loaded ARCHIVED redo log file '/opt/oracle/oradata/recovery_area/FREE/archivelog/2026_09_16/o1_mf_1_933_obntypy8_.arc' into LogMiner" @service=redpanda-connect label="" path=root.input
time="2026-09-23T12:24:04+01:00" level=debug msg="Loaded ARCHIVED redo log file '/opt/oracle/oradata/recovery_area/FREE/archivelog/2026_09_16/o1_mf_1_934_obnv0m22_.arc' into LogMiner" @service=redpanda-connect label="" path=root.input
time="2026-09-23T12:24:04+01:00" level=debug msg="Loaded ARCHIVED redo log file '/opt/oracle/oradata/recovery_area/FREE/archivelog/2026_09_16/o1_mf_1_935_obnv2hkh_.arc' into LogMiner" @service=redpanda-connect label="" path=root.input
time="2026-09-23T12:24:04+01:00" level=debug msg="Loaded ARCHIVED redo log file '/opt/oracle/oradata/recovery_area/FREE/archivelog/2026_09_16/o1_mf_1_936_obnv4cv0_.arc' into LogMiner" @service=redpanda-connect label="" path=root.input
time="2026-09-23T12:24:04+01:00" level=debug msg="Loaded ARCHIVED redo log file '/opt/oracle/oradata/recovery_area/FREE/archivelog/2026_09_16/o1_mf_1_937_obnv681p_.arc' into LogMiner" @service=redpanda-connect label="" path=root.input
time="2026-09-23T12:24:04+01:00" level=debug msg="Loaded ARCHIVED redo log file '/opt/oracle/oradata/recovery_area/FREE/archivelog/2026_09_16/o1_mf_1_938_obnv84jo_.arc' into LogMiner" @service=redpanda-connect label="" path=root.input
time="2026-09-23T12:24:04+01:00" level=debug msg="Loaded ARCHIVED redo log file '/opt/oracle/oradata/recovery_area/FREE/archivelog/2026_09_16/o1_mf_1_939_obnvb0m6_.arc' into LogMiner" @service=redpanda-connect label="" path=root.input
time="2026-09-23T12:24:04+01:00" level=debug msg="Loaded ARCHIVED redo log file '/opt/oracle/oradata/recovery_area/FREE/archivelog/2026_09_16/o1_mf_1_940_obnvcwo0_.arc' into LogMiner" @service=redpanda-connect label="" path=root.input
time="2026-09-23T12:24:04+01:00" level=debug msg="Loaded ARCHIVED redo log file '/opt/oracle/oradata/recovery_area/FREE/archivelog/2026_09_16/o1_mf_1_941_obnvfrq3_.arc' into LogMiner" @service=redpanda-connect label="" path=root.input
time="2026-09-23T12:24:04+01:00" level=debug msg="Loaded ARCHIVED redo log file '/opt/oracle/oradata/recovery_area/FREE/archivelog/2026_09_16/o1_mf_1_942_obnvhnsq_.arc' into LogMiner" @service=redpanda-connect label="" path=root.input
time="2026-09-23T12:24:04+01:00" level=debug msg="Loaded ARCHIVED redo log file '/opt/oracle/oradata/recovery_area/FREE/archivelog/2026_09_16/o1_mf_1_943_obnvkjw5_.arc' into LogMiner" @service=redpanda-connect label="" path=root.input
time="2026-09-23T12:24:04+01:00" level=debug msg="Loaded ARCHIVED redo log file '/opt/oracle/oradata/recovery_area/FREE/archivelog/2026_09_16/o1_mf_1_944_obnvm9z2_.arc' into LogMiner" @service=redpanda-connect label="" path=root.input
time="2026-09-23T12:24:04+01:00" level=debug msg="Loaded ARCHIVED redo log file '/opt/oracle/oradata/recovery_area/FREE/archivelog/2026_09_16/o1_mf_1_945_obnvo62o_.arc' into LogMiner" @service=redpanda-connect label="" path=root.input
time="2026-09-23T12:24:04+01:00" level=debug msg="Loaded ARCHIVED redo log file '/opt/oracle/oradata/recovery_area/FREE/archivelog/2026_09_16/o1_mf_1_946_obnvq24z_.arc' into LogMiner" @service=redpanda-connect label="" path=root.input
time="2026-09-23T12:24:04+01:00" level=debug msg="Loaded ARCHIVED redo log file '/opt/oracle/oradata/recovery_area/FREE/archivelog/2026_09_16/o1_mf_1_947_obnvry86_.arc' into LogMiner" @service=redpanda-connect label="" path=root.input
time="2026-09-23T12:24:04+01:00" level=debug msg="Loaded ARCHIVED redo log file '/opt/oracle/oradata/recovery_area/FREE/archivelog/2026_09_16/o1_mf_1_948_obnvttc3_.arc' into LogMiner" @service=redpanda-connect label="" path=root.input
time="2026-09-23T12:24:04+01:00" level=debug msg="Loaded ARCHIVED redo log file '/opt/oracle/oradata/recovery_area/FREE/archivelog/2026_09_16/o1_mf_1_949_obnvwpfx_.arc' into LogMiner" @service=redpanda-connect label="" path=root.input
time="2026-09-23T12:24:04+01:00" level=debug msg="Loaded ARCHIVED redo log file '/opt/oracle/oradata/recovery_area/FREE/archivelog/2026_09_16/o1_mf_1_950_obnvyljj_.arc' into LogMiner" @service=redpanda-connect label="" path=root.input
time="2026-09-23T12:24:04+01:00" level=debug msg="Loaded ARCHIVED redo log file '/opt/oracle/oradata/recovery_area/FREE/archivelog/2026_09_16/o1_mf_1_951_obnw0gm2_.arc' into LogMiner" @service=redpanda-connect label="" path=root.input
time="2026-09-23T12:24:04+01:00" level=debug msg="Loaded ARCHIVED redo log file '/opt/oracle/oradata/recovery_area/FREE/archivelog/2026_09_16/o1_mf_1_952_obnw2bol_.arc' into LogMiner" @service=redpanda-connect label="" path=root.input
time="2026-09-23T12:24:04+01:00" level=debug msg="Loaded ARCHIVED redo log file '/opt/oracle/oradata/recovery_area/FREE/archivelog/2026_09_16/o1_mf_1_953_obnw46qt_.arc' into LogMiner" @service=redpanda-connect label="" path=root.input
time="2026-09-23T12:24:04+01:00" level=debug msg="Loaded ARCHIVED redo log file '/opt/oracle/oradata/recovery_area/FREE/archivelog/2026_09_16/o1_mf_1_954_obnw62sj_.arc' into LogMiner" @service=redpanda-connect label="" path=root.input
time="2026-09-23T12:24:04+01:00" level=debug msg="Loaded ARCHIVED redo log file '/opt/oracle/oradata/recovery_area/FREE/archivelog/2026_09_16/o1_mf_1_955_obnw7ytx_.arc' into LogMiner" @service=redpanda-connect label="" path=root.input
time="2026-09-23T12:24:04+01:00" level=debug msg="Loaded ARCHIVED redo log file '/opt/oracle/oradata/recovery_area/FREE/archivelog/2026_09_16/o1_mf_1_956_obnw9tw1_.arc' into LogMiner" @service=redpanda-connect label="" path=root.input
time="2026-09-23T12:24:04+01:00" level=debug msg="Loaded ARCHIVED redo log file '/opt/oracle/oradata/recovery_area/FREE/archivelog/2026_09_16/o1_mf_1_957_obnwcpxv_.arc' into LogMiner" @service=redpanda-connect label="" path=root.input
time="2026-09-23T12:24:04+01:00" level=debug msg="Loaded ARCHIVED redo log file '/opt/oracle/oradata/recovery_area/FREE/archivelog/2026_09_16/o1_mf_1_958_obnwfm1v_.arc' into LogMiner" @service=redpanda-connect label="" path=root.input
time="2026-09-23T12:24:04+01:00" level=debug msg="Loaded ARCHIVED redo log file '/opt/oracle/oradata/recovery_area/FREE/archivelog/2026_09_16/o1_mf_1_959_obnwhh43_.arc' into LogMiner" @service=redpanda-connect label="" path=root.input
time="2026-09-23T12:24:04+01:00" level=debug msg="Loaded ARCHIVED redo log file '/opt/oracle/oradata/recovery_area/FREE/archivelog/2026_09_16/o1_mf_1_960_obnwkc70_.arc' into LogMiner" @service=redpanda-connect label="" path=root.input
time="2026-09-23T12:24:04+01:00" level=debug msg="Loaded ARCHIVED redo log file '/opt/oracle/oradata/recovery_area/FREE/archivelog/2026_09_16/o1_mf_1_961_obnwm7b5_.arc' into LogMiner" @service=redpanda-connect label="" path=root.input
time="2026-09-23T12:24:04+01:00" level=debug msg="Loaded ARCHIVED redo log file '/opt/oracle/oradata/recovery_area/FREE/archivelog/2026_09_16/o1_mf_1_962_obnwo6fb_.arc' into LogMiner" @service=redpanda-connect label="" path=root.input
time="2026-09-23T12:24:04+01:00" level=debug msg="Loaded ARCHIVED redo log file '/opt/oracle/oradata/recovery_area/FREE/archivelog/2026_09_16/o1_mf_1_963_obnwq5hc_.arc' into LogMiner" @service=redpanda-connect label="" path=root.input
time="2026-09-23T12:24:04+01:00" level=debug msg="Loaded ARCHIVED redo log file '/opt/oracle/oradata/recovery_area/FREE/archivelog/2026_09_16/o1_mf_1_964_obnws1k8_.arc' into LogMiner" @service=redpanda-connect label="" path=root.input
time="2026-09-23T12:24:04+01:00" level=debug msg="Loaded ARCHIVED redo log file '/opt/oracle/oradata/recovery_area/FREE/archivelog/2026_09_16/o1_mf_1_965_obnwtxmy_.arc' into LogMiner" @service=redpanda-connect label="" path=root.input
time="2026-09-23T12:24:04+01:00" level=debug msg="Loaded ARCHIVED redo log file '/opt/oracle/oradata/recovery_area/FREE/archivelog/2026_09_16/o1_mf_1_966_obnwws4s_.arc' into LogMiner" @service=redpanda-connect label="" path=root.input
time="2026-09-23T12:24:04+01:00" level=debug msg="Loaded ARCHIVED redo log file '/opt/oracle/oradata/recovery_area/FREE/archivelog/2026_09_16/o1_mf_1_967_obnwyoxj_.arc' into LogMiner" @service=redpanda-connect label="" path=root.input
time="2026-09-23T12:24:04+01:00" level=debug msg="Loaded ARCHIVED redo log file '/opt/oracle/oradata/recovery_area/FREE/archivelog/2026_09_16/o1_mf_1_968_obnx0lkq_.arc' into LogMiner" @service=redpanda-connect label="" path=root.input
time="2026-09-23T12:24:04+01:00" level=debug msg="Loaded ARCHIVED redo log file '/opt/oracle/oradata/recovery_area/FREE/archivelog/2026_09_16/o1_mf_1_969_obnx2gvd_.arc' into LogMiner" @service=redpanda-connect label="" path=root.input
time="2026-09-23T12:24:04+01:00" level=debug msg="Started LogMiner session from SCN 112613453 to SCN 112813453" @service=redpanda-connect label="" path=root.input
time="2026-09-23T12:24:04+01:00" level=debug msg="Executing LogMiner query with SCN range (scn=112613453 to 112813453 with window 200000)" @service=redpanda-connect label="" path=root.input
time="2026-09-23T12:24:05+01:00" level=debug msg="LogMiner query returned first row after 482.298917ms (scn=112613453 to 112813453)" @service=redpanda-connect label="" path=root.input
time="2026-09-23T12:24:17+01:00" level=debug msg="Collected 603 redo log file(s) for LogMiner: [ARCHIVED ARCHIVED ARCHIVED ARCHIVED ARCHIVED ARCHIVED ARCHIVED ARCHIVED ARCHIVED ARCHIVED ARCHIVED ARCHIVED ARCHIVED ARCHIVED ARCHIVED ARCHIVED ARCHIVED ARCHIVED ARCHIVED ARCHIVED ARCHIVED ARCHIVED ARCHIVED ARCHIVED ARCHIVED ARCHIVED ARCHIVED ARCHIVED ARCHIVED ARCHIVED ARCHIVED ARCHIVED ARCHIVED ARCHIVED ARCHIVED ARCHIVED ARCHIVED ARCHIVED ARCHIVED ARCHIVED ARCHIVED ARCHIVED ARCHIVED ARCHIVED ARCHIVED ARCHIVED ARCHIVED ARCHIVED ARCHIVED ARCHIVED ARCHIVED ARCHIVED ARCHIVED ARCHIVED ARCHIVED ARCHIVED ARCHIVED ARCHIVED ARCHIVED ARCHIVED ARCHIVED ARCHIVED ARCHIVED ARCHIVED ARCHIVED ARCHIVED ARCHIVED ARCHIVED ARCHIVED ARCHIVED ARCHIVED ARCHIVED ARCHIVED ARCHIVED ARCHIVED ARCHIVED ARCHIVED ARCHIVED ARCHIVED ARCHIVED ARCHIVED ARCHIVED ARCHIVED ARCHIVED ARCHIVED ARCHIVED ARCHIVED ARCHIVED ARCHIVED ARCHIVED ARCHIVED ARCHIVED ARCHIVED ARCHIVED ARCHIVED ARCHIVED ARCHIVED ARCHIVED ARCHIVED ARCHIVED ARCHIVED ARCHIVED ARCHIVED ARCHIVED ARCHIVED ARCHIVED ARCHIVED ARCHIVED ARCHIVED ARCHIVED ARCHIVED ARCHIVED ARCHIVED ARCHIVED ARCHIVED ARCHIVED ARCHIVED ARCHIVED ARCHIVED ARCHIVED ARCHIVED ARCHIVED ARCHIVED ARCHIVED ARCHIVED ARCHIVED ARCHIVED ARCHIVED ARCHIVED ARCHIVED ARCHIVED ARCHIVED ARCHIVED ARCHIVED ARCHIVED ARCHIVED ARCHIVED ARCHIVED ARCHIVED ARCHIVED ARCHIVED ARCHIVED ARCHIVED ARCHIVED ARCHIVED ARCHIVED ARCHIVED ARCHIVED ARCHIVED ARCHIVED ARCHIVED ARCHIVED ARCHIVED ARCHIVED ARCHIVED ARCHIVED ARCHIVED ARCHIVED ARCHIVED ARCHIVED ARCHIVED ARCHIVED ARCHIVED ARCHIVED ARCHIVED ARCHIVED ARCHIVED ARCHIVED ARCHIVED ARCHIVED ARCHIVED ARCHIVED ARCHIVED ARCHIVED ARCHIVED ARCHIVED ARCHIVED ARCHIVED ARCHIVED ARCHIVED ARCHIVED ARCHIVED ARCHIVED ARCHIVED ARCHIVED ARCHIVED ARCHIVED ARCHIVED ARCHIVED ARCHIVED ARCHIVED ARCHIVED ARCHIVED ARCHIVED ARCHIVED ARCHIVED ARCHIVED ARCHIVED ARCHIVED ARCHIVED ARCHIVED ARCHIVED ARCHIVED ARCHIVED ARCHIVED ARCHIVED ARCHIVED ARCHIVED ARCHIVED ARCHIVED ARCHIVED ARCHIVED ARCHIVED ARCHIVED ARCHIVED ARCHIVED ARCHIVED ARCHIVED ARCHIVED ARCHIVED ARCHIVED ARCHIVED ARCHIVED ARCHIVED ARCHIVED ARCHIVED ARCHIVED ARCHIVED ARCHIVED ARCHIVED ARCHIVED ARCHIVED ARCHIVED ARCHIVED ARCHIVED ARCHIVED ARCHIVED ARCHIVED ARCHIVED ARCHIVED ARCHIVED ARCHIVED ARCHIVED ARCHIVED ARCHIVED ARCHIVED ARCHIVED ARCHIVED ARCHIVED ARCHIVED ARCHIVED ARCHIVED ARCHIVED ARCHIVED ARCHIVED ARCHIVED ARCHIVED ARCHIVED ARCHIVED ARCHIVED ARCHIVED ARCHIVED ARCHIVED ARCHIVED ARCHIVED ARCHIVED ARCHIVED ARCHIVED ARCHIVED ARCHIVED ARCHIVED ARCHIVED ARCHIVED ARCHIVED ARCHIVED ARCHIVED ARCHIVED ARCHIVED ARCHIVED ARCHIVED ARCHIVED ARCHIVED ARCHIVED ARCHIVED ARCHIVED ARCHIVED ARCHIVED ARCHIVED ARCHIVED ARCHIVED ARCHIVED ARCHIVED ARCHIVED ARCHIVED ARCHIVED ARCHIVED ARCHIVED ARCHIVED ARCHIVED ARCHIVED ARCHIVED ARCHIVED ARCHIVED ARCHIVED ARCHIVED ARCHIVED ARCHIVED ARCHIVED ARCHIVED ARCHIVED ARCHIVED ARCHIVED ARCHIVED ARCHIVED ARCHIVED ARCHIVED ARCHIVED ARCHIVED ARCHIVED ARCHIVED ARCHIVED ARCHIVED ARCHIVED ARCHIVED ARCHIVED ARCHIVED ARCHIVED ARCHIVED ARCHIVED ARCHIVED ARCHIVED ARCHIVED ARCHIVED ARCHIVED ARCHIVED ARCHIVED ARCHIVED ARCHIVED ARCHIVED ARCHIVED ARCHIVED ARCHIVED ARCHIVED ARCHIVED ARCHIVED ARCHIVED ARCHIVED ARCHIVED ARCHIVED ARCHIVED ARCHIVED ARCHIVED ARCHIVED ARCHIVED ARCHIVED ARCHIVED ARCHIVED ARCHIVED ARCHIVED ARCHIVED ARCHIVED ARCHIVED ARCHIVED ARCHIVED ARCHIVED ARCHIVED ARCHIVED ARCHIVED ARCHIVED ARCHIVED ARCHIVED ARCHIVED ARCHIVED ARCHIVED ARCHIVED ARCHIVED ARCHIVED ARCHIVED ARCHIVED ARCHIVED ARCHIVED ARCHIVED ARCHIVED ARCHIVED ARCHIVED ARCHIVED ARCHIVED ARCHIVED ARCHIVED ARCHIVED ARCHIVED ARCHIVED ARCHIVED ARCHIVED ARCHIVED ARCHIVED ARCHIVED ARCHIVED ARCHIVED ARCHIVED ARCHIVED ARCHIVED ARCHIVED ARCHIVED ARCHIVED ARCHIVED ARCHIVED ARCHIVED ARCHIVED ARCHIVED ARCHIVED ARCHIVED ARCHIVED ARCHIVED ARCHIVED ARCHIVED ARCHIVED ARCHIVED ARCHIVED ARCHIVED ARCHIVED ARCHIVED ARCHIVED ARCHIVED ARCHIVED ARCHIVED ARCHIVED ARCHIVED ARCHIVED ARCHIVED ARCHIVED ARCHIVED ARCHIVED ARCHIVED ARCHIVED ARCHIVED ARCHIVED ARCHIVED ARCHIVED ARCHIVED ARCHIVED ARCHIVED ARCHIVED ARCHIVED ARCHIVED ARCHIVED ARCHIVED ARCHIVED ARCHIVED ARCHIVED ARCHIVED ARCHIVED ARCHIVED ARCHIVED ARCHIVED ARCHIVED ARCHIVED ARCHIVED ARCHIVED ARCHIVED ARCHIVED ARCHIVED ARCHIVED ARCHIVED ARCHIVED ARCHIVED ARCHIVED ARCHIVED ARCHIVED ARCHIVED ARCHIVED ARCHIVED ARCHIVED ARCHIVED ARCHIVED ARCHIVED ARCHIVED ARCHIVED ARCHIVED ARCHIVED ARCHIVED ARCHIVED ARCHIVED ARCHIVED ARCHIVED ARCHIVED ARCHIVED ARCHIVED ARCHIVED ARCHIVED ARCHIVED ARCHIVED ARCHIVED ARCHIVED ARCHIVED ARCHIVED ARCHIVED ARCHIVED ARCHIVED ARCHIVED ARCHIVED ARCHIVED ARCHIVED ARCHIVED ARCHIVED ARCHIVED ARCHIVED ARCHIVED ARCHIVED ARCHIVED ARCHIVED ARCHIVED ARCHIVED ARCHIVED ARCHIVED ARCHIVED ARCHIVED ARCHIVED ARCHIVED ARCHIVED ARCHIVED ARCHIVED ARCHIVED ARCHIVED ARCHIVED ARCHIVED ARCHIVED ARCHIVED ARCHIVED ARCHIVED ARCHIVED ARCHIVED ARCHIVED ARCHIVED ARCHIVED ARCHIVED ARCHIVED ARCHIVED ARCHIVED ARCHIVED ARCHIVED ARCHIVED ARCHIVED ARCHIVED ARCHIVED ARCHIVED ARCHIVED ARCHIVED ARCHIVED ARCHIVED ARCHIVED ARCHIVED ARCHIVED ARCHIVED ARCHIVED ARCHIVED ARCHIVED ARCHIVED ARCHIVED ARCHIVED ARCHIVED ARCHIVED ARCHIVED ARCHIVED ARCHIVED ARCHIVED ARCHIVED ARCHIVED ARCHIVED ARCHIVED ARCHIVED ARCHIVED ARCHIVED ARCHIVED ARCHIVED ARCHIVED ARCHIVED ARCHIVED ARCHIVED ARCHIVED ARCHIVED ARCHIVED ARCHIVED ARCHIVED ARCHIVED ARCHIVED ARCHIVED ARCHIVED ARCHIVED ARCHIVED ARCHIVED ARCHIVED ARCHIVED ARCHIVED ARCHIVED ARCHIVED ARCHIVED ARCHIVED ARCHIVED ARCHIVED ARCHIVED ARCHIVED ARCHIVED]" @service=redpanda-connect label="" path=root.input
time="2026-09-23T12:24:17+01:00" level=debug msg="Loaded ARCHIVED redo log file '/opt/oracle/oradata/recovery_area/FREE/archivelog/2026_09_16/o1_mf_1_969_obnx2gvd_.arc' into LogMiner" @service=redpanda-connect label="" path=root.input
time="2026-09-23T12:24:17+01:00" level=debug msg="Loaded ARCHIVED redo log file '/opt/oracle/oradata/recovery_area/FREE/archivelog/2026_09_16/o1_mf_1_970_obnx4bx4_.arc' into LogMiner" @service=redpanda-connect label="" path=root.input
time="2026-09-23T12:24:17+01:00" level=debug msg="Loaded ARCHIVED redo log file '/opt/oracle/oradata/recovery_area/FREE/archivelog/2026_09_16/o1_mf_1_971_obnx6440_.arc' into LogMiner" @service=redpanda-connect label="" path=root.input
time="2026-09-23T12:24:17+01:00" level=debug msg="Loaded ARCHIVED redo log file '/opt/oracle/oradata/recovery_area/FREE/archivelog/2026_09_16/o1_mf_1_972_obnx8069_.arc' into LogMiner" @service=redpanda-connect label="" path=root.input
time="2026-09-23T12:24:17+01:00" level=debug msg="Loaded ARCHIVED redo log file '/opt/oracle/oradata/recovery_area/FREE/archivelog/2026_09_16/o1_mf_1_973_obnx9w95_.arc' into LogMiner" @service=redpanda-connect label="" path=root.input
time="2026-09-23T12:24:17+01:00" level=debug msg="Loaded ARCHIVED redo log file '/opt/oracle/oradata/recovery_area/FREE/archivelog/2026_09_16/o1_mf_1_974_obnxcrd7_.arc' into LogMiner" @service=redpanda-connect label="" path=root.input
time="2026-09-23T12:24:17+01:00" level=debug msg="Loaded ARCHIVED redo log file '/opt/oracle/oradata/recovery_area/FREE/archivelog/2026_09_16/o1_mf_1_975_obnxfnh4_.arc' into LogMiner" @service=redpanda-connect label="" path=root.input
time="2026-09-23T12:24:17+01:00" level=debug msg="Loaded ARCHIVED redo log file '/opt/oracle/oradata/recovery_area/FREE/archivelog/2026_09_16/o1_mf_1_976_obnxhjjt_.arc' into LogMiner" @service=redpanda-connect label="" path=root.input
time="2026-09-23T12:24:17+01:00" level=debug msg="Loaded ARCHIVED redo log file '/opt/oracle/oradata/recovery_area/FREE/archivelog/2026_09_16/o1_mf_1_977_obnxkdn3_.arc' into LogMiner" @service=redpanda-connect label="" path=root.input
time="2026-09-23T12:24:17+01:00" level=debug msg="Loaded ARCHIVED redo log file '/opt/oracle/oradata/recovery_area/FREE/archivelog/2026_09_16/o1_mf_1_978_obnxm8q0_.arc' into LogMiner" @service=redpanda-connect label="" path=root.input
time="2026-09-23T12:24:17+01:00" level=debug msg="Loaded ARCHIVED redo log file '/opt/oracle/oradata/recovery_area/FREE/archivelog/2026_09_16/o1_mf_1_979_obnxo4t8_.arc' into LogMiner" @service=redpanda-connect label="" path=root.input
time="2026-09-23T12:24:17+01:00" level=debug msg="Loaded ARCHIVED redo log file '/opt/oracle/oradata/recovery_area/FREE/archivelog/2026_09_16/o1_mf_1_980_obnxq0w5_.arc' into LogMiner" @service=redpanda-connect label="" path=root.input
time="2026-09-23T12:24:17+01:00" level=debug msg="Loaded ARCHIVED redo log file '/opt/oracle/oradata/recovery_area/FREE/archivelog/2026_09_16/o1_mf_1_981_obnxrwyk_.arc' into LogMiner" @service=redpanda-connect label="" path=root.input
time="2026-09-23T12:24:17+01:00" level=debug msg="Loaded ARCHIVED redo log file '/opt/oracle/oradata/recovery_area/FREE/archivelog/2026_09_16/o1_mf_1_982_obnxts1v_.arc' into LogMiner" @service=redpanda-connect label="" path=root.input
time="2026-09-23T12:24:17+01:00" level=debug msg="Loaded ARCHIVED redo log file '/opt/oracle/oradata/recovery_area/FREE/archivelog/2026_09_16/o1_mf_1_983_obnxwo42_.arc' into LogMiner" @service=redpanda-connect label="" path=root.input
time="2026-09-23T12:24:17+01:00" level=debug msg="Loaded ARCHIVED redo log file '/opt/oracle/oradata/recovery_area/FREE/archivelog/2026_09_16/o1_mf_1_984_obnxyk6p_.arc' into LogMiner" @service=redpanda-connect label="" path=root.input
time="2026-09-23T12:24:17+01:00" level=debug msg="Loaded ARCHIVED redo log file '/opt/oracle/oradata/recovery_area/FREE/archivelog/2026_09_16/o1_mf_1_985_obny0f9h_.arc' into LogMiner" @service=redpanda-connect label="" path=root.input
time="2026-09-23T12:24:17+01:00" level=debug msg="Loaded ARCHIVED redo log file '/opt/oracle/oradata/recovery_area/FREE/archivelog/2026_09_16/o1_mf_1_986_obny29df_.arc' into LogMiner" @service=redpanda-connect label="" path=root.input
time="2026-09-23T12:24:17+01:00" level=debug msg="Loaded ARCHIVED redo log file '/opt/oracle/oradata/recovery_area/FREE/archivelog/2026_09_16/o1_mf_1_987_obny45gq_.arc' into LogMiner" @service=redpanda-connect label="" path=root.input
time="2026-09-23T12:24:17+01:00" level=debug msg="Loaded ARCHIVED redo log file '/opt/oracle/oradata/recovery_area/FREE/archivelog/2026_09_16/o1_mf_1_988_obny61k6_.arc' into LogMiner" @service=redpanda-connect label="" path=root.input
time="2026-09-23T12:24:17+01:00" level=debug msg="Loaded ARCHIVED redo log file '/opt/oracle/oradata/recovery_area/FREE/archivelog/2026_09_16/o1_mf_1_989_obny7xmk_.arc' into LogMiner" @service=redpanda-connect label="" path=root.input
time="2026-09-23T12:24:17+01:00" level=debug msg="Loaded ARCHIVED redo log file '/opt/oracle/oradata/recovery_area/FREE/archivelog/2026_09_16/o1_mf_1_990_obny9soq_.arc' into LogMiner" @service=redpanda-connect label="" path=root.input
time="2026-09-23T12:24:17+01:00" level=debug msg="Loaded ARCHIVED redo log file '/opt/oracle/oradata/recovery_area/FREE/archivelog/2026_09_16/o1_mf_1_991_obnycor4_.arc' into LogMiner" @service=redpanda-connect label="" path=root.input
time="2026-09-23T12:24:17+01:00" level=debug msg="Loaded ARCHIVED redo log file '/opt/oracle/oradata/recovery_area/FREE/archivelog/2026_09_16/o1_mf_1_992_obnyfktn_.arc' into LogMiner" @service=redpanda-connect label="" path=root.input
time="2026-09-23T12:24:17+01:00" level=debug msg="Loaded ARCHIVED redo log file '/opt/oracle/oradata/recovery_area/FREE/archivelog/2026_09_16/o1_mf_1_993_obnyhfxq_.arc' into LogMiner" @service=redpanda-connect label="" path=root.input
time="2026-09-23T12:24:17+01:00" level=debug msg="Loaded ARCHIVED redo log file '/opt/oracle/oradata/recovery_area/FREE/archivelog/2026_09_16/o1_mf_1_994_obnykb1b_.arc' into LogMiner" @service=redpanda-connect label="" path=root.input
time="2026-09-23T12:24:17+01:00" level=debug msg="Loaded ARCHIVED redo log file '/opt/oracle/oradata/recovery_area/FREE/archivelog/2026_09_16/o1_mf_1_995_obnym63p_.arc' into LogMiner" @service=redpanda-connect label="" path=root.input
time="2026-09-23T12:24:17+01:00" level=debug msg="Loaded ARCHIVED redo log file '/opt/oracle/oradata/recovery_area/FREE/archivelog/2026_09_16/o1_mf_1_996_obnyo25o_.arc' into LogMiner" @service=redpanda-connect label="" path=root.input
time="2026-09-23T12:24:17+01:00" level=debug msg="Loaded ARCHIVED redo log file '/opt/oracle/oradata/recovery_area/FREE/archivelog/2026_09_16/o1_mf_1_997_obnypy87_.arc' into LogMiner" @service=redpanda-connect label="" path=root.input
time="2026-09-23T12:24:17+01:00" level=debug msg="Loaded ARCHIVED redo log file '/opt/oracle/oradata/recovery_area/FREE/archivelog/2026_09_16/o1_mf_1_998_obnyrtbr_.arc' into LogMiner" @service=redpanda-connect label="" path=root.input
time="2026-09-23T12:24:17+01:00" level=debug msg="Loaded ARCHIVED redo log file '/opt/oracle/oradata/recovery_area/FREE/archivelog/2026_09_16/o1_mf_1_999_obnytpfk_.arc' into LogMiner" @service=redpanda-connect label="" path=root.input
time="2026-09-23T12:24:17+01:00" level=debug msg="Loaded ARCHIVED redo log file '/opt/oracle/oradata/recovery_area/FREE/archivelog/2026_09_16/o1_mf_1_1000_obnywlhj_.arc' into LogMiner" @service=redpanda-connect label="" path=root.input
time="2026-09-23T12:24:17+01:00" level=debug msg="Loaded ARCHIVED redo log file '/opt/oracle/oradata/recovery_area/FREE/archivelog/2026_09_16/o1_mf_1_1001_obnyygl0_.arc' into LogMiner" @service=redpanda-connect label="" path=root.input
time="2026-09-23T12:24:17+01:00" level=debug msg="Loaded ARCHIVED redo log file '/opt/oracle/oradata/recovery_area/FREE/archivelog/2026_09_16/o1_mf_1_1002_obnz0bnz_.arc' into LogMiner" @service=redpanda-connect label="" path=root.input
time="2026-09-23T12:24:17+01:00" level=debug msg="Loaded ARCHIVED redo log file '/opt/oracle/oradata/recovery_area/FREE/archivelog/2026_09_16/o1_mf_1_1003_obnz26q3_.arc' into LogMiner" @service=redpanda-connect label="" path=root.input
time="2026-09-23T12:24:17+01:00" level=debug msg="Loaded ARCHIVED redo log file '/opt/oracle/oradata/recovery_area/FREE/archivelog/2026_09_16/o1_mf_1_1004_obnz40dw_.arc' into LogMiner" @service=redpanda-connect label="" path=root.input
time="2026-09-23T12:24:17+01:00" level=debug msg="Loaded ARCHIVED redo log file '/opt/oracle/oradata/recovery_area/FREE/archivelog/2026_09_16/o1_mf_1_1005_obnz5whp_.arc' into LogMiner" @service=redpanda-connect label="" path=root.input
time="2026-09-23T12:24:17+01:00" level=debug msg="Loaded ARCHIVED redo log file '/opt/oracle/oradata/recovery_area/FREE/archivelog/2026_09_16/o1_mf_1_1006_obnz7rln_.arc' into LogMiner" @service=redpanda-connect label="" path=root.input
time="2026-09-23T12:24:17+01:00" level=debug msg="Loaded ARCHIVED redo log file '/opt/oracle/oradata/recovery_area/FREE/archivelog/2026_09_16/o1_mf_1_1007_obnz9nr8_.arc' into LogMiner" @service=redpanda-connect label="" path=root.input
time="2026-09-23T12:24:17+01:00" level=debug msg="Loaded ARCHIVED redo log file '/opt/oracle/oradata/recovery_area/FREE/archivelog/2026_09_16/o1_mf_1_1008_obnzcjsp_.arc' into LogMiner" @service=redpanda-connect label="" path=root.input
time="2026-09-23T12:24:17+01:00" level=debug msg="Loaded ARCHIVED redo log file '/opt/oracle/oradata/recovery_area/FREE/archivelog/2026_09_16/o1_mf_1_1009_obnzfdy2_.arc' into LogMiner" @service=redpanda-connect label="" path=root.input
time="2026-09-23T12:24:17+01:00" level=debug msg="Loaded ARCHIVED redo log file '/opt/oracle/oradata/recovery_area/FREE/archivelog/2026_09_16/o1_mf_1_1010_obnzh9ho_.arc' into LogMiner" @service=redpanda-connect label="" path=root.input
time="2026-09-23T12:24:17+01:00" level=debug msg="Loaded ARCHIVED redo log file '/opt/oracle/oradata/recovery_area/FREE/archivelog/2026_09_16/o1_mf_1_1011_obnzk5kw_.arc' into LogMiner" @service=redpanda-connect label="" path=root.input
time="2026-09-23T12:24:17+01:00" level=debug msg="Loaded ARCHIVED redo log file '/opt/oracle/oradata/recovery_area/FREE/archivelog/2026_09_16/o1_mf_1_1012_obnzm22n_.arc' into LogMiner" @service=redpanda-connect label="" path=root.input
time="2026-09-23T12:24:17+01:00" level=debug msg="Loaded ARCHIVED redo log file '/opt/oracle/oradata/recovery_area/FREE/archivelog/2026_09_16/o1_mf_1_1013_obnznyfp_.arc' into LogMiner" @service=redpanda-connect label="" path=root.input
time="2026-09-23T12:24:17+01:00" level=debug msg="Loaded ARCHIVED redo log file '/opt/oracle/oradata/recovery_area/FREE/archivelog/2026_09_16/o1_mf_1_1014_obnzpv06_.arc' into LogMiner" @service=redpanda-connect label="" path=root.input
time="2026-09-23T12:24:17+01:00" level=debug msg="Loaded ARCHIVED redo log file '/opt/oracle/oradata/recovery_area/FREE/archivelog/2026_09_16/o1_mf_1_1015_obnzrq1s_.arc' into LogMiner" @service=redpanda-connect label="" path=root.input
time="2026-09-23T12:24:17+01:00" level=debug msg="Loaded ARCHIVED redo log file '/opt/oracle/oradata/recovery_area/FREE/archivelog/2026_09_16/o1_mf_1_1016_obnztp3k_.arc' into LogMiner" @service=redpanda-connect label="" path=root.input
time="2026-09-23T12:24:17+01:00" level=debug msg="Loaded ARCHIVED redo log file '/opt/oracle/oradata/recovery_area/FREE/archivelog/2026_09_16/o1_mf_1_1017_obnzwl5l_.arc' into LogMiner" @service=redpanda-connect label="" path=root.input
time="2026-09-23T12:24:17+01:00" level=debug msg="Loaded ARCHIVED redo log file '/opt/oracle/oradata/recovery_area/FREE/archivelog/2026_09_16/o1_mf_1_1018_obnzyg7v_.arc' into LogMiner" @service=redpanda-connect label="" path=root.input
time="2026-09-23T12:24:17+01:00" level=debug msg="Loaded ARCHIVED redo log file '/opt/oracle/oradata/recovery_area/FREE/archivelog/2026_09_16/o1_mf_1_1019_obo00bb0_.arc' into LogMiner" @service=redpanda-connect label="" path=root.input
time="2026-09-23T12:24:17+01:00" level=debug msg="Loaded ARCHIVED redo log file '/opt/oracle/oradata/recovery_area/FREE/archivelog/2026_09_16/o1_mf_1_1020_obo026dd_.arc' into LogMiner" @service=redpanda-connect label="" path=root.input
time="2026-09-23T12:24:17+01:00" level=debug msg="Loaded ARCHIVED redo log file '/opt/oracle/oradata/recovery_area/FREE/archivelog/2026_09_16/o1_mf_1_1021_obo042hh_.arc' into LogMiner" @service=redpanda-connect label="" path=root.input
time="2026-09-23T12:24:17+01:00" level=debug msg="Loaded ARCHIVED redo log file '/opt/oracle/oradata/recovery_area/FREE/archivelog/2026_09_16/o1_mf_1_1022_obo05ykx_.arc' into LogMiner" @service=redpanda-connect label="" path=root.input
time="2026-09-23T12:24:17+01:00" level=debug msg="Loaded ARCHIVED redo log file '/opt/oracle/oradata/recovery_area/FREE/archivelog/2026_09_16/o1_mf_1_1023_obo07tn7_.arc' into LogMiner" @service=redpanda-connect label="" path=root.input
time="2026-09-23T12:24:17+01:00" level=debug msg="Loaded ARCHIVED redo log file '/opt/oracle/oradata/recovery_area/FREE/archivelog/2026_09_16/o1_mf_1_1024_obo09pqc_.arc' into LogMiner" @service=redpanda-connect label="" path=root.input
time="2026-09-23T12:24:17+01:00" level=debug msg="Loaded ARCHIVED redo log file '/opt/oracle/oradata/recovery_area/FREE/archivelog/2026_09_16/o1_mf_1_1025_obo0cltd_.arc' into LogMiner" @service=redpanda-connect label="" path=root.input
time="2026-09-23T12:24:17+01:00" level=debug msg="Loaded ARCHIVED redo log file '/opt/oracle/oradata/recovery_area/FREE/archivelog/2026_09_16/o1_mf_1_1026_obo0fgwz_.arc' into LogMiner" @service=redpanda-connect label="" path=root.input
time="2026-09-23T12:24:17+01:00" level=debug msg="Loaded ARCHIVED redo log file '/opt/oracle/oradata/recovery_area/FREE/archivelog/2026_09_16/o1_mf_1_1027_obo0hc0x_.arc' into LogMiner" @service=redpanda-connect label="" path=root.input
time="2026-09-23T12:24:17+01:00" level=debug msg="Loaded ARCHIVED redo log file '/opt/oracle/oradata/recovery_area/FREE/archivelog/2026_09_16/o1_mf_1_1028_obo0k73f_.arc' into LogMiner" @service=redpanda-connect label="" path=root.input
time="2026-09-23T12:24:17+01:00" level=debug msg="Loaded ARCHIVED redo log file '/opt/oracle/oradata/recovery_area/FREE/archivelog/2026_09_16/o1_mf_1_1029_obo0m35w_.arc' into LogMiner" @service=redpanda-connect label="" path=root.input
time="2026-09-23T12:24:17+01:00" level=debug msg="Loaded ARCHIVED redo log file '/opt/oracle/oradata/recovery_area/FREE/archivelog/2026_09_16/o1_mf_1_1030_obo0nz88_.arc' into LogMiner" @service=redpanda-connect label="" path=root.input
time="2026-09-23T12:24:17+01:00" level=debug msg="Loaded ARCHIVED redo log file '/opt/oracle/oradata/recovery_area/FREE/archivelog/2026_09_16/o1_mf_1_1031_obo0pvbn_.arc' into LogMiner" @service=redpanda-connect label="" path=root.input
time="2026-09-23T12:24:17+01:00" level=debug msg="Loaded ARCHIVED redo log file '/opt/oracle/oradata/recovery_area/FREE/archivelog/2026_09_16/o1_mf_1_1032_obo0rqf0_.arc' into LogMiner" @service=redpanda-connect label="" path=root.input
time="2026-09-23T12:24:17+01:00" level=debug msg="Loaded ARCHIVED redo log file '/opt/oracle/oradata/recovery_area/FREE/archivelog/2026_09_16/o1_mf_1_1033_obo0tmh3_.arc' into LogMiner" @service=redpanda-connect label="" path=root.input
time="2026-09-23T12:24:17+01:00" level=debug msg="Loaded ARCHIVED redo log file '/opt/oracle/oradata/recovery_area/FREE/archivelog/2026_09_16/o1_mf_1_1034_obo0whl3_.arc' into LogMiner" @service=redpanda-connect label="" path=root.input
time="2026-09-23T12:24:17+01:00" level=debug msg="Loaded ARCHIVED redo log file '/opt/oracle/oradata/recovery_area/FREE/archivelog/2026_09_16/o1_mf_1_1035_obo0ycnz_.arc' into LogMiner" @service=redpanda-connect label="" path=root.input
time="2026-09-23T12:24:17+01:00" level=debug msg="Loaded ARCHIVED redo log file '/opt/oracle/oradata/recovery_area/FREE/archivelog/2026_09_16/o1_mf_1_1036_obo107q8_.arc' into LogMiner" @service=redpanda-connect label="" path=root.input
time="2026-09-23T12:24:17+01:00" level=debug msg="Loaded ARCHIVED redo log file '/opt/oracle/oradata/recovery_area/FREE/archivelog/2026_09_16/o1_mf_1_1037_obo123t3_.arc' into LogMiner" @service=redpanda-connect label="" path=root.input
time="2026-09-23T12:24:17+01:00" level=debug msg="Loaded ARCHIVED redo log file '/opt/oracle/oradata/recovery_area/FREE/archivelog/2026_09_16/o1_mf_1_1038_obo13zw8_.arc' into LogMiner" @service=redpanda-connect label="" path=root.input
time="2026-09-23T12:24:17+01:00" level=debug msg="Loaded ARCHIVED redo log file '/opt/oracle/oradata/recovery_area/FREE/archivelog/2026_09_16/o1_mf_1_1039_obo15vyr_.arc' into LogMiner" @service=redpanda-connect label="" path=root.input
time="2026-09-23T12:24:17+01:00" level=debug msg="Loaded ARCHIVED redo log file '/opt/oracle/oradata/recovery_area/FREE/archivelog/2026_09_16/o1_mf_1_1040_obo17r23_.arc' into LogMiner" @service=redpanda-connect label="" path=root.input
time="2026-09-23T12:24:17+01:00" level=debug msg="Loaded ARCHIVED redo log file '/opt/oracle/oradata/recovery_area/FREE/archivelog/2026_09_16/o1_mf_1_1041_obo19n4g_.arc' into LogMiner" @service=redpanda-connect label="" path=root.input
time="2026-09-23T12:24:17+01:00" level=debug msg="Loaded ARCHIVED redo log file '/opt/oracle/oradata/recovery_area/FREE/archivelog/2026_09_16/o1_mf_1_1042_obo1cj7c_.arc' into LogMiner" @service=redpanda-connect label="" path=root.input
time="2026-09-23T12:24:17+01:00" level=debug msg="Loaded ARCHIVED redo log file '/opt/oracle/oradata/recovery_area/FREE/archivelog/2026_09_16/o1_mf_1_1043_obo1fdc0_.arc' into LogMiner" @service=redpanda-connect label="" path=root.input
time="2026-09-23T12:24:17+01:00" level=debug msg="Loaded ARCHIVED redo log file '/opt/oracle/oradata/recovery_area/FREE/archivelog/2026_09_16/o1_mf_1_1044_obo1h8y0_.arc' into LogMiner" @service=redpanda-connect label="" path=root.input
time="2026-09-23T12:24:17+01:00" level=debug msg="Loaded ARCHIVED redo log file '/opt/oracle/oradata/recovery_area/FREE/archivelog/2026_09_16/o1_mf_1_1045_obo1k216_.arc' into LogMiner" @service=redpanda-connect label="" path=root.input
time="2026-09-23T12:24:17+01:00" level=debug msg="Loaded ARCHIVED redo log file '/opt/oracle/oradata/recovery_area/FREE/archivelog/2026_09_16/o1_mf_1_1046_obo1ly34_.arc' into LogMiner" @service=redpanda-connect label="" path=root.input
time="2026-09-23T12:24:17+01:00" level=debug msg="Loaded ARCHIVED redo log file '/opt/oracle/oradata/recovery_area/FREE/archivelog/2026_09_16/o1_mf_1_1047_obo1nt51_.arc' into LogMiner" @service=redpanda-connect label="" path=root.input
time="2026-09-23T12:24:17+01:00" level=debug msg="Loaded ARCHIVED redo log file '/opt/oracle/oradata/recovery_area/FREE/archivelog/2026_09_16/o1_mf_1_1048_obo1pp7r_.arc' into LogMiner" @service=redpanda-connect label="" path=root.input
time="2026-09-23T12:24:17+01:00" level=debug msg="Loaded ARCHIVED redo log file '/opt/oracle/oradata/recovery_area/FREE/archivelog/2026_09_16/o1_mf_1_1049_obo1rlb9_.arc' into LogMiner" @service=redpanda-connect label="" path=root.input
time="2026-09-23T12:24:17+01:00" level=debug msg="Loaded ARCHIVED redo log file '/opt/oracle/oradata/recovery_area/FREE/archivelog/2026_09_16/o1_mf_1_1050_obo1tgcp_.arc' into LogMiner" @service=redpanda-connect label="" path=root.input
time="2026-09-23T12:24:17+01:00" level=debug msg="Loaded ARCHIVED redo log file '/opt/oracle/oradata/recovery_area/FREE/archivelog/2026_09_16/o1_mf_1_1051_obo1wbfx_.arc' into LogMiner" @service=redpanda-connect label="" path=root.input
time="2026-09-23T12:24:17+01:00" level=debug msg="Loaded ARCHIVED redo log file '/opt/oracle/oradata/recovery_area/FREE/archivelog/2026_09_16/o1_mf_1_1052_obo1y6jd_.arc' into LogMiner" @service=redpanda-connect label="" path=root.input
time="2026-09-23T12:24:17+01:00" level=debug msg="Loaded ARCHIVED redo log file '/opt/oracle/oradata/recovery_area/FREE/archivelog/2026_09_16/o1_mf_1_1053_obo202ld_.arc' into LogMiner" @service=redpanda-connect label="" path=root.input
time="2026-09-23T12:24:17+01:00" level=debug msg="Loaded ARCHIVED redo log file '/opt/oracle/oradata/recovery_area/FREE/archivelog/2026_09_16/o1_mf_1_1054_obo21yo8_.arc' into LogMiner" @service=redpanda-connect label="" path=root.input
time="2026-09-23T12:24:17+01:00" level=debug msg="Loaded ARCHIVED redo log file '/opt/oracle/oradata/recovery_area/FREE/archivelog/2026_09_16/o1_mf_1_1055_obo23tq8_.arc' into LogMiner" @service=redpanda-connect label="" path=root.input
time="2026-09-23T12:24:17+01:00" level=debug msg="Loaded ARCHIVED redo log file '/opt/oracle/oradata/recovery_area/FREE/archivelog/2026_09_16/o1_mf_1_1056_obo25pt4_.arc' into LogMiner" @service=redpanda-connect label="" path=root.input
time="2026-09-23T12:24:17+01:00" level=debug msg="Loaded ARCHIVED redo log file '/opt/oracle/oradata/recovery_area/FREE/archivelog/2026_09_16/o1_mf_1_1057_obo27lwy_.arc' into LogMiner" @service=redpanda-connect label="" path=root.input
time="2026-09-23T12:24:17+01:00" level=debug msg="Loaded ARCHIVED redo log file '/opt/oracle/oradata/recovery_area/FREE/archivelog/2026_09_16/o1_mf_1_1058_obo29h0n_.arc' into LogMiner" @service=redpanda-connect label="" path=root.input
time="2026-09-23T12:24:17+01:00" level=debug msg="Loaded ARCHIVED redo log file '/opt/oracle/oradata/recovery_area/FREE/archivelog/2026_09_16/o1_mf_1_1059_obo2cc2n_.arc' into LogMiner" @service=redpanda-connect label="" path=root.input
time="2026-09-23T12:24:17+01:00" level=debug msg="Loaded ARCHIVED redo log file '/opt/oracle/oradata/recovery_area/FREE/archivelog/2026_09_16/o1_mf_1_1060_obo2f755_.arc' into LogMiner" @service=redpanda-connect label="" path=root.input
time="2026-09-23T12:24:17+01:00" level=debug msg="Loaded ARCHIVED redo log file '/opt/oracle/oradata/recovery_area/FREE/archivelog/2026_09_16/o1_mf_1_1061_obo2h37q_.arc' into LogMiner" @service=redpanda-connect label="" path=root.input
time="2026-09-23T12:24:17+01:00" level=debug msg="Loaded ARCHIVED redo log file '/opt/oracle/oradata/recovery_area/FREE/archivelog/2026_09_16/o1_mf_1_1062_obo2jzbc_.arc' into LogMiner" @service=redpanda-connect label="" path=root.input
time="2026-09-23T12:24:17+01:00" level=debug msg="Loaded ARCHIVED redo log file '/opt/oracle/oradata/recovery_area/FREE/archivelog/2026_09_16/o1_mf_1_1063_obo2lvdo_.arc' into LogMiner" @service=redpanda-connect label="" path=root.input
time="2026-09-23T12:24:17+01:00" level=debug msg="Loaded ARCHIVED redo log file '/opt/oracle/oradata/recovery_area/FREE/archivelog/2026_09_16/o1_mf_1_1064_obo2nqgy_.arc' into LogMiner" @service=redpanda-connect label="" path=root.input
time="2026-09-23T12:24:17+01:00" level=debug msg="Loaded ARCHIVED redo log file '/opt/oracle/oradata/recovery_area/FREE/archivelog/2026_09_16/o1_mf_1_1065_obo2pmkx_.arc' into LogMiner" @service=redpanda-connect label="" path=root.input
time="2026-09-23T12:24:17+01:00" level=debug msg="Loaded ARCHIVED redo log file '/opt/oracle/oradata/recovery_area/FREE/archivelog/2026_09_16/o1_mf_1_1066_obo2rhmv_.arc' into LogMiner" @service=redpanda-connect label="" path=root.input
time="2026-09-23T12:24:17+01:00" level=debug msg="Loaded ARCHIVED redo log file '/opt/oracle/oradata/recovery_area/FREE/archivelog/2026_09_16/o1_mf_1_1067_obo2tcpf_.arc' into LogMiner" @service=redpanda-connect label="" path=root.input
time="2026-09-23T12:24:17+01:00" level=debug msg="Loaded ARCHIVED redo log file '/opt/oracle/oradata/recovery_area/FREE/archivelog/2026_09_16/o1_mf_1_1068_obo2w7rr_.arc' into LogMiner" @service=redpanda-connect label="" path=root.input
time="2026-09-23T12:24:17+01:00" level=debug msg="Loaded ARCHIVED redo log file '/opt/oracle/oradata/recovery_area/FREE/archivelog/2026_09_16/o1_mf_1_1069_obo2y3v1_.arc' into LogMiner" @service=redpanda-connect label="" path=root.input
time="2026-09-23T12:24:17+01:00" level=debug msg="Loaded ARCHIVED redo log file '/opt/oracle/oradata/recovery_area/FREE/archivelog/2026_09_16/o1_mf_1_1070_obo2zzwo_.arc' into LogMiner" @service=redpanda-connect label="" path=root.input
time="2026-09-23T12:24:17+01:00" level=debug msg="Loaded ARCHIVED redo log file '/opt/oracle/oradata/recovery_area/FREE/archivelog/2026_09_16/o1_mf_1_1071_obo31vyz_.arc' into LogMiner" @service=redpanda-connect label="" path=root.input
time="2026-09-23T12:24:17+01:00" level=debug msg="Loaded ARCHIVED redo log file '/opt/oracle/oradata/recovery_area/FREE/archivelog/2026_09_16/o1_mf_1_1072_obo33r1w_.arc' into LogMiner" @service=redpanda-connect label="" path=root.input
time="2026-09-23T12:24:17+01:00" level=debug msg="Loaded ARCHIVED redo log file '/opt/oracle/oradata/recovery_area/FREE/archivelog/2026_09_16/o1_mf_1_1073_obo35n4l_.arc' into LogMiner" @service=redpanda-connect label="" path=root.input
time="2026-09-23T12:24:17+01:00" level=debug msg="Loaded ARCHIVED redo log file '/opt/oracle/oradata/recovery_area/FREE/archivelog/2026_09_16/o1_mf_1_1074_obo37j6o_.arc' into LogMiner" @service=redpanda-connect label="" path=root.input
time="2026-09-23T12:24:17+01:00" level=debug msg="Loaded ARCHIVED redo log file '/opt/oracle/oradata/recovery_area/FREE/archivelog/2026_09_16/o1_mf_1_1075_obo39d9x_.arc' into LogMiner" @service=redpanda-connect label="" path=root.input
time="2026-09-23T12:24:17+01:00" level=debug msg="Loaded ARCHIVED redo log file '/opt/oracle/oradata/recovery_area/FREE/archivelog/2026_09_16/o1_mf_1_1076_obo3c8dv_.arc' into LogMiner" @service=redpanda-connect label="" path=root.input
time="2026-09-23T12:24:17+01:00" level=debug msg="Loaded ARCHIVED redo log file '/opt/oracle/oradata/recovery_area/FREE/archivelog/2026_09_16/o1_mf_1_1077_obo3f4gm_.arc' into LogMiner" @service=redpanda-connect label="" path=root.input
time="2026-09-23T12:24:17+01:00" level=debug msg="Loaded ARCHIVED redo log file '/opt/oracle/oradata/recovery_area/FREE/archivelog/2026_09_16/o1_mf_1_1078_obo3h0kd_.arc' into LogMiner" @service=redpanda-connect label="" path=root.input
time="2026-09-23T12:24:17+01:00" level=debug msg="Loaded ARCHIVED redo log file '/opt/oracle/oradata/recovery_area/FREE/archivelog/2026_09_16/o1_mf_1_1079_obo3jwmn_.arc' into LogMiner" @service=redpanda-connect label="" path=root.input
time="2026-09-23T12:24:17+01:00" level=debug msg="Loaded ARCHIVED redo log file '/opt/oracle/oradata/recovery_area/FREE/archivelog/2026_09_16/o1_mf_1_1080_obo3lro9_.arc' into LogMiner" @service=redpanda-connect label="" path=root.input
time="2026-09-23T12:24:17+01:00" level=debug msg="Loaded ARCHIVED redo log file '/opt/oracle/oradata/recovery_area/FREE/archivelog/2026_09_16/o1_mf_1_1081_obo3nnqk_.arc' into LogMiner" @service=redpanda-connect label="" path=root.input
time="2026-09-23T12:24:17+01:00" level=debug msg="Loaded ARCHIVED redo log file '/opt/oracle/oradata/recovery_area/FREE/archivelog/2026_09_16/o1_mf_1_1082_obo3pjso_.arc' into LogMiner" @service=redpanda-connect label="" path=root.input
time="2026-09-23T12:24:17+01:00" level=debug msg="Loaded ARCHIVED redo log file '/opt/oracle/oradata/recovery_area/FREE/archivelog/2026_09_16/o1_mf_1_1083_obo3rdvz_.arc' into LogMiner" @service=redpanda-connect label="" path=root.input
time="2026-09-23T12:24:17+01:00" level=debug msg="Loaded ARCHIVED redo log file '/opt/oracle/oradata/recovery_area/FREE/archivelog/2026_09_16/o1_mf_1_1084_obo3t8yl_.arc' into LogMiner" @service=redpanda-connect label="" path=root.input
time="2026-09-23T12:24:17+01:00" level=debug msg="Loaded ARCHIVED redo log file '/opt/oracle/oradata/recovery_area/FREE/archivelog/2026_09_16/o1_mf_1_1085_obo3w21l_.arc' into LogMiner" @service=redpanda-connect label="" path=root.input
time="2026-09-23T12:24:17+01:00" level=debug msg="Loaded ARCHIVED redo log file '/opt/oracle/oradata/recovery_area/FREE/archivelog/2026_09_16/o1_mf_1_1086_obo3xy3z_.arc' into LogMiner" @service=redpanda-connect label="" path=root.input
time="2026-09-23T12:24:17+01:00" level=debug msg="Loaded ARCHIVED redo log file '/opt/oracle/oradata/recovery_area/FREE/archivelog/2026_09_16/o1_mf_1_1087_obo3zt6l_.arc' into LogMiner" @service=redpanda-connect label="" path=root.input
time="2026-09-23T12:24:17+01:00" level=debug msg="Loaded ARCHIVED redo log file '/opt/oracle/oradata/recovery_area/FREE/archivelog/2026_09_16/o1_mf_1_1088_obo41p95_.arc' into LogMiner" @service=redpanda-connect label="" path=root.input
time="2026-09-23T12:24:17+01:00" level=debug msg="Loaded ARCHIVED redo log file '/opt/oracle/oradata/recovery_area/FREE/archivelog/2026_09_16/o1_mf_1_1089_obo43lch_.arc' into LogMiner" @service=redpanda-connect label="" path=root.input
time="2026-09-23T12:24:17+01:00" level=debug msg="Loaded ARCHIVED redo log file '/opt/oracle/oradata/recovery_area/FREE/archivelog/2026_09_16/o1_mf_1_1090_obo45gg7_.arc' into LogMiner" @service=redpanda-connect label="" path=root.input
time="2026-09-23T12:24:17+01:00" level=debug msg="Loaded ARCHIVED redo log file '/opt/oracle/oradata/recovery_area/FREE/archivelog/2026_09_16/o1_mf_1_1091_obo47bkm_.arc' into LogMiner" @service=redpanda-connect label="" path=root.input
time="2026-09-23T12:24:17+01:00" level=debug msg="Loaded ARCHIVED redo log file '/opt/oracle/oradata/recovery_area/FREE/archivelog/2026_09_16/o1_mf_1_1092_obo496n4_.arc' into LogMiner" @service=redpanda-connect label="" path=root.input
time="2026-09-23T12:24:17+01:00" level=debug msg="Loaded ARCHIVED redo log file '/opt/oracle/oradata/recovery_area/FREE/archivelog/2026_09_16/o1_mf_1_1093_obo4c2pp_.arc' into LogMiner" @service=redpanda-connect label="" path=root.input
time="2026-09-23T12:24:17+01:00" level=debug msg="Loaded ARCHIVED redo log file '/opt/oracle/oradata/recovery_area/FREE/archivelog/2026_09_16/o1_mf_1_1094_obo4dyr1_.arc' into LogMiner" @service=redpanda-connect label="" path=root.input
time="2026-09-23T12:24:17+01:00" level=debug msg="Loaded ARCHIVED redo log file '/opt/oracle/oradata/recovery_area/FREE/archivelog/2026_09_16/o1_mf_1_1095_obo4gttd_.arc' into LogMiner" @service=redpanda-connect label="" path=root.input
time="2026-09-23T12:24:17+01:00" level=debug msg="Loaded ARCHIVED redo log file '/opt/oracle/oradata/recovery_area/FREE/archivelog/2026_09_16/o1_mf_1_1096_obo4jpxh_.arc' into LogMiner" @service=redpanda-connect label="" path=root.input
time="2026-09-23T12:24:17+01:00" level=debug msg="Loaded ARCHIVED redo log file '/opt/oracle/oradata/recovery_area/FREE/archivelog/2026_09_16/o1_mf_1_1097_obo4lm0c_.arc' into LogMiner" @service=redpanda-connect label="" path=root.input
time="2026-09-23T12:24:17+01:00" level=debug msg="Loaded ARCHIVED redo log file '/opt/oracle/oradata/recovery_area/FREE/archivelog/2026_09_16/o1_mf_1_1098_obo4nh2n_.arc' into LogMiner" @service=redpanda-connect label="" path=root.input
time="2026-09-23T12:24:17+01:00" level=debug msg="Loaded ARCHIVED redo log file '/opt/oracle/oradata/recovery_area/FREE/archivelog/2026_09_16/o1_mf_1_1099_obo4pc58_.arc' into LogMiner" @service=redpanda-connect label="" path=root.input
time="2026-09-23T12:24:17+01:00" level=debug msg="Loaded ARCHIVED redo log file '/opt/oracle/oradata/recovery_area/FREE/archivelog/2026_09_16/o1_mf_1_1100_obo4r77n_.arc' into LogMiner" @service=redpanda-connect label="" path=root.input
time="2026-09-23T12:24:17+01:00" level=debug msg="Loaded ARCHIVED redo log file '/opt/oracle/oradata/recovery_area/FREE/archivelog/2026_09_16/o1_mf_1_1101_obo4t3bc_.arc' into LogMiner" @service=redpanda-connect label="" path=root.input
time="2026-09-23T12:24:17+01:00" level=debug msg="Loaded ARCHIVED redo log file '/opt/oracle/oradata/recovery_area/FREE/archivelog/2026_09_16/o1_mf_1_1102_obo4vzdr_.arc' into LogMiner" @service=redpanda-connect label="" path=root.input
time="2026-09-23T12:24:17+01:00" level=debug msg="Loaded ARCHIVED redo log file '/opt/oracle/oradata/recovery_area/FREE/archivelog/2026_09_16/o1_mf_1_1103_obo4xvgv_.arc' into LogMiner" @service=redpanda-connect label="" path=root.input
time="2026-09-23T12:24:17+01:00" level=debug msg="Loaded ARCHIVED redo log file '/opt/oracle/oradata/recovery_area/FREE/archivelog/2026_09_16/o1_mf_1_1104_obo4zqk3_.arc' into LogMiner" @service=redpanda-connect label="" path=root.input
time="2026-09-23T12:24:17+01:00" level=debug msg="Loaded ARCHIVED redo log file '/opt/oracle/oradata/recovery_area/FREE/archivelog/2026_09_16/o1_mf_1_1105_obo51mml_.arc' into LogMiner" @service=redpanda-connect label="" path=root.input
time="2026-09-23T12:24:17+01:00" level=debug msg="Loaded ARCHIVED redo log file '/opt/oracle/oradata/recovery_area/FREE/archivelog/2026_09_16/o1_mf_1_1106_obo53hoo_.arc' into LogMiner" @service=redpanda-connect label="" path=root.input
time="2026-09-23T12:24:17+01:00" level=debug msg="Loaded ARCHIVED redo log file '/opt/oracle/oradata/recovery_area/FREE/archivelog/2026_09_16/o1_mf_1_1107_obo55crb_.arc' into LogMiner" @service=redpanda-connect label="" path=root.input
time="2026-09-23T12:24:17+01:00" level=debug msg="Loaded ARCHIVED redo log file '/opt/oracle/oradata/recovery_area/FREE/archivelog/2026_09_16/o1_mf_1_1108_obo577sy_.arc' into LogMiner" @service=redpanda-connect label="" path=root.input
time="2026-09-23T12:24:17+01:00" level=debug msg="Loaded ARCHIVED redo log file '/opt/oracle/oradata/recovery_area/FREE/archivelog/2026_09_16/o1_mf_1_1109_obo593wo_.arc' into LogMiner" @service=redpanda-connect label="" path=root.input
time="2026-09-23T12:24:17+01:00" level=debug msg="Loaded ARCHIVED redo log file '/opt/oracle/oradata/recovery_area/FREE/archivelog/2026_09_16/o1_mf_1_1110_obo5bzyp_.arc' into LogMiner" @service=redpanda-connect label="" path=root.input
time="2026-09-23T12:24:17+01:00" level=debug msg="Loaded ARCHIVED redo log file '/opt/oracle/oradata/recovery_area/FREE/archivelog/2026_09_16/o1_mf_1_1111_obo5dw2s_.arc' into LogMiner" @service=redpanda-connect label="" path=root.input
time="2026-09-23T12:24:17+01:00" level=debug msg="Loaded ARCHIVED redo log file '/opt/oracle/oradata/recovery_area/FREE/archivelog/2026_09_16/o1_mf_1_1112_obo5gr54_.arc' into LogMiner" @service=redpanda-connect label="" path=root.input
time="2026-09-23T12:24:17+01:00" level=debug msg="Loaded ARCHIVED redo log file '/opt/oracle/oradata/recovery_area/FREE/archivelog/2026_09_16/o1_mf_1_1113_obo5jn8r_.arc' into LogMiner" @service=redpanda-connect label="" path=root.input
time="2026-09-23T12:24:17+01:00" level=debug msg="Loaded ARCHIVED redo log file '/opt/oracle/oradata/recovery_area/FREE/archivelog/2026_09_16/o1_mf_1_1114_obo5ljco_.arc' into LogMiner" @service=redpanda-connect label="" path=root.input
time="2026-09-23T12:24:17+01:00" level=debug msg="Loaded ARCHIVED redo log file '/opt/oracle/oradata/recovery_area/FREE/archivelog/2026_09_16/o1_mf_1_1115_obo5ndg0_.arc' into LogMiner" @service=redpanda-connect label="" path=root.input
time="2026-09-23T12:24:17+01:00" level=debug msg="Loaded ARCHIVED redo log file '/opt/oracle/oradata/recovery_area/FREE/archivelog/2026_09_16/o1_mf_1_1116_obo5p8jc_.arc' into LogMiner" @service=redpanda-connect label="" path=root.input
time="2026-09-23T12:24:17+01:00" level=debug msg="Loaded ARCHIVED redo log file '/opt/oracle/oradata/recovery_area/FREE/archivelog/2026_09_16/o1_mf_1_1117_obo5r4md_.arc' into LogMiner" @service=redpanda-connect label="" path=root.input
time="2026-09-23T12:24:17+01:00" level=debug msg="Loaded ARCHIVED redo log file '/opt/oracle/oradata/recovery_area/FREE/archivelog/2026_09_16/o1_mf_1_1118_obo5t0pj_.arc' into LogMiner" @service=redpanda-connect label="" path=root.input
time="2026-09-23T12:24:17+01:00" level=debug msg="Loaded ARCHIVED redo log file '/opt/oracle/oradata/recovery_area/FREE/archivelog/2026_09_16/o1_mf_1_1119_obo5vws7_.arc' into LogMiner" @service=redpanda-connect label="" path=root.input
time="2026-09-23T12:24:17+01:00" level=debug msg="Loaded ARCHIVED redo log file '/opt/oracle/oradata/recovery_area/FREE/archivelog/2026_09_16/o1_mf_1_1120_obo5xrvx_.arc' into LogMiner" @service=redpanda-connect label="" path=root.input
time="2026-09-23T12:24:17+01:00" level=debug msg="Loaded ARCHIVED redo log file '/opt/oracle/oradata/recovery_area/FREE/archivelog/2026_09_16/o1_mf_1_1121_obo5zny8_.arc' into LogMiner" @service=redpanda-connect label="" path=root.input
time="2026-09-23T12:24:17+01:00" level=debug msg="Loaded ARCHIVED redo log file '/opt/oracle/oradata/recovery_area/FREE/archivelog/2026_09_16/o1_mf_1_1122_obo61g29_.arc' into LogMiner" @service=redpanda-connect label="" path=root.input
time="2026-09-23T12:24:17+01:00" level=debug msg="Loaded ARCHIVED redo log file '/opt/oracle/oradata/recovery_area/FREE/archivelog/2026_09_16/o1_mf_1_1123_obo63b57_.arc' into LogMiner" @service=redpanda-connect label="" path=root.input
time="2026-09-23T12:24:17+01:00" level=debug msg="Loaded ARCHIVED redo log file '/opt/oracle/oradata/recovery_area/FREE/archivelog/2026_09_16/o1_mf_1_1124_obo6567n_.arc' into LogMiner" @service=redpanda-connect label="" path=root.input
time="2026-09-23T12:24:17+01:00" level=debug msg="Loaded ARCHIVED redo log file '/opt/oracle/oradata/recovery_area/FREE/archivelog/2026_09_16/o1_mf_1_1125_obo672b8_.arc' into LogMiner" @service=redpanda-connect label="" path=root.input
time="2026-09-23T12:24:17+01:00" level=debug msg="Loaded ARCHIVED redo log file '/opt/oracle/oradata/recovery_area/FREE/archivelog/2026_09_16/o1_mf_1_1126_obo68yf7_.arc' into LogMiner" @service=redpanda-connect label="" path=root.input
time="2026-09-23T12:24:17+01:00" level=debug msg="Loaded ARCHIVED redo log file '/opt/oracle/oradata/recovery_area/FREE/archivelog/2026_09_16/o1_mf_1_1127_obo6bthy_.arc' into LogMiner" @service=redpanda-connect label="" path=root.input
time="2026-09-23T12:24:17+01:00" level=debug msg="Loaded ARCHIVED redo log file '/opt/oracle/oradata/recovery_area/FREE/archivelog/2026_09_16/o1_mf_1_1128_obo6dpks_.arc' into LogMiner" @service=redpanda-connect label="" path=root.input
time="2026-09-23T12:24:17+01:00" level=debug msg="Loaded ARCHIVED redo log file '/opt/oracle/oradata/recovery_area/FREE/archivelog/2026_09_16/o1_mf_1_1129_obo6glnh_.arc' into LogMiner" @service=redpanda-connect label="" path=root.input
time="2026-09-23T12:24:17+01:00" level=debug msg="Loaded ARCHIVED redo log file '/opt/oracle/oradata/recovery_area/FREE/archivelog/2026_09_16/o1_mf_1_1130_obo6jgqd_.arc' into LogMiner" @service=redpanda-connect label="" path=root.input
time="2026-09-23T12:24:17+01:00" level=debug msg="Loaded ARCHIVED redo log file '/opt/oracle/oradata/recovery_area/FREE/archivelog/2026_09_16/o1_mf_1_1131_obo6lbtd_.arc' into LogMiner" @service=redpanda-connect label="" path=root.input
time="2026-09-23T12:24:17+01:00" level=debug msg="Loaded ARCHIVED redo log file '/opt/oracle/oradata/recovery_area/FREE/archivelog/2026_09_16/o1_mf_1_1132_obo6n6wr_.arc' into LogMiner" @service=redpanda-connect label="" path=root.input
time="2026-09-23T12:24:17+01:00" level=debug msg="Loaded ARCHIVED redo log file '/opt/oracle/oradata/recovery_area/FREE/archivelog/2026_09_16/o1_mf_1_1133_obo6p301_.arc' into LogMiner" @service=redpanda-connect label="" path=root.input
time="2026-09-23T12:24:17+01:00" level=debug msg="Loaded ARCHIVED redo log file '/opt/oracle/oradata/recovery_area/FREE/archivelog/2026_09_16/o1_mf_1_1134_obo6qz3b_.arc' into LogMiner" @service=redpanda-connect label="" path=root.input
time="2026-09-23T12:24:17+01:00" level=debug msg="Loaded ARCHIVED redo log file '/opt/oracle/oradata/recovery_area/FREE/archivelog/2026_09_16/o1_mf_1_1135_obo6sv6c_.arc' into LogMiner" @service=redpanda-connect label="" path=root.input
time="2026-09-23T12:24:17+01:00" level=debug msg="Loaded ARCHIVED redo log file '/opt/oracle/oradata/recovery_area/FREE/archivelog/2026_09_16/o1_mf_1_1136_obo6vq9q_.arc' into LogMiner" @service=redpanda-connect label="" path=root.input
time="2026-09-23T12:24:17+01:00" level=debug msg="Loaded ARCHIVED redo log file '/opt/oracle/oradata/recovery_area/FREE/archivelog/2026_09_16/o1_mf_1_1137_obo6xmdq_.arc' into LogMiner" @service=redpanda-connect label="" path=root.input
time="2026-09-23T12:24:17+01:00" level=debug msg="Loaded ARCHIVED redo log file '/opt/oracle/oradata/recovery_area/FREE/archivelog/2026_09_16/o1_mf_1_1138_obo6zhh5_.arc' into LogMiner" @service=redpanda-connect label="" path=root.input
time="2026-09-23T12:24:17+01:00" level=debug msg="Loaded ARCHIVED redo log file '/opt/oracle/oradata/recovery_area/FREE/archivelog/2026_09_16/o1_mf_1_1139_obo71ckk_.arc' into LogMiner" @service=redpanda-connect label="" path=root.input
time="2026-09-23T12:24:17+01:00" level=debug msg="Loaded ARCHIVED redo log file '/opt/oracle/oradata/recovery_area/FREE/archivelog/2026_09_16/o1_mf_1_1140_obo737mo_.arc' into LogMiner" @service=redpanda-connect label="" path=root.input
time="2026-09-23T12:24:17+01:00" level=debug msg="Loaded ARCHIVED redo log file '/opt/oracle/oradata/recovery_area/FREE/archivelog/2026_09_16/o1_mf_1_1141_obo753p8_.arc' into LogMiner" @service=redpanda-connect label="" path=root.input
time="2026-09-23T12:24:17+01:00" level=debug msg="Loaded ARCHIVED redo log file '/opt/oracle/oradata/recovery_area/FREE/archivelog/2026_09_16/o1_mf_1_1142_obo76zsv_.arc' into LogMiner" @service=redpanda-connect label="" path=root.input
time="2026-09-23T12:24:17+01:00" level=debug msg="Loaded ARCHIVED redo log file '/opt/oracle/oradata/recovery_area/FREE/archivelog/2026_09_16/o1_mf_1_1143_obo78vwl_.arc' into LogMiner" @service=redpanda-connect label="" path=root.input
time="2026-09-23T12:24:17+01:00" level=debug msg="Loaded ARCHIVED redo log file '/opt/oracle/oradata/recovery_area/FREE/archivelog/2026_09_16/o1_mf_1_1144_obo7bqyk_.arc' into LogMiner" @service=redpanda-connect label="" path=root.input
time="2026-09-23T12:24:17+01:00" level=debug msg="Loaded ARCHIVED redo log file '/opt/oracle/oradata/recovery_area/FREE/archivelog/2026_09_16/o1_mf_1_1145_obo7dn1m_.arc' into LogMiner" @service=redpanda-connect label="" path=root.input
time="2026-09-23T12:24:17+01:00" level=debug msg="Loaded ARCHIVED redo log file '/opt/oracle/oradata/recovery_area/FREE/archivelog/2026_09_16/o1_mf_1_1146_obo7gj44_.arc' into LogMiner" @service=redpanda-connect label="" path=root.input
time="2026-09-23T12:24:17+01:00" level=debug msg="Loaded ARCHIVED redo log file '/opt/oracle/oradata/recovery_area/FREE/archivelog/2026_09_16/o1_mf_1_1147_obo7jd5t_.arc' into LogMiner" @service=redpanda-connect label="" path=root.input
time="2026-09-23T12:24:17+01:00" level=debug msg="Loaded ARCHIVED redo log file '/opt/oracle/oradata/recovery_area/FREE/archivelog/2026_09_16/o1_mf_1_1148_obo7l88g_.arc' into LogMiner" @service=redpanda-connect label="" path=root.input
time="2026-09-23T12:24:17+01:00" level=debug msg="Loaded ARCHIVED redo log file '/opt/oracle/oradata/recovery_area/FREE/archivelog/2026_09_16/o1_mf_1_1149_obo7n4cd_.arc' into LogMiner" @service=redpanda-connect label="" path=root.input
time="2026-09-23T12:24:17+01:00" level=debug msg="Loaded ARCHIVED redo log file '/opt/oracle/oradata/recovery_area/FREE/archivelog/2026_09_16/o1_mf_1_1150_obo7p0g0_.arc' into LogMiner" @service=redpanda-connect label="" path=root.input
time="2026-09-23T12:24:17+01:00" level=debug msg="Loaded ARCHIVED redo log file '/opt/oracle/oradata/recovery_area/FREE/archivelog/2026_09_16/o1_mf_1_1151_obo7qwk5_.arc' into LogMiner" @service=redpanda-connect label="" path=root.input
time="2026-09-23T12:24:17+01:00" level=debug msg="Loaded ARCHIVED redo log file '/opt/oracle/oradata/recovery_area/FREE/archivelog/2026_09_16/o1_mf_1_1152_obo7srns_.arc' into LogMiner" @service=redpanda-connect label="" path=root.input
time="2026-09-23T12:24:17+01:00" level=debug msg="Loaded ARCHIVED redo log file '/opt/oracle/oradata/recovery_area/FREE/archivelog/2026_09_16/o1_mf_1_1153_obo7vnqw_.arc' into LogMiner" @service=redpanda-connect label="" path=root.input
time="2026-09-23T12:24:17+01:00" level=debug msg="Loaded ARCHIVED redo log file '/opt/oracle/oradata/recovery_area/FREE/archivelog/2026_09_16/o1_mf_1_1154_obo7xjtc_.arc' into LogMiner" @service=redpanda-connect label="" path=root.input
time="2026-09-23T12:24:17+01:00" level=debug msg="Loaded ARCHIVED redo log file '/opt/oracle/oradata/recovery_area/FREE/archivelog/2026_09_16/o1_mf_1_1155_obo7zdwg_.arc' into LogMiner" @service=redpanda-connect label="" path=root.input
time="2026-09-23T12:24:17+01:00" level=debug msg="Loaded ARCHIVED redo log file '/opt/oracle/oradata/recovery_area/FREE/archivelog/2026_09_16/o1_mf_1_1156_obo818yx_.arc' into LogMiner" @service=redpanda-connect label="" path=root.input
time="2026-09-23T12:24:17+01:00" level=debug msg="Loaded ARCHIVED redo log file '/opt/oracle/oradata/recovery_area/FREE/archivelog/2026_09_16/o1_mf_1_1157_obo8322h_.arc' into LogMiner" @service=redpanda-connect label="" path=root.input
time="2026-09-23T12:24:17+01:00" level=debug msg="Loaded ARCHIVED redo log file '/opt/oracle/oradata/recovery_area/FREE/archivelog/2026_09_16/o1_mf_1_1158_obo84y6b_.arc' into LogMiner" @service=redpanda-connect label="" path=root.input
time="2026-09-23T12:24:17+01:00" level=debug msg="Loaded ARCHIVED redo log file '/opt/oracle/oradata/recovery_area/FREE/archivelog/2026_09_16/o1_mf_1_1159_obo86t8g_.arc' into LogMiner" @service=redpanda-connect label="" path=root.input
time="2026-09-23T12:24:17+01:00" level=debug msg="Loaded ARCHIVED redo log file '/opt/oracle/oradata/recovery_area/FREE/archivelog/2026_09_16/o1_mf_1_1160_obo88pc2_.arc' into LogMiner" @service=redpanda-connect label="" path=root.input
time="2026-09-23T12:24:17+01:00" level=debug msg="Loaded ARCHIVED redo log file '/opt/oracle/oradata/recovery_area/FREE/archivelog/2026_09_16/o1_mf_1_1161_obo8bldt_.arc' into LogMiner" @service=redpanda-connect label="" path=root.input
time="2026-09-23T12:24:17+01:00" level=debug msg="Loaded ARCHIVED redo log file '/opt/oracle/oradata/recovery_area/FREE/archivelog/2026_09_16/o1_mf_1_1162_obo8dghl_.arc' into LogMiner" @service=redpanda-connect label="" path=root.input
time="2026-09-23T12:24:17+01:00" level=debug msg="Loaded ARCHIVED redo log file '/opt/oracle/oradata/recovery_area/FREE/archivelog/2026_09_16/o1_mf_1_1163_obo8gbkl_.arc' into LogMiner" @service=redpanda-connect label="" path=root.input
time="2026-09-23T12:24:17+01:00" level=debug msg="Loaded ARCHIVED redo log file '/opt/oracle/oradata/recovery_area/FREE/archivelog/2026_09_16/o1_mf_1_1164_obo8j6n6_.arc' into LogMiner" @service=redpanda-connect label="" path=root.input
time="2026-09-23T12:24:17+01:00" level=debug msg="Loaded ARCHIVED redo log file '/opt/oracle/oradata/recovery_area/FREE/archivelog/2026_09_16/o1_mf_1_1165_obo8l2q2_.arc' into LogMiner" @service=redpanda-connect label="" path=root.input
time="2026-09-23T12:24:17+01:00" level=debug msg="Loaded ARCHIVED redo log file '/opt/oracle/oradata/recovery_area/FREE/archivelog/2026_09_16/o1_mf_1_1166_obo8mytg_.arc' into LogMiner" @service=redpanda-connect label="" path=root.input
time="2026-09-23T12:24:18+01:00" level=debug msg="Loaded ARCHIVED redo log file '/opt/oracle/oradata/recovery_area/FREE/archivelog/2026_09_16/o1_mf_1_1167_obo8otwz_.arc' into LogMiner" @service=redpanda-connect label="" path=root.input
time="2026-09-23T12:24:18+01:00" level=debug msg="Loaded ARCHIVED redo log file '/opt/oracle/oradata/recovery_area/FREE/archivelog/2026_09_16/o1_mf_1_1168_obo8qq0d_.arc' into LogMiner" @service=redpanda-connect label="" path=root.input
time="2026-09-23T12:24:18+01:00" level=debug msg="Loaded ARCHIVED redo log file '/opt/oracle/oradata/recovery_area/FREE/archivelog/2026_09_16/o1_mf_1_1169_obo8sm39_.arc' into LogMiner" @service=redpanda-connect label="" path=root.input
time="2026-09-23T12:24:18+01:00" level=debug msg="Loaded ARCHIVED redo log file '/opt/oracle/oradata/recovery_area/FREE/archivelog/2026_09_16/o1_mf_1_1170_obo8vh60_.arc' into LogMiner" @service=redpanda-connect label="" path=root.input
time="2026-09-23T12:24:18+01:00" level=debug msg="Loaded ARCHIVED redo log file '/opt/oracle/oradata/recovery_area/FREE/archivelog/2026_09_16/o1_mf_1_1171_obo8xg8w_.arc' into LogMiner" @service=redpanda-connect label="" path=root.input
time="2026-09-23T12:24:18+01:00" level=debug msg="Loaded ARCHIVED redo log file '/opt/oracle/oradata/recovery_area/FREE/archivelog/2026_09_16/o1_mf_1_1172_obo8zfcp_.arc' into LogMiner" @service=redpanda-connect label="" path=root.input
time="2026-09-23T12:24:18+01:00" level=debug msg="Loaded ARCHIVED redo log file '/opt/oracle/oradata/recovery_area/FREE/archivelog/2026_09_16/o1_mf_1_1173_obo919fv_.arc' into LogMiner" @service=redpanda-connect label="" path=root.input
time="2026-09-23T12:24:18+01:00" level=debug msg="Loaded ARCHIVED redo log file '/opt/oracle/oradata/recovery_area/FREE/archivelog/2026_09_16/o1_mf_1_1174_obo935jk_.arc' into LogMiner" @service=redpanda-connect label="" path=root.input
time="2026-09-23T12:24:18+01:00" level=debug msg="Loaded ARCHIVED redo log file '/opt/oracle/oradata/recovery_area/FREE/archivelog/2026_09_16/o1_mf_1_1175_obo951m8_.arc' into LogMiner" @service=redpanda-connect label="" path=root.input
time="2026-09-23T12:24:18+01:00" level=debug msg="Loaded ARCHIVED redo log file '/opt/oracle/oradata/recovery_area/FREE/archivelog/2026_09_16/o1_mf_1_1176_obo96xqd_.arc' into LogMiner" @service=redpanda-connect label="" path=root.input
time="2026-09-23T12:24:18+01:00" level=debug msg="Loaded ARCHIVED redo log file '/opt/oracle/oradata/recovery_area/FREE/archivelog/2026_09_16/o1_mf_1_1177_obo98st8_.arc' into LogMiner" @service=redpanda-connect label="" path=root.input
time="2026-09-23T12:24:18+01:00" level=debug msg="Loaded ARCHIVED redo log file '/opt/oracle/oradata/recovery_area/FREE/archivelog/2026_09_16/o1_mf_1_1178_obo9boxt_.arc' into LogMiner" @service=redpanda-connect label="" path=root.input
time="2026-09-23T12:24:18+01:00" level=debug msg="Loaded ARCHIVED redo log file '/opt/oracle/oradata/recovery_area/FREE/archivelog/2026_09_16/o1_mf_1_1179_obo9dl20_.arc' into LogMiner" @service=redpanda-connect label="" path=root.input
time="2026-09-23T12:24:18+01:00" level=debug msg="Loaded ARCHIVED redo log file '/opt/oracle/oradata/recovery_area/FREE/archivelog/2026_09_16/o1_mf_1_1180_obo9gg54_.arc' into LogMiner" @service=redpanda-connect label="" path=root.input
time="2026-09-23T12:24:18+01:00" level=debug msg="Loaded ARCHIVED redo log file '/opt/oracle/oradata/recovery_area/FREE/archivelog/2026_09_16/o1_mf_1_1181_obo9jb82_.arc' into LogMiner" @service=redpanda-connect label="" path=root.input
time="2026-09-23T12:24:18+01:00" level=debug msg="Loaded ARCHIVED redo log file '/opt/oracle/oradata/recovery_area/FREE/archivelog/2026_09_16/o1_mf_1_1182_obo9l6by_.arc' into LogMiner" @service=redpanda-connect label="" path=root.input
time="2026-09-23T12:24:18+01:00" level=debug msg="Loaded ARCHIVED redo log file '/opt/oracle/oradata/recovery_area/FREE/archivelog/2026_09_16/o1_mf_1_1183_obo9n2fw_.arc' into LogMiner" @service=redpanda-connect label="" path=root.input
time="2026-09-23T12:24:18+01:00" level=debug msg="Loaded ARCHIVED redo log file '/opt/oracle/oradata/recovery_area/FREE/archivelog/2026_09_16/o1_mf_1_1184_obo9oyjp_.arc' into LogMiner" @service=redpanda-connect label="" path=root.input
time="2026-09-23T12:24:18+01:00" level=debug msg="Loaded ARCHIVED redo log file '/opt/oracle/oradata/recovery_area/FREE/archivelog/2026_09_16/o1_mf_1_1185_obo9qtm3_.arc' into LogMiner" @service=redpanda-connect label="" path=root.input
time="2026-09-23T12:24:18+01:00" level=debug msg="Loaded ARCHIVED redo log file '/opt/oracle/oradata/recovery_area/FREE/archivelog/2026_09_16/o1_mf_1_1186_obo9spp2_.arc' into LogMiner" @service=redpanda-connect label="" path=root.input
time="2026-09-23T12:24:18+01:00" level=debug msg="Loaded ARCHIVED redo log file '/opt/oracle/oradata/recovery_area/FREE/archivelog/2026_09_16/o1_mf_1_1187_obo9vls2_.arc' into LogMiner" @service=redpanda-connect label="" path=root.input
time="2026-09-23T12:24:18+01:00" level=debug msg="Loaded ARCHIVED redo log file '/opt/oracle/oradata/recovery_area/FREE/archivelog/2026_09_16/o1_mf_1_1188_obo9xgw4_.arc' into LogMiner" @service=redpanda-connect label="" path=root.input
time="2026-09-23T12:24:18+01:00" level=debug msg="Loaded ARCHIVED redo log file '/opt/oracle/oradata/recovery_area/FREE/archivelog/2026_09_16/o1_mf_1_1189_obo9zbyr_.arc' into LogMiner" @service=redpanda-connect label="" path=root.input
time="2026-09-23T12:24:18+01:00" level=debug msg="Loaded ARCHIVED redo log file '/opt/oracle/oradata/recovery_area/FREE/archivelog/2026_09_16/o1_mf_1_1190_obob1430_.arc' into LogMiner" @service=redpanda-connect label="" path=root.input
time="2026-09-23T12:24:18+01:00" level=debug msg="Loaded ARCHIVED redo log file '/opt/oracle/oradata/recovery_area/FREE/archivelog/2026_09_16/o1_mf_1_1191_obob3064_.arc' into LogMiner" @service=redpanda-connect label="" path=root.input
time="2026-09-23T12:24:18+01:00" level=debug msg="Loaded ARCHIVED redo log file '/opt/oracle/oradata/recovery_area/FREE/archivelog/2026_09_16/o1_mf_1_1192_obob4w8n_.arc' into LogMiner" @service=redpanda-connect label="" path=root.input
time="2026-09-23T12:24:18+01:00" level=debug msg="Loaded ARCHIVED redo log file '/opt/oracle/oradata/recovery_area/FREE/archivelog/2026_09_16/o1_mf_1_1193_obob6rdk_.arc' into LogMiner" @service=redpanda-connect label="" path=root.input
time="2026-09-23T12:24:18+01:00" level=debug msg="Loaded ARCHIVED redo log file '/opt/oracle/oradata/recovery_area/FREE/archivelog/2026_09_16/o1_mf_1_1194_obob8nhd_.arc' into LogMiner" @service=redpanda-connect label="" path=root.input
time="2026-09-23T12:24:18+01:00" level=debug msg="Loaded ARCHIVED redo log file '/opt/oracle/oradata/recovery_area/FREE/archivelog/2026_09_16/o1_mf_1_1195_obobbjlg_.arc' into LogMiner" @service=redpanda-connect label="" path=root.input
time="2026-09-23T12:24:18+01:00" level=debug msg="Loaded ARCHIVED redo log file '/opt/oracle/oradata/recovery_area/FREE/archivelog/2026_09_16/o1_mf_1_1196_obobddo6_.arc' into LogMiner" @service=redpanda-connect label="" path=root.input
time="2026-09-23T12:24:18+01:00" level=debug msg="Loaded ARCHIVED redo log file '/opt/oracle/oradata/recovery_area/FREE/archivelog/2026_09_16/o1_mf_1_1197_obobg8rn_.arc' into LogMiner" @service=redpanda-connect label="" path=root.input
time="2026-09-23T12:24:18+01:00" level=debug msg="Loaded ARCHIVED redo log file '/opt/oracle/oradata/recovery_area/FREE/archivelog/2026_09_16/o1_mf_1_1198_obobj4v5_.arc' into LogMiner" @service=redpanda-connect label="" path=root.input
time="2026-09-23T12:24:18+01:00" level=debug msg="Loaded ARCHIVED redo log file '/opt/oracle/oradata/recovery_area/FREE/archivelog/2026_09_16/o1_mf_1_1199_obobl0yh_.arc' into LogMiner" @service=redpanda-connect label="" path=root.input
time="2026-09-23T12:24:18+01:00" level=debug msg="Loaded ARCHIVED redo log file '/opt/oracle/oradata/recovery_area/FREE/archivelog/2026_09_16/o1_mf_1_1200_obobmx1z_.arc' into LogMiner" @service=redpanda-connect label="" path=root.input
time="2026-09-23T12:24:18+01:00" level=debug msg="Loaded ARCHIVED redo log file '/opt/oracle/oradata/recovery_area/FREE/archivelog/2026_09_16/o1_mf_1_1201_obobos4p_.arc' into LogMiner" @service=redpanda-connect label="" path=root.input
time="2026-09-23T12:24:18+01:00" level=debug msg="Loaded ARCHIVED redo log file '/opt/oracle/oradata/recovery_area/FREE/archivelog/2026_09_16/o1_mf_1_1202_obobqo71_.arc' into LogMiner" @service=redpanda-connect label="" path=root.input
time="2026-09-23T12:24:18+01:00" level=debug msg="Loaded ARCHIVED redo log file '/opt/oracle/oradata/recovery_area/FREE/archivelog/2026_09_16/o1_mf_1_1203_obobskb4_.arc' into LogMiner" @service=redpanda-connect label="" path=root.input
time="2026-09-23T12:24:18+01:00" level=debug msg="Loaded ARCHIVED redo log file '/opt/oracle/oradata/recovery_area/FREE/archivelog/2026_09_16/o1_mf_1_1204_obobvfd2_.arc' into LogMiner" @service=redpanda-connect label="" path=root.input
time="2026-09-23T12:24:18+01:00" level=debug msg="Loaded ARCHIVED redo log file '/opt/oracle/oradata/recovery_area/FREE/archivelog/2026_09_16/o1_mf_1_1205_obobx9h5_.arc' into LogMiner" @service=redpanda-connect label="" path=root.input
time="2026-09-23T12:24:18+01:00" level=debug msg="Loaded ARCHIVED redo log file '/opt/oracle/oradata/recovery_area/FREE/archivelog/2026_09_16/o1_mf_1_1206_obobz5kt_.arc' into LogMiner" @service=redpanda-connect label="" path=root.input
time="2026-09-23T12:24:18+01:00" level=debug msg="Loaded ARCHIVED redo log file '/opt/oracle/oradata/recovery_area/FREE/archivelog/2026_09_16/o1_mf_1_1207_oboc11nv_.arc' into LogMiner" @service=redpanda-connect label="" path=root.input
time="2026-09-23T12:24:18+01:00" level=debug msg="Loaded ARCHIVED redo log file '/opt/oracle/oradata/recovery_area/FREE/archivelog/2026_09_16/o1_mf_1_1208_oboc2xpx_.arc' into LogMiner" @service=redpanda-connect label="" path=root.input
time="2026-09-23T12:24:18+01:00" level=debug msg="Loaded ARCHIVED redo log file '/opt/oracle/oradata/recovery_area/FREE/archivelog/2026_09_16/o1_mf_1_1209_oboc4sst_.arc' into LogMiner" @service=redpanda-connect label="" path=root.input
time="2026-09-23T12:24:18+01:00" level=debug msg="Loaded ARCHIVED redo log file '/opt/oracle/oradata/recovery_area/FREE/archivelog/2026_09_16/o1_mf_1_1210_oboc6owc_.arc' into LogMiner" @service=redpanda-connect label="" path=root.input
time="2026-09-23T12:24:18+01:00" level=debug msg="Loaded ARCHIVED redo log file '/opt/oracle/oradata/recovery_area/FREE/archivelog/2026_09_16/o1_mf_1_1211_oboc8kyd_.arc' into LogMiner" @service=redpanda-connect label="" path=root.input
time="2026-09-23T12:24:18+01:00" level=debug msg="Loaded ARCHIVED redo log file '/opt/oracle/oradata/recovery_area/FREE/archivelog/2026_09_16/o1_mf_1_1212_obocbg23_.arc' into LogMiner" @service=redpanda-connect label="" path=root.input
time="2026-09-23T12:24:18+01:00" level=debug msg="Loaded ARCHIVED redo log file '/opt/oracle/oradata/recovery_area/FREE/archivelog/2026_09_16/o1_mf_1_1213_obocdb4w_.arc' into LogMiner" @service=redpanda-connect label="" path=root.input
time="2026-09-23T12:24:18+01:00" level=debug msg="Loaded ARCHIVED redo log file '/opt/oracle/oradata/recovery_area/FREE/archivelog/2026_09_16/o1_mf_1_1214_obocg67z_.arc' into LogMiner" @service=redpanda-connect label="" path=root.input
time="2026-09-23T12:24:18+01:00" level=debug msg="Loaded ARCHIVED redo log file '/opt/oracle/oradata/recovery_area/FREE/archivelog/2026_09_16/o1_mf_1_1215_obocj2c0_.arc' into LogMiner" @service=redpanda-connect label="" path=root.input
time="2026-09-23T12:24:18+01:00" level=debug msg="Loaded ARCHIVED redo log file '/opt/oracle/oradata/recovery_area/FREE/archivelog/2026_09_16/o1_mf_1_1216_obockyg4_.arc' into LogMiner" @service=redpanda-connect label="" path=root.input
time="2026-09-23T12:24:18+01:00" level=debug msg="Loaded ARCHIVED redo log file '/opt/oracle/oradata/recovery_area/FREE/archivelog/2026_09_16/o1_mf_1_1217_obocmthy_.arc' into LogMiner" @service=redpanda-connect label="" path=root.input
time="2026-09-23T12:24:18+01:00" level=debug msg="Loaded ARCHIVED redo log file '/opt/oracle/oradata/recovery_area/FREE/archivelog/2026_09_16/o1_mf_1_1218_obocoplc_.arc' into LogMiner" @service=redpanda-connect label="" path=root.input
time="2026-09-23T12:24:18+01:00" level=debug msg="Loaded ARCHIVED redo log file '/opt/oracle/oradata/recovery_area/FREE/archivelog/2026_09_16/o1_mf_1_1219_obocqlo9_.arc' into LogMiner" @service=redpanda-connect label="" path=root.input
time="2026-09-23T12:24:18+01:00" level=debug msg="Loaded ARCHIVED redo log file '/opt/oracle/oradata/recovery_area/FREE/archivelog/2026_09_16/o1_mf_1_1220_obocsgr4_.arc' into LogMiner" @service=redpanda-connect label="" path=root.input
time="2026-09-23T12:24:18+01:00" level=debug msg="Loaded ARCHIVED redo log file '/opt/oracle/oradata/recovery_area/FREE/archivelog/2026_09_16/o1_mf_1_1221_obocvbvg_.arc' into LogMiner" @service=redpanda-connect label="" path=root.input
time="2026-09-23T12:24:18+01:00" level=debug msg="Loaded ARCHIVED redo log file '/opt/oracle/oradata/recovery_area/FREE/archivelog/2026_09_16/o1_mf_1_1222_obocx6xw_.arc' into LogMiner" @service=redpanda-connect label="" path=root.input
time="2026-09-23T12:24:18+01:00" level=debug msg="Loaded ARCHIVED redo log file '/opt/oracle/oradata/recovery_area/FREE/archivelog/2026_09_16/o1_mf_1_1223_obocz31h_.arc' into LogMiner" @service=redpanda-connect label="" path=root.input
time="2026-09-23T12:24:18+01:00" level=debug msg="Loaded ARCHIVED redo log file '/opt/oracle/oradata/recovery_area/FREE/archivelog/2026_09_16/o1_mf_1_1224_obod0w3m_.arc' into LogMiner" @service=redpanda-connect label="" path=root.input
time="2026-09-23T12:24:18+01:00" level=debug msg="Loaded ARCHIVED redo log file '/opt/oracle/oradata/recovery_area/FREE/archivelog/2026_09_16/o1_mf_1_1225_obod2r68_.arc' into LogMiner" @service=redpanda-connect label="" path=root.input
time="2026-09-23T12:24:18+01:00" level=debug msg="Loaded ARCHIVED redo log file '/opt/oracle/oradata/recovery_area/FREE/archivelog/2026_09_16/o1_mf_1_1226_obod4n9w_.arc' into LogMiner" @service=redpanda-connect label="" path=root.input
time="2026-09-23T12:24:18+01:00" level=debug msg="Loaded ARCHIVED redo log file '/opt/oracle/oradata/recovery_area/FREE/archivelog/2026_09_16/o1_mf_1_1227_obod6jds_.arc' into LogMiner" @service=redpanda-connect label="" path=root.input
time="2026-09-23T12:24:18+01:00" level=debug msg="Loaded ARCHIVED redo log file '/opt/oracle/oradata/recovery_area/FREE/archivelog/2026_09_16/o1_mf_1_1228_obod8dhw_.arc' into LogMiner" @service=redpanda-connect label="" path=root.input
time="2026-09-23T12:24:18+01:00" level=debug msg="Loaded ARCHIVED redo log file '/opt/oracle/oradata/recovery_area/FREE/archivelog/2026_09_16/o1_mf_1_1229_obodb8kw_.arc' into LogMiner" @service=redpanda-connect label="" path=root.input
time="2026-09-23T12:24:18+01:00" level=debug msg="Loaded ARCHIVED redo log file '/opt/oracle/oradata/recovery_area/FREE/archivelog/2026_09_16/o1_mf_1_1230_obodd4nm_.arc' into LogMiner" @service=redpanda-connect label="" path=root.input
time="2026-09-23T12:24:18+01:00" level=debug msg="Loaded ARCHIVED redo log file '/opt/oracle/oradata/recovery_area/FREE/archivelog/2026_09_16/o1_mf_1_1231_obodg0qd_.arc' into LogMiner" @service=redpanda-connect label="" path=root.input
time="2026-09-23T12:24:18+01:00" level=debug msg="Loaded ARCHIVED redo log file '/opt/oracle/oradata/recovery_area/FREE/archivelog/2026_09_16/o1_mf_1_1232_obodhwtk_.arc' into LogMiner" @service=redpanda-connect label="" path=root.input
time="2026-09-23T12:24:18+01:00" level=debug msg="Loaded ARCHIVED redo log file '/opt/oracle/oradata/recovery_area/FREE/archivelog/2026_09_16/o1_mf_1_1233_obodkrwm_.arc' into LogMiner" @service=redpanda-connect label="" path=root.input
time="2026-09-23T12:24:18+01:00" level=debug msg="Loaded ARCHIVED redo log file '/opt/oracle/oradata/recovery_area/FREE/archivelog/2026_09_16/o1_mf_1_1234_obodmnyo_.arc' into LogMiner" @service=redpanda-connect label="" path=root.input
time="2026-09-23T12:24:18+01:00" level=debug msg="Loaded ARCHIVED redo log file '/opt/oracle/oradata/recovery_area/FREE/archivelog/2026_09_16/o1_mf_1_1235_obodok27_.arc' into LogMiner" @service=redpanda-connect label="" path=root.input
time="2026-09-23T12:24:18+01:00" level=debug msg="Loaded ARCHIVED redo log file '/opt/oracle/oradata/recovery_area/FREE/archivelog/2026_09_16/o1_mf_1_1236_obodqf49_.arc' into LogMiner" @service=redpanda-connect label="" path=root.input
time="2026-09-23T12:24:18+01:00" level=debug msg="Loaded ARCHIVED redo log file '/opt/oracle/oradata/recovery_area/FREE/archivelog/2026_09_16/o1_mf_1_1237_obods973_.arc' into LogMiner" @service=redpanda-connect label="" path=root.input
time="2026-09-23T12:24:18+01:00" level=debug msg="Loaded ARCHIVED redo log file '/opt/oracle/oradata/recovery_area/FREE/archivelog/2026_09_16/o1_mf_1_1238_obodv590_.arc' into LogMiner" @service=redpanda-connect label="" path=root.input
time="2026-09-23T12:24:18+01:00" level=debug msg="Loaded ARCHIVED redo log file '/opt/oracle/oradata/recovery_area/FREE/archivelog/2026_09_16/o1_mf_1_1239_obodx1cq_.arc' into LogMiner" @service=redpanda-connect label="" path=root.input
time="2026-09-23T12:24:18+01:00" level=debug msg="Loaded ARCHIVED redo log file '/opt/oracle/oradata/recovery_area/FREE/archivelog/2026_09_16/o1_mf_1_1240_obodyxfh_.arc' into LogMiner" @service=redpanda-connect label="" path=root.input
time="2026-09-23T12:24:18+01:00" level=debug msg="Loaded ARCHIVED redo log file '/opt/oracle/oradata/recovery_area/FREE/archivelog/2026_09_16/o1_mf_1_1241_obof0sjc_.arc' into LogMiner" @service=redpanda-connect label="" path=root.input
time="2026-09-23T12:24:18+01:00" level=debug msg="Loaded ARCHIVED redo log file '/opt/oracle/oradata/recovery_area/FREE/archivelog/2026_09_16/o1_mf_1_1242_obof2om5_.arc' into LogMiner" @service=redpanda-connect label="" path=root.input
time="2026-09-23T12:24:18+01:00" level=debug msg="Loaded ARCHIVED redo log file '/opt/oracle/oradata/recovery_area/FREE/archivelog/2026_09_16/o1_mf_1_1243_obof4kp5_.arc' into LogMiner" @service=redpanda-connect label="" path=root.input
time="2026-09-23T12:24:18+01:00" level=debug msg="Loaded ARCHIVED redo log file '/opt/oracle/oradata/recovery_area/FREE/archivelog/2026_09_16/o1_mf_1_1244_obof6frm_.arc' into LogMiner" @service=redpanda-connect label="" path=root.input
time="2026-09-23T12:24:18+01:00" level=debug msg="Loaded ARCHIVED redo log file '/opt/oracle/oradata/recovery_area/FREE/archivelog/2026_09_16/o1_mf_1_1245_obof89vn_.arc' into LogMiner" @service=redpanda-connect label="" path=root.input
time="2026-09-23T12:24:18+01:00" level=debug msg="Loaded ARCHIVED redo log file '/opt/oracle/oradata/recovery_area/FREE/archivelog/2026_09_16/o1_mf_1_1246_obofb5ym_.arc' into LogMiner" @service=redpanda-connect label="" path=root.input
time="2026-09-23T12:24:18+01:00" level=debug msg="Loaded ARCHIVED redo log file '/opt/oracle/oradata/recovery_area/FREE/archivelog/2026_09_16/o1_mf_1_1247_obofd532_.arc' into LogMiner" @service=redpanda-connect label="" path=root.input
time="2026-09-23T12:24:18+01:00" level=debug msg="Loaded ARCHIVED redo log file '/opt/oracle/oradata/recovery_area/FREE/archivelog/2026_09_16/o1_mf_1_1248_obofg45h_.arc' into LogMiner" @service=redpanda-connect label="" path=root.input
time="2026-09-23T12:24:18+01:00" level=debug msg="Loaded ARCHIVED redo log file '/opt/oracle/oradata/recovery_area/FREE/archivelog/2026_09_16/o1_mf_1_1249_obofj08c_.arc' into LogMiner" @service=redpanda-connect label="" path=root.input
time="2026-09-23T12:24:18+01:00" level=debug msg="Loaded ARCHIVED redo log file '/opt/oracle/oradata/recovery_area/FREE/archivelog/2026_09_16/o1_mf_1_1250_obofkwch_.arc' into LogMiner" @service=redpanda-connect label="" path=root.input
time="2026-09-23T12:24:18+01:00" level=debug msg="Loaded ARCHIVED redo log file '/opt/oracle/oradata/recovery_area/FREE/archivelog/2026_09_16/o1_mf_1_1251_obofmrfx_.arc' into LogMiner" @service=redpanda-connect label="" path=root.input
time="2026-09-23T12:24:18+01:00" level=debug msg="Loaded ARCHIVED redo log file '/opt/oracle/oradata/recovery_area/FREE/archivelog/2026_09_16/o1_mf_1_1252_obofonjn_.arc' into LogMiner" @service=redpanda-connect label="" path=root.input
time="2026-09-23T12:24:18+01:00" level=debug msg="Loaded ARCHIVED redo log file '/opt/oracle/oradata/recovery_area/FREE/archivelog/2026_09_16/o1_mf_1_1253_obofqjn0_.arc' into LogMiner" @service=redpanda-connect label="" path=root.input
time="2026-09-23T12:24:18+01:00" level=debug msg="Loaded ARCHIVED redo log file '/opt/oracle/oradata/recovery_area/FREE/archivelog/2026_09_16/o1_mf_1_1254_obofsdpb_.arc' into LogMiner" @service=redpanda-connect label="" path=root.input
time="2026-09-23T12:24:18+01:00" level=debug msg="Loaded ARCHIVED redo log file '/opt/oracle/oradata/recovery_area/FREE/archivelog/2026_09_16/o1_mf_1_1255_obofv8s5_.arc' into LogMiner" @service=redpanda-connect label="" path=root.input
time="2026-09-23T12:24:18+01:00" level=debug msg="Loaded ARCHIVED redo log file '/opt/oracle/oradata/recovery_area/FREE/archivelog/2026_09_16/o1_mf_1_1256_obofx4vn_.arc' into LogMiner" @service=redpanda-connect label="" path=root.input
time="2026-09-23T12:24:18+01:00" level=debug msg="Loaded ARCHIVED redo log file '/opt/oracle/oradata/recovery_area/FREE/archivelog/2026_09_16/o1_mf_1_1257_obofz0yp_.arc' into LogMiner" @service=redpanda-connect label="" path=root.input
time="2026-09-23T12:24:18+01:00" level=debug msg="Loaded ARCHIVED redo log file '/opt/oracle/oradata/recovery_area/FREE/archivelog/2026_09_16/o1_mf_1_1258_obog0x24_.arc' into LogMiner" @service=redpanda-connect label="" path=root.input
time="2026-09-23T12:24:18+01:00" level=debug msg="Loaded ARCHIVED redo log file '/opt/oracle/oradata/recovery_area/FREE/archivelog/2026_09_16/o1_mf_1_1259_obog2p4g_.arc' into LogMiner" @service=redpanda-connect label="" path=root.input
time="2026-09-23T12:24:18+01:00" level=debug msg="Loaded ARCHIVED redo log file '/opt/oracle/oradata/recovery_area/FREE/archivelog/2026_09_16/o1_mf_1_1260_obog4l72_.arc' into LogMiner" @service=redpanda-connect label="" path=root.input
time="2026-09-23T12:24:18+01:00" level=debug msg="Loaded ARCHIVED redo log file '/opt/oracle/oradata/recovery_area/FREE/archivelog/2026_09_16/o1_mf_1_1261_obog6g9z_.arc' into LogMiner" @service=redpanda-connect label="" path=root.input
time="2026-09-23T12:24:18+01:00" level=debug msg="Loaded ARCHIVED redo log file '/opt/oracle/oradata/recovery_area/FREE/archivelog/2026_09_16/o1_mf_1_1262_obog8bf3_.arc' into LogMiner" @service=redpanda-connect label="" path=root.input
time="2026-09-23T12:24:18+01:00" level=debug msg="Loaded ARCHIVED redo log file '/opt/oracle/oradata/recovery_area/FREE/archivelog/2026_09_16/o1_mf_1_1263_obogb6h7_.arc' into LogMiner" @service=redpanda-connect label="" path=root.input
time="2026-09-23T12:24:18+01:00" level=debug msg="Loaded ARCHIVED redo log file '/opt/oracle/oradata/recovery_area/FREE/archivelog/2026_09_16/o1_mf_1_1264_obogd2kj_.arc' into LogMiner" @service=redpanda-connect label="" path=root.input
time="2026-09-23T12:24:18+01:00" level=debug msg="Loaded ARCHIVED redo log file '/opt/oracle/oradata/recovery_area/FREE/archivelog/2026_09_16/o1_mf_1_1265_obogg0b5_.arc' into LogMiner" @service=redpanda-connect label="" path=root.input
time="2026-09-23T12:24:18+01:00" level=debug msg="Loaded ARCHIVED redo log file '/opt/oracle/oradata/recovery_area/FREE/archivelog/2026_09_16/o1_mf_1_1266_oboghwd5_.arc' into LogMiner" @service=redpanda-connect label="" path=root.input
time="2026-09-23T12:24:18+01:00" level=debug msg="Loaded ARCHIVED redo log file '/opt/oracle/oradata/recovery_area/FREE/archivelog/2026_09_16/o1_mf_1_1267_obogkrgr_.arc' into LogMiner" @service=redpanda-connect label="" path=root.input
time="2026-09-23T12:24:18+01:00" level=debug msg="Loaded ARCHIVED redo log file '/opt/oracle/oradata/recovery_area/FREE/archivelog/2026_09_16/o1_mf_1_1268_obogmnkk_.arc' into LogMiner" @service=redpanda-connect label="" path=root.input
time="2026-09-23T12:24:18+01:00" level=debug msg="Loaded ARCHIVED redo log file '/opt/oracle/oradata/recovery_area/FREE/archivelog/2026_09_16/o1_mf_1_1269_obogojn3_.arc' into LogMiner" @service=redpanda-connect label="" path=root.input
time="2026-09-23T12:24:18+01:00" level=debug msg="Loaded ARCHIVED redo log file '/opt/oracle/oradata/recovery_area/FREE/archivelog/2026_09_16/o1_mf_1_1270_obogqdpv_.arc' into LogMiner" @service=redpanda-connect label="" path=root.input
time="2026-09-23T12:24:18+01:00" level=debug msg="Loaded ARCHIVED redo log file '/opt/oracle/oradata/recovery_area/FREE/archivelog/2026_09_16/o1_mf_1_1271_obogs8sh_.arc' into LogMiner" @service=redpanda-connect label="" path=root.input
time="2026-09-23T12:24:18+01:00" level=debug msg="Loaded ARCHIVED redo log file '/opt/oracle/oradata/recovery_area/FREE/archivelog/2026_09_16/o1_mf_1_1272_obogv4w2_.arc' into LogMiner" @service=redpanda-connect label="" path=root.input
time="2026-09-23T12:24:18+01:00" level=debug msg="Loaded ARCHIVED redo log file '/opt/oracle/oradata/recovery_area/FREE/archivelog/2026_09_16/o1_mf_1_1273_obogx10h_.arc' into LogMiner" @service=redpanda-connect label="" path=root.input
time="2026-09-23T12:24:18+01:00" level=debug msg="Loaded ARCHIVED redo log file '/opt/oracle/oradata/recovery_area/FREE/archivelog/2026_09_16/o1_mf_1_1274_obogyx2m_.arc' into LogMiner" @service=redpanda-connect label="" path=root.input
time="2026-09-23T12:24:18+01:00" level=debug msg="Loaded ARCHIVED redo log file '/opt/oracle/oradata/recovery_area/FREE/archivelog/2026_09_16/o1_mf_1_1275_oboh0p5v_.arc' into LogMiner" @service=redpanda-connect label="" path=root.input
time="2026-09-23T12:24:18+01:00" level=debug msg="Loaded ARCHIVED redo log file '/opt/oracle/oradata/recovery_area/FREE/archivelog/2026_09_16/o1_mf_1_1276_oboh2l81_.arc' into LogMiner" @service=redpanda-connect label="" path=root.input
time="2026-09-23T12:24:18+01:00" level=debug msg="Loaded ARCHIVED redo log file '/opt/oracle/oradata/recovery_area/FREE/archivelog/2026_09_16/o1_mf_1_1277_oboh4gbg_.arc' into LogMiner" @service=redpanda-connect label="" path=root.input
time="2026-09-23T12:24:18+01:00" level=debug msg="Loaded ARCHIVED redo log file '/opt/oracle/oradata/recovery_area/FREE/archivelog/2026_09_16/o1_mf_1_1278_oboh6bdk_.arc' into LogMiner" @service=redpanda-connect label="" path=root.input
time="2026-09-23T12:24:18+01:00" level=debug msg="Loaded ARCHIVED redo log file '/opt/oracle/oradata/recovery_area/FREE/archivelog/2026_09_16/o1_mf_1_1279_oboh86gx_.arc' into LogMiner" @service=redpanda-connect label="" path=root.input
time="2026-09-23T12:24:18+01:00" level=debug msg="Loaded ARCHIVED redo log file '/opt/oracle/oradata/recovery_area/FREE/archivelog/2026_09_16/o1_mf_1_1280_obohb2kf_.arc' into LogMiner" @service=redpanda-connect label="" path=root.input
time="2026-09-23T12:24:18+01:00" level=debug msg="Loaded ARCHIVED redo log file '/opt/oracle/oradata/recovery_area/FREE/archivelog/2026_09_16/o1_mf_1_1281_obohcymq_.arc' into LogMiner" @service=redpanda-connect label="" path=root.input
time="2026-09-23T12:24:18+01:00" level=debug msg="Loaded ARCHIVED redo log file '/opt/oracle/oradata/recovery_area/FREE/archivelog/2026_09_16/o1_mf_1_1282_obohftpv_.arc' into LogMiner" @service=redpanda-connect label="" path=root.input
time="2026-09-23T12:24:18+01:00" level=debug msg="Loaded ARCHIVED redo log file '/opt/oracle/oradata/recovery_area/FREE/archivelog/2026_09_16/o1_mf_1_1283_obohhpst_.arc' into LogMiner" @service=redpanda-connect label="" path=root.input
time="2026-09-23T12:24:18+01:00" level=debug msg="Loaded ARCHIVED redo log file '/opt/oracle/oradata/recovery_area/FREE/archivelog/2026_09_16/o1_mf_1_1284_obohklxs_.arc' into LogMiner" @service=redpanda-connect label="" path=root.input
time="2026-09-23T12:24:18+01:00" level=debug msg="Loaded ARCHIVED redo log file '/opt/oracle/oradata/recovery_area/FREE/archivelog/2026_09_16/o1_mf_1_1285_obohmh1p_.arc' into LogMiner" @service=redpanda-connect label="" path=root.input
time="2026-09-23T12:24:18+01:00" level=debug msg="Loaded ARCHIVED redo log file '/opt/oracle/oradata/recovery_area/FREE/archivelog/2026_09_16/o1_mf_1_1286_obohoc5n_.arc' into LogMiner" @service=redpanda-connect label="" path=root.input
time="2026-09-23T12:24:18+01:00" level=debug msg="Loaded ARCHIVED redo log file '/opt/oracle/oradata/recovery_area/FREE/archivelog/2026_09_16/o1_mf_1_1287_obohq77y_.arc' into LogMiner" @service=redpanda-connect label="" path=root.input
time="2026-09-23T12:24:18+01:00" level=debug msg="Loaded ARCHIVED redo log file '/opt/oracle/oradata/recovery_area/FREE/archivelog/2026_09_16/o1_mf_1_1288_obohs3cr_.arc' into LogMiner" @service=redpanda-connect label="" path=root.input
time="2026-09-23T12:24:18+01:00" level=debug msg="Loaded ARCHIVED redo log file '/opt/oracle/oradata/recovery_area/FREE/archivelog/2026_09_16/o1_mf_1_1289_obohtzh6_.arc' into LogMiner" @service=redpanda-connect label="" path=root.input
time="2026-09-23T12:24:18+01:00" level=debug msg="Loaded ARCHIVED redo log file '/opt/oracle/oradata/recovery_area/FREE/archivelog/2026_09_16/o1_mf_1_1290_obohwvll_.arc' into LogMiner" @service=redpanda-connect label="" path=root.input
time="2026-09-23T12:24:18+01:00" level=debug msg="Loaded ARCHIVED redo log file '/opt/oracle/oradata/recovery_area/FREE/archivelog/2026_09_16/o1_mf_1_1291_obohyqp4_.arc' into LogMiner" @service=redpanda-connect label="" path=root.input
time="2026-09-23T12:24:18+01:00" level=debug msg="Loaded ARCHIVED redo log file '/opt/oracle/oradata/recovery_area/FREE/archivelog/2026_09_16/o1_mf_1_1292_obop9kb3_.arc' into LogMiner" @service=redpanda-connect label="" path=root.input
time="2026-09-23T12:24:18+01:00" level=debug msg="Loaded ARCHIVED redo log file '/opt/oracle/oradata/recovery_area/FREE/archivelog/2026_09_16/o1_mf_1_1293_obopcfck_.arc' into LogMiner" @service=redpanda-connect label="" path=root.input
time="2026-09-23T12:24:18+01:00" level=debug msg="Loaded ARCHIVED redo log file '/opt/oracle/oradata/recovery_area/FREE/archivelog/2026_09_16/o1_mf_1_1294_obopf9fn_.arc' into LogMiner" @service=redpanda-connect label="" path=root.input
time="2026-09-23T12:24:18+01:00" level=debug msg="Loaded ARCHIVED redo log file '/opt/oracle/oradata/recovery_area/FREE/archivelog/2026_09_16/o1_mf_1_1295_oboph5j9_.arc' into LogMiner" @service=redpanda-connect label="" path=root.input
time="2026-09-23T12:24:18+01:00" level=debug msg="Loaded ARCHIVED redo log file '/opt/oracle/oradata/recovery_area/FREE/archivelog/2026_09_16/o1_mf_1_1296_obopk1lf_.arc' into LogMiner" @service=redpanda-connect label="" path=root.input
time="2026-09-23T12:24:18+01:00" level=debug msg="Loaded ARCHIVED redo log file '/opt/oracle/oradata/recovery_area/FREE/archivelog/2026_09_16/o1_mf_1_1297_oboplxnx_.arc' into LogMiner" @service=redpanda-connect label="" path=root.input
time="2026-09-23T12:24:18+01:00" level=debug msg="Loaded ARCHIVED redo log file '/opt/oracle/oradata/recovery_area/FREE/archivelog/2026_09_16/o1_mf_1_1298_obopnsr1_.arc' into LogMiner" @service=redpanda-connect label="" path=root.input
time="2026-09-23T12:24:18+01:00" level=debug msg="Loaded ARCHIVED redo log file '/opt/oracle/oradata/recovery_area/FREE/archivelog/2026_09_16/o1_mf_1_1299_oboppoto_.arc' into LogMiner" @service=redpanda-connect label="" path=root.input
time="2026-09-23T12:24:18+01:00" level=debug msg="Loaded ARCHIVED redo log file '/opt/oracle/oradata/recovery_area/FREE/archivelog/2026_09_16/o1_mf_1_1300_oboprkxk_.arc' into LogMiner" @service=redpanda-connect label="" path=root.input
time="2026-09-23T12:24:18+01:00" level=debug msg="Loaded ARCHIVED redo log file '/opt/oracle/oradata/recovery_area/FREE/archivelog/2026_09_16/o1_mf_1_1301_oboptg1q_.arc' into LogMiner" @service=redpanda-connect label="" path=root.input
time="2026-09-23T12:24:18+01:00" level=debug msg="Loaded ARCHIVED redo log file '/opt/oracle/oradata/recovery_area/FREE/archivelog/2026_09_16/o1_mf_1_1302_obopwb4t_.arc' into LogMiner" @service=redpanda-connect label="" path=root.input
time="2026-09-23T12:24:18+01:00" level=debug msg="Loaded ARCHIVED redo log file '/opt/oracle/oradata/recovery_area/FREE/archivelog/2026_09_16/o1_mf_1_1303_obopy670_.arc' into LogMiner" @service=redpanda-connect label="" path=root.input
time="2026-09-23T12:24:18+01:00" level=debug msg="Loaded ARCHIVED redo log file '/opt/oracle/oradata/recovery_area/FREE/archivelog/2026_09_16/o1_mf_1_1304_oboq02b2_.arc' into LogMiner" @service=redpanda-connect label="" path=root.input
time="2026-09-23T12:24:18+01:00" level=debug msg="Loaded ARCHIVED redo log file '/opt/oracle/oradata/recovery_area/FREE/archivelog/2026_09_16/o1_mf_1_1305_oboq1yf8_.arc' into LogMiner" @service=redpanda-connect label="" path=root.input
time="2026-09-23T12:24:18+01:00" level=debug msg="Loaded ARCHIVED redo log file '/opt/oracle/oradata/recovery_area/FREE/archivelog/2026_09_16/o1_mf_1_1306_oboq3xhw_.arc' into LogMiner" @service=redpanda-connect label="" path=root.input
time="2026-09-23T12:24:18+01:00" level=debug msg="Loaded ARCHIVED redo log file '/opt/oracle/oradata/recovery_area/FREE/archivelog/2026_09_16/o1_mf_1_1307_oboq5wlg_.arc' into LogMiner" @service=redpanda-connect label="" path=root.input
time="2026-09-23T12:24:18+01:00" level=debug msg="Loaded ARCHIVED redo log file '/opt/oracle/oradata/recovery_area/FREE/archivelog/2026_09_16/o1_mf_1_1308_oboxqs8g_.arc' into LogMiner" @service=redpanda-connect label="" path=root.input
time="2026-09-23T12:24:18+01:00" level=debug msg="Loaded ARCHIVED redo log file '/opt/oracle/oradata/recovery_area/FREE/archivelog/2026_09_16/o1_mf_1_1309_oboxslbr_.arc' into LogMiner" @service=redpanda-connect label="" path=root.input
time="2026-09-23T12:24:18+01:00" level=debug msg="Loaded ARCHIVED redo log file '/opt/oracle/oradata/recovery_area/FREE/archivelog/2026_09_16/o1_mf_1_1310_oboxvgff_.arc' into LogMiner" @service=redpanda-connect label="" path=root.input
time="2026-09-23T12:24:18+01:00" level=debug msg="Loaded ARCHIVED redo log file '/opt/oracle/oradata/recovery_area/FREE/archivelog/2026_09_16/o1_mf_1_1311_oboxxbjf_.arc' into LogMiner" @service=redpanda-connect label="" path=root.input
time="2026-09-23T12:24:18+01:00" level=debug msg="Loaded ARCHIVED redo log file '/opt/oracle/oradata/recovery_area/FREE/archivelog/2026_09_16/o1_mf_1_1312_oboxz6lj_.arc' into LogMiner" @service=redpanda-connect label="" path=root.input
time="2026-09-23T12:24:18+01:00" level=debug msg="Loaded ARCHIVED redo log file '/opt/oracle/oradata/recovery_area/FREE/archivelog/2026_09_16/o1_mf_1_1313_oboy12o1_.arc' into LogMiner" @service=redpanda-connect label="" path=root.input
time="2026-09-23T12:24:18+01:00" level=debug msg="Loaded ARCHIVED redo log file '/opt/oracle/oradata/recovery_area/FREE/archivelog/2026_09_16/o1_mf_1_1314_oboy2ypz_.arc' into LogMiner" @service=redpanda-connect label="" path=root.input
time="2026-09-23T12:24:18+01:00" level=debug msg="Loaded ARCHIVED redo log file '/opt/oracle/oradata/recovery_area/FREE/archivelog/2026_09_16/o1_mf_1_1315_oboy4ts2_.arc' into LogMiner" @service=redpanda-connect label="" path=root.input
time="2026-09-23T12:24:18+01:00" level=debug msg="Loaded ARCHIVED redo log file '/opt/oracle/oradata/recovery_area/FREE/archivelog/2026_09_16/o1_mf_1_1316_oboy6pv1_.arc' into LogMiner" @service=redpanda-connect label="" path=root.input
time="2026-09-23T12:24:18+01:00" level=debug msg="Loaded ARCHIVED redo log file '/opt/oracle/oradata/recovery_area/FREE/archivelog/2026_09_16/o1_mf_1_1317_oboy8lxd_.arc' into LogMiner" @service=redpanda-connect label="" path=root.input
time="2026-09-23T12:24:18+01:00" level=debug msg="Loaded ARCHIVED redo log file '/opt/oracle/oradata/recovery_area/FREE/archivelog/2026_09_16/o1_mf_1_1318_oboybh0j_.arc' into LogMiner" @service=redpanda-connect label="" path=root.input
time="2026-09-23T12:24:18+01:00" level=debug msg="Loaded ARCHIVED redo log file '/opt/oracle/oradata/recovery_area/FREE/archivelog/2026_09_16/o1_mf_1_1319_oboydc2k_.arc' into LogMiner" @service=redpanda-connect label="" path=root.input
time="2026-09-23T12:24:18+01:00" level=debug msg="Loaded ARCHIVED redo log file '/opt/oracle/oradata/recovery_area/FREE/archivelog/2026_09_16/o1_mf_1_1320_oboyg74z_.arc' into LogMiner" @service=redpanda-connect label="" path=root.input
time="2026-09-23T12:24:18+01:00" level=debug msg="Loaded ARCHIVED redo log file '/opt/oracle/oradata/recovery_area/FREE/archivelog/2026_09_16/o1_mf_1_1321_oboyj36z_.arc' into LogMiner" @service=redpanda-connect label="" path=root.input
time="2026-09-23T12:24:18+01:00" level=debug msg="Loaded ARCHIVED redo log file '/opt/oracle/oradata/recovery_area/FREE/archivelog/2026_09_16/o1_mf_1_1322_oboykz8s_.arc' into LogMiner" @service=redpanda-connect label="" path=root.input
time="2026-09-23T12:24:18+01:00" level=debug msg="Loaded ARCHIVED redo log file '/opt/oracle/oradata/recovery_area/FREE/archivelog/2026_09_16/o1_mf_1_1323_oboymvbw_.arc' into LogMiner" @service=redpanda-connect label="" path=root.input
time="2026-09-23T12:24:18+01:00" level=debug msg="Loaded ARCHIVED redo log file '/opt/oracle/oradata/recovery_area/FREE/archivelog/2026_09_16/o1_mf_1_1324_oboyoqff_.arc' into LogMiner" @service=redpanda-connect label="" path=root.input
time="2026-09-23T12:24:18+01:00" level=debug msg="Loaded ARCHIVED redo log file '/opt/oracle/oradata/recovery_area/FREE/archivelog/2026_09_16/o1_mf_1_1325_oboyqmhv_.arc' into LogMiner" @service=redpanda-connect label="" path=root.input
time="2026-09-23T12:24:18+01:00" level=debug msg="Loaded ARCHIVED redo log file '/opt/oracle/oradata/recovery_area/FREE/archivelog/2026_09_16/o1_mf_1_1326_oboyshlw_.arc' into LogMiner" @service=redpanda-connect label="" path=root.input
time="2026-09-23T12:24:18+01:00" level=debug msg="Loaded ARCHIVED redo log file '/opt/oracle/oradata/recovery_area/FREE/archivelog/2026_09_16/o1_mf_1_1327_oboyvcpb_.arc' into LogMiner" @service=redpanda-connect label="" path=root.input
time="2026-09-23T12:24:18+01:00" level=debug msg="Loaded ARCHIVED redo log file '/opt/oracle/oradata/recovery_area/FREE/archivelog/2026_09_16/o1_mf_1_1328_oboyx7rq_.arc' into LogMiner" @service=redpanda-connect label="" path=root.input
time="2026-09-23T12:24:18+01:00" level=debug msg="Loaded ARCHIVED redo log file '/opt/oracle/oradata/recovery_area/FREE/archivelog/2026_09_16/o1_mf_1_1329_oboyz3v8_.arc' into LogMiner" @service=redpanda-connect label="" path=root.input
time="2026-09-23T12:24:18+01:00" level=debug msg="Loaded ARCHIVED redo log file '/opt/oracle/oradata/recovery_area/FREE/archivelog/2026_09_16/o1_mf_1_1330_oboz0zy7_.arc' into LogMiner" @service=redpanda-connect label="" path=root.input
time="2026-09-23T12:24:18+01:00" level=debug msg="Loaded ARCHIVED redo log file '/opt/oracle/oradata/recovery_area/FREE/archivelog/2026_09_16/o1_mf_1_1331_oboz2w1h_.arc' into LogMiner" @service=redpanda-connect label="" path=root.input
time="2026-09-23T12:24:18+01:00" level=debug msg="Loaded ARCHIVED redo log file '/opt/oracle/oradata/recovery_area/FREE/archivelog/2026_09_16/o1_mf_1_1332_oboz4r3p_.arc' into LogMiner" @service=redpanda-connect label="" path=root.input
time="2026-09-23T12:24:18+01:00" level=debug msg="Loaded ARCHIVED redo log file '/opt/oracle/oradata/recovery_area/FREE/archivelog/2026_09_16/o1_mf_1_1333_oboz6n5w_.arc' into LogMiner" @service=redpanda-connect label="" path=root.input
time="2026-09-23T12:24:18+01:00" level=debug msg="Loaded ARCHIVED redo log file '/opt/oracle/oradata/recovery_area/FREE/archivelog/2026_09_16/o1_mf_1_1334_obozh9gg_.arc' into LogMiner" @service=redpanda-connect label="" path=root.input
time="2026-09-23T12:24:18+01:00" level=debug msg="Loaded ARCHIVED redo log file '/opt/oracle/oradata/recovery_area/FREE/archivelog/2026_09_16/o1_mf_1_1335_obozk5kb_.arc' into LogMiner" @service=redpanda-connect label="" path=root.input
time="2026-09-23T12:24:18+01:00" level=debug msg="Loaded ARCHIVED redo log file '/opt/oracle/oradata/recovery_area/FREE/archivelog/2026_09_16/o1_mf_1_1336_obozm1nb_.arc' into LogMiner" @service=redpanda-connect label="" path=root.input
time="2026-09-23T12:24:18+01:00" level=debug msg="Loaded ARCHIVED redo log file '/opt/oracle/oradata/recovery_area/FREE/archivelog/2026_09_16/o1_mf_1_1337_oboznxpp_.arc' into LogMiner" @service=redpanda-connect label="" path=root.input
time="2026-09-23T12:24:18+01:00" level=debug msg="Loaded ARCHIVED redo log file '/opt/oracle/oradata/recovery_area/FREE/archivelog/2026_09_16/o1_mf_1_1338_obozpss6_.arc' into LogMiner" @service=redpanda-connect label="" path=root.input
time="2026-09-23T12:24:18+01:00" level=debug msg="Loaded ARCHIVED redo log file '/opt/oracle/oradata/recovery_area/FREE/archivelog/2026_09_16/o1_mf_1_1339_obozrotz_.arc' into LogMiner" @service=redpanda-connect label="" path=root.input
time="2026-09-23T12:24:18+01:00" level=debug msg="Loaded ARCHIVED redo log file '/opt/oracle/oradata/recovery_area/FREE/archivelog/2026_09_16/o1_mf_1_1340_oboztkx8_.arc' into LogMiner" @service=redpanda-connect label="" path=root.input
time="2026-09-23T12:24:18+01:00" level=debug msg="Loaded ARCHIVED redo log file '/opt/oracle/oradata/recovery_area/FREE/archivelog/2026_09_16/o1_mf_1_1341_obozwg08_.arc' into LogMiner" @service=redpanda-connect label="" path=root.input
time="2026-09-23T12:24:18+01:00" level=debug msg="Loaded ARCHIVED redo log file '/opt/oracle/oradata/recovery_area/FREE/archivelog/2026_09_16/o1_mf_1_1342_obozyb2d_.arc' into LogMiner" @service=redpanda-connect label="" path=root.input
time="2026-09-23T12:24:18+01:00" level=debug msg="Loaded ARCHIVED redo log file '/opt/oracle/oradata/recovery_area/FREE/archivelog/2026_09_16/o1_mf_1_1343_obp0063g_.arc' into LogMiner" @service=redpanda-connect label="" path=root.input
time="2026-09-23T12:24:18+01:00" level=debug msg="Loaded ARCHIVED redo log file '/opt/oracle/oradata/recovery_area/FREE/archivelog/2026_09_16/o1_mf_1_1344_obp0225r_.arc' into LogMiner" @service=redpanda-connect label="" path=root.input
time="2026-09-23T12:24:18+01:00" level=debug msg="Loaded ARCHIVED redo log file '/opt/oracle/oradata/recovery_area/FREE/archivelog/2026_09_16/o1_mf_1_1345_obp03y6z_.arc' into LogMiner" @service=redpanda-connect label="" path=root.input
time="2026-09-23T12:24:18+01:00" level=debug msg="Loaded ARCHIVED redo log file '/opt/oracle/oradata/recovery_area/FREE/archivelog/2026_09_16/o1_mf_1_1346_obp05t91_.arc' into LogMiner" @service=redpanda-connect label="" path=root.input
time="2026-09-23T12:24:19+01:00" level=debug msg="Loaded ARCHIVED redo log file '/opt/oracle/oradata/recovery_area/FREE/archivelog/2026_09_16/o1_mf_1_1347_obp07pcf_.arc' into LogMiner" @service=redpanda-connect label="" path=root.input
time="2026-09-23T12:24:19+01:00" level=debug msg="Loaded ARCHIVED redo log file '/opt/oracle/oradata/recovery_area/FREE/archivelog/2026_09_16/o1_mf_1_1348_obp09lfq_.arc' into LogMiner" @service=redpanda-connect label="" path=root.input
time="2026-09-23T12:24:19+01:00" level=debug msg="Loaded ARCHIVED redo log file '/opt/oracle/oradata/recovery_area/FREE/archivelog/2026_09_16/o1_mf_1_1349_obp0cghx_.arc' into LogMiner" @service=redpanda-connect label="" path=root.input
time="2026-09-23T12:24:19+01:00" level=debug msg="Loaded ARCHIVED redo log file '/opt/oracle/oradata/recovery_area/FREE/archivelog/2026_09_16/o1_mf_1_1350_obp0f7lv_.arc' into LogMiner" @service=redpanda-connect label="" path=root.input
time="2026-09-23T12:24:19+01:00" level=debug msg="Loaded ARCHIVED redo log file '/opt/oracle/oradata/recovery_area/FREE/archivelog/2026_09_16/o1_mf_1_1351_obp0h3ol_.arc' into LogMiner" @service=redpanda-connect label="" path=root.input
time="2026-09-23T12:24:19+01:00" level=debug msg="Loaded ARCHIVED redo log file '/opt/oracle/oradata/recovery_area/FREE/archivelog/2026_09_16/o1_mf_1_1352_obp0jzr5_.arc' into LogMiner" @service=redpanda-connect label="" path=root.input
time="2026-09-23T12:24:19+01:00" level=debug msg="Loaded ARCHIVED redo log file '/opt/oracle/oradata/recovery_area/FREE/archivelog/2026_09_16/o1_mf_1_1353_obp0lvtr_.arc' into LogMiner" @service=redpanda-connect label="" path=root.input
time="2026-09-23T12:24:19+01:00" level=debug msg="Loaded ARCHIVED redo log file '/opt/oracle/oradata/recovery_area/FREE/archivelog/2026_09_16/o1_mf_1_1354_obp0nqwx_.arc' into LogMiner" @service=redpanda-connect label="" path=root.input
time="2026-09-23T12:24:19+01:00" level=debug msg="Loaded ARCHIVED redo log file '/opt/oracle/oradata/recovery_area/FREE/archivelog/2026_09_16/o1_mf_1_1355_obp0pmy9_.arc' into LogMiner" @service=redpanda-connect label="" path=root.input
time="2026-09-23T12:24:19+01:00" level=debug msg="Loaded ARCHIVED redo log file '/opt/oracle/oradata/recovery_area/FREE/archivelog/2026_09_16/o1_mf_1_1356_obp0rj23_.arc' into LogMiner" @service=redpanda-connect label="" path=root.input
time="2026-09-23T12:24:19+01:00" level=debug msg="Loaded ARCHIVED redo log file '/opt/oracle/oradata/recovery_area/FREE/archivelog/2026_09_16/o1_mf_1_1357_obp0td4h_.arc' into LogMiner" @service=redpanda-connect label="" path=root.input
time="2026-09-23T12:24:19+01:00" level=debug msg="Loaded ARCHIVED redo log file '/opt/oracle/oradata/recovery_area/FREE/archivelog/2026_09_16/o1_mf_1_1358_obp0w867_.arc' into LogMiner" @service=redpanda-connect label="" path=root.input
time="2026-09-23T12:24:19+01:00" level=debug msg="Loaded ARCHIVED redo log file '/opt/oracle/oradata/recovery_area/FREE/archivelog/2026_09_16/o1_mf_1_1359_obp0y488_.arc' into LogMiner" @service=redpanda-connect label="" path=root.input
time="2026-09-23T12:24:19+01:00" level=debug msg="Loaded ARCHIVED redo log file '/opt/oracle/oradata/recovery_area/FREE/archivelog/2026_09_16/o1_mf_1_1360_obp100c4_.arc' into LogMiner" @service=redpanda-connect label="" path=root.input
time="2026-09-23T12:24:19+01:00" level=debug msg="Loaded ARCHIVED redo log file '/opt/oracle/oradata/recovery_area/FREE/archivelog/2026_09_16/o1_mf_1_1361_obp11wfn_.arc' into LogMiner" @service=redpanda-connect label="" path=root.input
time="2026-09-23T12:24:19+01:00" level=debug msg="Loaded ARCHIVED redo log file '/opt/oracle/oradata/recovery_area/FREE/archivelog/2026_09_16/o1_mf_1_1362_obp13rhl_.arc' into LogMiner" @service=redpanda-connect label="" path=root.input
time="2026-09-23T12:24:19+01:00" level=debug msg="Loaded ARCHIVED redo log file '/opt/oracle/oradata/recovery_area/FREE/archivelog/2026_09_16/o1_mf_1_1363_obp15nkj_.arc' into LogMiner" @service=redpanda-connect label="" path=root.input
time="2026-09-23T12:24:19+01:00" level=debug msg="Loaded ARCHIVED redo log file '/opt/oracle/oradata/recovery_area/FREE/archivelog/2026_09_16/o1_mf_1_1364_obp17jn3_.arc' into LogMiner" @service=redpanda-connect label="" path=root.input
time="2026-09-23T12:24:19+01:00" level=debug msg="Loaded ARCHIVED redo log file '/opt/oracle/oradata/recovery_area/FREE/archivelog/2026_09_16/o1_mf_1_1365_obp1yhjn_.arc' into LogMiner" @service=redpanda-connect label="" path=root.input
time="2026-09-23T12:24:19+01:00" level=debug msg="Loaded ARCHIVED redo log file '/opt/oracle/oradata/recovery_area/FREE/archivelog/2026_09_16/o1_mf_1_1366_obp20clt_.arc' into LogMiner" @service=redpanda-connect label="" path=root.input
time="2026-09-23T12:24:19+01:00" level=debug msg="Loaded ARCHIVED redo log file '/opt/oracle/oradata/recovery_area/FREE/archivelog/2026_09_16/o1_mf_1_1367_obp227od_.arc' into LogMiner" @service=redpanda-connect label="" path=root.input
time="2026-09-23T12:24:19+01:00" level=debug msg="Loaded ARCHIVED redo log file '/opt/oracle/oradata/recovery_area/FREE/archivelog/2026_09_16/o1_mf_1_1368_obp243ql_.arc' into LogMiner" @service=redpanda-connect label="" path=root.input
time="2026-09-23T12:24:19+01:00" level=debug msg="Loaded ARCHIVED redo log file '/opt/oracle/oradata/recovery_area/FREE/archivelog/2026_09_16/o1_mf_1_1369_obp25zto_.arc' into LogMiner" @service=redpanda-connect label="" path=root.input
time="2026-09-23T12:24:19+01:00" level=debug msg="Loaded ARCHIVED redo log file '/opt/oracle/oradata/recovery_area/FREE/archivelog/2026_09_16/o1_mf_1_1370_obp27vvs_.arc' into LogMiner" @service=redpanda-connect label="" path=root.input
time="2026-09-23T12:24:19+01:00" level=debug msg="Loaded ARCHIVED redo log file '/opt/oracle/oradata/recovery_area/FREE/archivelog/2026_09_16/o1_mf_1_1371_obp29qy2_.arc' into LogMiner" @service=redpanda-connect label="" path=root.input
time="2026-09-23T12:24:19+01:00" level=debug msg="Loaded ARCHIVED redo log file '/opt/oracle/oradata/recovery_area/FREE/archivelog/2026_09_16/o1_mf_1_1372_obp2cn19_.arc' into LogMiner" @service=redpanda-connect label="" path=root.input
time="2026-09-23T12:24:19+01:00" level=debug msg="Loaded ARCHIVED redo log file '/opt/oracle/oradata/recovery_area/FREE/archivelog/2026_09_16/o1_mf_1_1373_obp2fj3c_.arc' into LogMiner" @service=redpanda-connect label="" path=root.input
time="2026-09-23T12:24:19+01:00" level=debug msg="Loaded ARCHIVED redo log file '/opt/oracle/oradata/recovery_area/FREE/archivelog/2026_09_16/o1_mf_1_1374_obp2hd5p_.arc' into LogMiner" @service=redpanda-connect label="" path=root.input
time="2026-09-23T12:24:19+01:00" level=debug msg="Loaded ARCHIVED redo log file '/opt/oracle/oradata/recovery_area/FREE/archivelog/2026_09_16/o1_mf_1_1375_obp2k87r_.arc' into LogMiner" @service=redpanda-connect label="" path=root.input
time="2026-09-23T12:24:19+01:00" level=debug msg="Loaded ARCHIVED redo log file '/opt/oracle/oradata/recovery_area/FREE/archivelog/2026_09_16/o1_mf_1_1376_obp2m49q_.arc' into LogMiner" @service=redpanda-connect label="" path=root.input
time="2026-09-23T12:24:19+01:00" level=debug msg="Loaded ARCHIVED redo log file '/opt/oracle/oradata/recovery_area/FREE/archivelog/2026_09_16/o1_mf_1_1377_obp2o0dl_.arc' into LogMiner" @service=redpanda-connect label="" path=root.input
time="2026-09-23T12:24:19+01:00" level=debug msg="Loaded ARCHIVED redo log file '/opt/oracle/oradata/recovery_area/FREE/archivelog/2026_09_16/o1_mf_1_1378_obp2pwhn_.arc' into LogMiner" @service=redpanda-connect label="" path=root.input
time="2026-09-23T12:24:19+01:00" level=debug msg="Loaded ARCHIVED redo log file '/opt/oracle/oradata/recovery_area/FREE/archivelog/2026_09_16/o1_mf_1_1379_obp2rrls_.arc' into LogMiner" @service=redpanda-connect label="" path=root.input
time="2026-09-23T12:24:19+01:00" level=debug msg="Loaded ARCHIVED redo log file '/opt/oracle/oradata/recovery_area/FREE/archivelog/2026_09_16/o1_mf_1_1380_obp2tnp1_.arc' into LogMiner" @service=redpanda-connect label="" path=root.input
time="2026-09-23T12:24:19+01:00" level=debug msg="Loaded ARCHIVED redo log file '/opt/oracle/oradata/recovery_area/FREE/archivelog/2026_09_16/o1_mf_1_1381_obp2wjrx_.arc' into LogMiner" @service=redpanda-connect label="" path=root.input
time="2026-09-23T12:24:19+01:00" level=debug msg="Loaded ARCHIVED redo log file '/opt/oracle/oradata/recovery_area/FREE/archivelog/2026_09_16/o1_mf_1_1382_obp2ydvr_.arc' into LogMiner" @service=redpanda-connect label="" path=root.input
time="2026-09-23T12:24:19+01:00" level=debug msg="Loaded ARCHIVED redo log file '/opt/oracle/oradata/recovery_area/FREE/archivelog/2026_09_16/o1_mf_1_1383_obp308yt_.arc' into LogMiner" @service=redpanda-connect label="" path=root.input
time="2026-09-23T12:24:19+01:00" level=debug msg="Loaded ARCHIVED redo log file '/opt/oracle/oradata/recovery_area/FREE/archivelog/2026_09_16/o1_mf_1_1384_obp3251q_.arc' into LogMiner" @service=redpanda-connect label="" path=root.input
time="2026-09-23T12:24:19+01:00" level=debug msg="Loaded ARCHIVED redo log file '/opt/oracle/oradata/recovery_area/FREE/archivelog/2026_09_16/o1_mf_1_1385_obp34145_.arc' into LogMiner" @service=redpanda-connect label="" path=root.input
time="2026-09-23T12:24:19+01:00" level=debug msg="Loaded ARCHIVED redo log file '/opt/oracle/oradata/recovery_area/FREE/archivelog/2026_09_16/o1_mf_1_1386_obp35x75_.arc' into LogMiner" @service=redpanda-connect label="" path=root.input
time="2026-09-23T12:24:19+01:00" level=debug msg="Loaded ARCHIVED redo log file '/opt/oracle/oradata/recovery_area/FREE/archivelog/2026_09_16/o1_mf_1_1387_obp3mvcw_.arc' into LogMiner" @service=redpanda-connect label="" path=root.input
time="2026-09-23T12:24:19+01:00" level=debug msg="Loaded ARCHIVED redo log file '/opt/oracle/oradata/recovery_area/FREE/archivelog/2026_09_16/o1_mf_1_1388_obp3oqg7_.arc' into LogMiner" @service=redpanda-connect label="" path=root.input
time="2026-09-23T12:24:19+01:00" level=debug msg="Loaded ARCHIVED redo log file '/opt/oracle/oradata/recovery_area/FREE/archivelog/2026_09_16/o1_mf_1_1389_obp3qjjz_.arc' into LogMiner" @service=redpanda-connect label="" path=root.input
time="2026-09-23T12:24:19+01:00" level=debug msg="Loaded ARCHIVED redo log file '/opt/oracle/oradata/recovery_area/FREE/archivelog/2026_09_16/o1_mf_1_1390_obp3sdmb_.arc' into LogMiner" @service=redpanda-connect label="" path=root.input
time="2026-09-23T12:24:19+01:00" level=debug msg="Loaded ARCHIVED redo log file '/opt/oracle/oradata/recovery_area/FREE/archivelog/2026_09_16/o1_mf_1_1391_obp3vcoy_.arc' into LogMiner" @service=redpanda-connect label="" path=root.input
time="2026-09-23T12:24:19+01:00" level=debug msg="Loaded ARCHIVED redo log file '/opt/oracle/oradata/recovery_area/FREE/archivelog/2026_09_16/o1_mf_1_1392_obp3xbrb_.arc' into LogMiner" @service=redpanda-connect label="" path=root.input
time="2026-09-23T12:24:19+01:00" level=debug msg="Loaded ARCHIVED redo log file '/opt/oracle/oradata/recovery_area/FREE/archivelog/2026_09_16/o1_mf_1_1393_obp3z6tl_.arc' into LogMiner" @service=redpanda-connect label="" path=root.input
time="2026-09-23T12:24:19+01:00" level=debug msg="Loaded ARCHIVED redo log file '/opt/oracle/oradata/recovery_area/FREE/archivelog/2026_09_16/o1_mf_1_1394_obp412wt_.arc' into LogMiner" @service=redpanda-connect label="" path=root.input
time="2026-09-23T12:24:19+01:00" level=debug msg="Loaded ARCHIVED redo log file '/opt/oracle/oradata/recovery_area/FREE/archivelog/2026_09_16/o1_mf_1_1395_obp42yyz_.arc' into LogMiner" @service=redpanda-connect label="" path=root.input
time="2026-09-23T12:24:19+01:00" level=debug msg="Loaded ARCHIVED redo log file '/opt/oracle/oradata/recovery_area/FREE/archivelog/2026_09_16/o1_mf_1_1396_obp44v25_.arc' into LogMiner" @service=redpanda-connect label="" path=root.input
time="2026-09-23T12:24:19+01:00" level=debug msg="Loaded ARCHIVED redo log file '/opt/oracle/oradata/recovery_area/FREE/archivelog/2026_09_16/o1_mf_1_1397_obp46q4s_.arc' into LogMiner" @service=redpanda-connect label="" path=root.input
time="2026-09-23T12:24:19+01:00" level=debug msg="Loaded ARCHIVED redo log file '/opt/oracle/oradata/recovery_area/FREE/archivelog/2026_09_16/o1_mf_1_1398_obp48m7r_.arc' into LogMiner" @service=redpanda-connect label="" path=root.input
time="2026-09-23T12:24:19+01:00" level=debug msg="Loaded ARCHIVED redo log file '/opt/oracle/oradata/recovery_area/FREE/archivelog/2026_09_16/o1_mf_1_1399_obp4bhbw_.arc' into LogMiner" @service=redpanda-connect label="" path=root.input
time="2026-09-23T12:24:19+01:00" level=debug msg="Loaded ARCHIVED redo log file '/opt/oracle/oradata/recovery_area/FREE/archivelog/2026_09_16/o1_mf_1_1400_obp4dcdo_.arc' into LogMiner" @service=redpanda-connect label="" path=root.input
time="2026-09-23T12:24:19+01:00" level=debug msg="Loaded ARCHIVED redo log file '/opt/oracle/oradata/recovery_area/FREE/archivelog/2026_09_16/o1_mf_1_1401_obp4g7j5_.arc' into LogMiner" @service=redpanda-connect label="" path=root.input
time="2026-09-23T12:24:19+01:00" level=debug msg="Loaded ARCHIVED redo log file '/opt/oracle/oradata/recovery_area/FREE/archivelog/2026_09_16/o1_mf_1_1402_obp4j3ml_.arc' into LogMiner" @service=redpanda-connect label="" path=root.input
time="2026-09-23T12:24:19+01:00" level=debug msg="Loaded ARCHIVED redo log file '/opt/oracle/oradata/recovery_area/FREE/archivelog/2026_09_16/o1_mf_1_1403_obp4kzp2_.arc' into LogMiner" @service=redpanda-connect label="" path=root.input
time="2026-09-23T12:24:19+01:00" level=debug msg="Loaded ARCHIVED redo log file '/opt/oracle/oradata/recovery_area/FREE/archivelog/2026_09_16/o1_mf_1_1404_obp4mvrz_.arc' into LogMiner" @service=redpanda-connect label="" path=root.input
time="2026-09-23T12:24:19+01:00" level=debug msg="Loaded ARCHIVED redo log file '/opt/oracle/oradata/recovery_area/FREE/archivelog/2026_09_16/o1_mf_1_1405_obp4oqwg_.arc' into LogMiner" @service=redpanda-connect label="" path=root.input
time="2026-09-23T12:24:19+01:00" level=debug msg="Loaded ARCHIVED redo log file '/opt/oracle/oradata/recovery_area/FREE/archivelog/2026_09_16/o1_mf_1_1406_obp4qn0q_.arc' into LogMiner" @service=redpanda-connect label="" path=root.input
time="2026-09-23T12:24:19+01:00" level=debug msg="Loaded ARCHIVED redo log file '/opt/oracle/oradata/recovery_area/FREE/archivelog/2026_09_16/o1_mf_1_1407_obp4sj3f_.arc' into LogMiner" @service=redpanda-connect label="" path=root.input
time="2026-09-23T12:24:19+01:00" level=debug msg="Loaded ARCHIVED redo log file '/opt/oracle/oradata/recovery_area/FREE/archivelog/2026_09_16/o1_mf_1_1408_obp4vd5w_.arc' into LogMiner" @service=redpanda-connect label="" path=root.input
time="2026-09-23T12:24:19+01:00" level=debug msg="Loaded ARCHIVED redo log file '/opt/oracle/oradata/recovery_area/FREE/archivelog/2026_09_16/o1_mf_1_1409_obp4x888_.arc' into LogMiner" @service=redpanda-connect label="" path=root.input
time="2026-09-23T12:24:19+01:00" level=debug msg="Loaded ARCHIVED redo log file '/opt/oracle/oradata/recovery_area/FREE/archivelog/2026_09_16/o1_mf_1_1410_obp4z4c7_.arc' into LogMiner" @service=redpanda-connect label="" path=root.input
time="2026-09-23T12:24:19+01:00" level=debug msg="Loaded ARCHIVED redo log file '/opt/oracle/oradata/recovery_area/FREE/archivelog/2026_09_16/o1_mf_1_1411_obp510g5_.arc' into LogMiner" @service=redpanda-connect label="" path=root.input
time="2026-09-23T12:24:19+01:00" level=debug msg="Loaded ARCHIVED redo log file '/opt/oracle/oradata/recovery_area/FREE/archivelog/2026_09_16/o1_mf_1_1412_obp52wjr_.arc' into LogMiner" @service=redpanda-connect label="" path=root.input
time="2026-09-23T12:24:19+01:00" level=debug msg="Loaded ARCHIVED redo log file '/opt/oracle/oradata/recovery_area/FREE/archivelog/2026_09_16/o1_mf_1_1413_obp54rn9_.arc' into LogMiner" @service=redpanda-connect label="" path=root.input
time="2026-09-23T12:24:19+01:00" level=debug msg="Loaded ARCHIVED redo log file '/opt/oracle/oradata/recovery_area/FREE/archivelog/2026_09_16/o1_mf_1_1414_obp56nqn_.arc' into LogMiner" @service=redpanda-connect label="" path=root.input
time="2026-09-23T12:24:19+01:00" level=debug msg="Loaded ARCHIVED redo log file '/opt/oracle/oradata/recovery_area/FREE/archivelog/2026_09_16/o1_mf_1_1415_obp58jtc_.arc' into LogMiner" @service=redpanda-connect label="" path=root.input
time="2026-09-23T12:24:19+01:00" level=debug msg="Loaded ARCHIVED redo log file '/opt/oracle/oradata/recovery_area/FREE/archivelog/2026_09_16/o1_mf_1_1416_obp5bdx5_.arc' into LogMiner" @service=redpanda-connect label="" path=root.input
time="2026-09-23T12:24:19+01:00" level=debug msg="Loaded ARCHIVED redo log file '/opt/oracle/oradata/recovery_area/FREE/archivelog/2026_09_16/o1_mf_1_1417_obp5d90w_.arc' into LogMiner" @service=redpanda-connect label="" path=root.input
time="2026-09-23T12:24:19+01:00" level=debug msg="Loaded ARCHIVED redo log file '/opt/oracle/oradata/recovery_area/FREE/archivelog/2026_09_16/o1_mf_1_1418_obp5g547_.arc' into LogMiner" @service=redpanda-connect label="" path=root.input
time="2026-09-23T12:24:19+01:00" level=debug msg="Loaded ARCHIVED redo log file '/opt/oracle/oradata/recovery_area/FREE/archivelog/2026_09_16/o1_mf_1_1419_obp5j16r_.arc' into LogMiner" @service=redpanda-connect label="" path=root.input
time="2026-09-23T12:24:19+01:00" level=debug msg="Loaded ARCHIVED redo log file '/opt/oracle/oradata/recovery_area/FREE/archivelog/2026_09_16/o1_mf_1_1420_obp5kx9c_.arc' into LogMiner" @service=redpanda-connect label="" path=root.input
time="2026-09-23T12:24:19+01:00" level=debug msg="Loaded ARCHIVED redo log file '/opt/oracle/oradata/recovery_area/FREE/archivelog/2026_09_16/o1_mf_1_1421_obp5msd9_.arc' into LogMiner" @service=redpanda-connect label="" path=root.input
time="2026-09-23T12:24:19+01:00" level=debug msg="Loaded ARCHIVED redo log file '/opt/oracle/oradata/recovery_area/FREE/archivelog/2026_09_16/o1_mf_1_1422_obp5ooh3_.arc' into LogMiner" @service=redpanda-connect label="" path=root.input
time="2026-09-23T12:24:19+01:00" level=debug msg="Loaded ARCHIVED redo log file '/opt/oracle/oradata/recovery_area/FREE/archivelog/2026_09_16/o1_mf_1_1423_obp5qnkr_.arc' into LogMiner" @service=redpanda-connect label="" path=root.input
time="2026-09-23T12:24:19+01:00" level=debug msg="Loaded ARCHIVED redo log file '/opt/oracle/oradata/recovery_area/FREE/archivelog/2026_09_16/o1_mf_1_1424_obp5sjnp_.arc' into LogMiner" @service=redpanda-connect label="" path=root.input
time="2026-09-23T12:24:19+01:00" level=debug msg="Loaded ARCHIVED redo log file '/opt/oracle/oradata/recovery_area/FREE/archivelog/2026_09_16/o1_mf_1_1425_obp5vdqy_.arc' into LogMiner" @service=redpanda-connect label="" path=root.input
time="2026-09-23T12:24:19+01:00" level=debug msg="Loaded ARCHIVED redo log file '/opt/oracle/oradata/recovery_area/FREE/archivelog/2026_09_16/o1_mf_1_1426_obp5x8tr_.arc' into LogMiner" @service=redpanda-connect label="" path=root.input
time="2026-09-23T12:24:19+01:00" level=debug msg="Loaded ARCHIVED redo log file '/opt/oracle/oradata/recovery_area/FREE/archivelog/2026_09_16/o1_mf_1_1427_obp5z4xm_.arc' into LogMiner" @service=redpanda-connect label="" path=root.input
time="2026-09-23T12:24:19+01:00" level=debug msg="Loaded ARCHIVED redo log file '/opt/oracle/oradata/recovery_area/FREE/archivelog/2026_09_16/o1_mf_1_1428_obp6111f_.arc' into LogMiner" @service=redpanda-connect label="" path=root.input
time="2026-09-23T12:24:19+01:00" level=debug msg="Loaded ARCHIVED redo log file '/opt/oracle/oradata/recovery_area/FREE/archivelog/2026_09_16/o1_mf_1_1429_obp62x44_.arc' into LogMiner" @service=redpanda-connect label="" path=root.input
time="2026-09-23T12:24:19+01:00" level=debug msg="Loaded ARCHIVED redo log file '/opt/oracle/oradata/recovery_area/FREE/archivelog/2026_09_16/o1_mf_1_1430_obp64s6w_.arc' into LogMiner" @service=redpanda-connect label="" path=root.input
time="2026-09-23T12:24:19+01:00" level=debug msg="Loaded ARCHIVED redo log file '/opt/oracle/oradata/recovery_area/FREE/archivelog/2026_09_16/o1_mf_1_1431_obp66o9j_.arc' into LogMiner" @service=redpanda-connect label="" path=root.input
time="2026-09-23T12:24:19+01:00" level=debug msg="Loaded ARCHIVED redo log file '/opt/oracle/oradata/recovery_area/FREE/archivelog/2026_09_16/o1_mf_1_1432_obp68kdf_.arc' into LogMiner" @service=redpanda-connect label="" path=root.input
time="2026-09-23T12:24:19+01:00" level=debug msg="Loaded ARCHIVED redo log file '/opt/oracle/oradata/recovery_area/FREE/archivelog/2026_09_16/o1_mf_1_1433_obp6bfhv_.arc' into LogMiner" @service=redpanda-connect label="" path=root.input
time="2026-09-23T12:24:19+01:00" level=debug msg="Loaded ARCHIVED redo log file '/opt/oracle/oradata/recovery_area/FREE/archivelog/2026_09_16/o1_mf_1_1434_obp6d9kw_.arc' into LogMiner" @service=redpanda-connect label="" path=root.input
time="2026-09-23T12:24:19+01:00" level=debug msg="Loaded ARCHIVED redo log file '/opt/oracle/oradata/recovery_area/FREE/archivelog/2026_09_16/o1_mf_1_1435_obp6g5nf_.arc' into LogMiner" @service=redpanda-connect label="" path=root.input
time="2026-09-23T12:24:19+01:00" level=debug msg="Loaded ARCHIVED redo log file '/opt/oracle/oradata/recovery_area/FREE/archivelog/2026_09_16/o1_mf_1_1436_obp6j1pt_.arc' into LogMiner" @service=redpanda-connect label="" path=root.input
time="2026-09-23T12:24:19+01:00" level=debug msg="Loaded ARCHIVED redo log file '/opt/oracle/oradata/recovery_area/FREE/archivelog/2026_09_16/o1_mf_1_1437_obp6kxs7_.arc' into LogMiner" @service=redpanda-connect label="" path=root.input
time="2026-09-23T12:24:19+01:00" level=debug msg="Loaded ARCHIVED redo log file '/opt/oracle/oradata/recovery_area/FREE/archivelog/2026_09_16/o1_mf_1_1438_obp6msvq_.arc' into LogMiner" @service=redpanda-connect label="" path=root.input
time="2026-09-23T12:24:19+01:00" level=debug msg="Loaded ARCHIVED redo log file '/opt/oracle/oradata/recovery_area/FREE/archivelog/2026_09_16/o1_mf_1_1439_obp6ooxw_.arc' into LogMiner" @service=redpanda-connect label="" path=root.input
time="2026-09-23T12:24:19+01:00" level=debug msg="Loaded ARCHIVED redo log file '/opt/oracle/oradata/recovery_area/FREE/archivelog/2026_09_16/o1_mf_1_1440_obp6ql13_.arc' into LogMiner" @service=redpanda-connect label="" path=root.input
time="2026-09-23T12:24:19+01:00" level=debug msg="Loaded ARCHIVED redo log file '/opt/oracle/oradata/recovery_area/FREE/archivelog/2026_09_16/o1_mf_1_1441_obp6sg3o_.arc' into LogMiner" @service=redpanda-connect label="" path=root.input
time="2026-09-23T12:24:19+01:00" level=debug msg="Loaded ARCHIVED redo log file '/opt/oracle/oradata/recovery_area/FREE/archivelog/2026_09_16/o1_mf_1_1442_obp6vb6b_.arc' into LogMiner" @service=redpanda-connect label="" path=root.input
time="2026-09-23T12:24:19+01:00" level=debug msg="Loaded ARCHIVED redo log file '/opt/oracle/oradata/recovery_area/FREE/archivelog/2026_09_16/o1_mf_1_1443_obp6x68r_.arc' into LogMiner" @service=redpanda-connect label="" path=root.input
time="2026-09-23T12:24:19+01:00" level=debug msg="Loaded ARCHIVED redo log file '/opt/oracle/oradata/recovery_area/FREE/archivelog/2026_09_16/o1_mf_1_1444_obp6z2cy_.arc' into LogMiner" @service=redpanda-connect label="" path=root.input
time="2026-09-23T12:24:19+01:00" level=debug msg="Loaded ARCHIVED redo log file '/opt/oracle/oradata/recovery_area/FREE/archivelog/2026_09_16/o1_mf_1_1445_obp70yfx_.arc' into LogMiner" @service=redpanda-connect label="" path=root.input
time="2026-09-23T12:24:19+01:00" level=debug msg="Loaded ARCHIVED redo log file '/opt/oracle/oradata/recovery_area/FREE/archivelog/2026_09_16/o1_mf_1_1446_obp72tjp_.arc' into LogMiner" @service=redpanda-connect label="" path=root.input
time="2026-09-23T12:24:19+01:00" level=debug msg="Loaded ARCHIVED redo log file '/opt/oracle/oradata/recovery_area/FREE/archivelog/2026_09_16/o1_mf_1_1447_obp74pms_.arc' into LogMiner" @service=redpanda-connect label="" path=root.input
time="2026-09-23T12:24:19+01:00" level=debug msg="Loaded ARCHIVED redo log file '/opt/oracle/oradata/recovery_area/FREE/archivelog/2026_09_16/o1_mf_1_1448_obp76lpv_.arc' into LogMiner" @service=redpanda-connect label="" path=root.input
time="2026-09-23T12:24:19+01:00" level=debug msg="Loaded ARCHIVED redo log file '/opt/oracle/oradata/recovery_area/FREE/archivelog/2026_09_16/o1_mf_1_1449_obp78gt0_.arc' into LogMiner" @service=redpanda-connect label="" path=root.input
time="2026-09-23T12:24:19+01:00" level=debug msg="Loaded ARCHIVED redo log file '/opt/oracle/oradata/recovery_area/FREE/archivelog/2026_09_16/o1_mf_1_1450_obp7bbw3_.arc' into LogMiner" @service=redpanda-connect label="" path=root.input
time="2026-09-23T12:24:19+01:00" level=debug msg="Loaded ARCHIVED redo log file '/opt/oracle/oradata/recovery_area/FREE/archivelog/2026_09_16/o1_mf_1_1451_obp7d6y8_.arc' into LogMiner" @service=redpanda-connect label="" path=root.input
time="2026-09-23T12:24:19+01:00" level=debug msg="Loaded ARCHIVED redo log file '/opt/oracle/oradata/recovery_area/FREE/archivelog/2026_09_16/o1_mf_1_1452_obp7g31c_.arc' into LogMiner" @service=redpanda-connect label="" path=root.input
time="2026-09-23T12:24:19+01:00" level=debug msg="Loaded ARCHIVED redo log file '/opt/oracle/oradata/recovery_area/FREE/archivelog/2026_09_16/o1_mf_1_1453_obp7hz3o_.arc' into LogMiner" @service=redpanda-connect label="" path=root.input
time="2026-09-23T12:24:19+01:00" level=debug msg="Loaded ARCHIVED redo log file '/opt/oracle/oradata/recovery_area/FREE/archivelog/2026_09_16/o1_mf_1_1454_obp7kv6c_.arc' into LogMiner" @service=redpanda-connect label="" path=root.input
time="2026-09-23T12:24:19+01:00" level=debug msg="Loaded ARCHIVED redo log file '/opt/oracle/oradata/recovery_area/FREE/archivelog/2026_09_16/o1_mf_1_1455_obp7mq98_.arc' into LogMiner" @service=redpanda-connect label="" path=root.input
time="2026-09-23T12:24:19+01:00" level=debug msg="Loaded ARCHIVED redo log file '/opt/oracle/oradata/recovery_area/FREE/archivelog/2026_09_16/o1_mf_1_1456_obp7omcy_.arc' into LogMiner" @service=redpanda-connect label="" path=root.input
time="2026-09-23T12:24:19+01:00" level=debug msg="Loaded ARCHIVED redo log file '/opt/oracle/oradata/recovery_area/FREE/archivelog/2026_09_16/o1_mf_1_1457_obp7qhh0_.arc' into LogMiner" @service=redpanda-connect label="" path=root.input
time="2026-09-23T12:24:19+01:00" level=debug msg="Loaded ARCHIVED redo log file '/opt/oracle/oradata/recovery_area/FREE/archivelog/2026_09_16/o1_mf_1_1458_obp7s8kd_.arc' into LogMiner" @service=redpanda-connect label="" path=root.input
time="2026-09-23T12:24:19+01:00" level=debug msg="Loaded ARCHIVED redo log file '/opt/oracle/oradata/recovery_area/FREE/archivelog/2026_09_16/o1_mf_1_1459_obp7v4mw_.arc' into LogMiner" @service=redpanda-connect label="" path=root.input
time="2026-09-23T12:24:19+01:00" level=debug msg="Loaded ARCHIVED redo log file '/opt/oracle/oradata/recovery_area/FREE/archivelog/2026_09_16/o1_mf_1_1460_obp7x0px_.arc' into LogMiner" @service=redpanda-connect label="" path=root.input
time="2026-09-23T12:24:19+01:00" level=debug msg="Loaded ARCHIVED redo log file '/opt/oracle/oradata/recovery_area/FREE/archivelog/2026_09_16/o1_mf_1_1461_obp7ywsr_.arc' into LogMiner" @service=redpanda-connect label="" path=root.input
time="2026-09-23T12:24:19+01:00" level=debug msg="Loaded ARCHIVED redo log file '/opt/oracle/oradata/recovery_area/FREE/archivelog/2026_09_16/o1_mf_1_1462_obp80rw2_.arc' into LogMiner" @service=redpanda-connect label="" path=root.input
time="2026-09-23T12:24:19+01:00" level=debug msg="Loaded ARCHIVED redo log file '/opt/oracle/oradata/recovery_area/FREE/archivelog/2026_09_16/o1_mf_1_1463_obp82nz2_.arc' into LogMiner" @service=redpanda-connect label="" path=root.input
time="2026-09-23T12:24:19+01:00" level=debug msg="Loaded ARCHIVED redo log file '/opt/oracle/oradata/recovery_area/FREE/archivelog/2026_09_16/o1_mf_1_1464_obp84k25_.arc' into LogMiner" @service=redpanda-connect label="" path=root.input
time="2026-09-23T12:24:19+01:00" level=debug msg="Loaded ARCHIVED redo log file '/opt/oracle/oradata/recovery_area/FREE/archivelog/2026_09_16/o1_mf_1_1465_obp86f59_.arc' into LogMiner" @service=redpanda-connect label="" path=root.input
time="2026-09-23T12:24:19+01:00" level=debug msg="Loaded ARCHIVED redo log file '/opt/oracle/oradata/recovery_area/FREE/archivelog/2026_09_16/o1_mf_1_1466_obp8898j_.arc' into LogMiner" @service=redpanda-connect label="" path=root.input
time="2026-09-23T12:24:19+01:00" level=debug msg="Loaded ARCHIVED redo log file '/opt/oracle/oradata/recovery_area/FREE/archivelog/2026_09_16/o1_mf_1_1467_obp8b5c1_.arc' into LogMiner" @service=redpanda-connect label="" path=root.input
time="2026-09-23T12:24:19+01:00" level=debug msg="Loaded ARCHIVED redo log file '/opt/oracle/oradata/recovery_area/FREE/archivelog/2026_09_16/o1_mf_1_1468_obp8d1fm_.arc' into LogMiner" @service=redpanda-connect label="" path=root.input
time="2026-09-23T12:24:19+01:00" level=debug msg="Loaded ARCHIVED redo log file '/opt/oracle/oradata/recovery_area/FREE/archivelog/2026_09_16/o1_mf_1_1469_obp8lvnv_.arc' into LogMiner" @service=redpanda-connect label="" path=root.input
time="2026-09-23T12:24:19+01:00" level=debug msg="Loaded ARCHIVED redo log file '/opt/oracle/oradata/recovery_area/FREE/archivelog/2026_09_16/o1_mf_1_1470_obp8nqqf_.arc' into LogMiner" @service=redpanda-connect label="" path=root.input
time="2026-09-23T12:24:19+01:00" level=debug msg="Loaded ARCHIVED redo log file '/opt/oracle/oradata/recovery_area/FREE/archivelog/2026_09_16/o1_mf_1_1471_obp8pmsn_.arc' into LogMiner" @service=redpanda-connect label="" path=root.input
time="2026-09-23T12:24:19+01:00" level=debug msg="Loaded ARCHIVED redo log file '/opt/oracle/oradata/recovery_area/FREE/archivelog/2026_09_16/o1_mf_1_1472_obp8rhw6_.arc' into LogMiner" @service=redpanda-connect label="" path=root.input
time="2026-09-23T12:24:19+01:00" level=debug msg="Loaded ARCHIVED redo log file '/opt/oracle/oradata/recovery_area/FREE/archivelog/2026_09_16/o1_mf_1_1473_obp8tcyb_.arc' into LogMiner" @service=redpanda-connect label="" path=root.input
time="2026-09-23T12:24:19+01:00" level=debug msg="Loaded ARCHIVED redo log file '/opt/oracle/oradata/recovery_area/FREE/archivelog/2026_09_16/o1_mf_1_1474_obp8w81n_.arc' into LogMiner" @service=redpanda-connect label="" path=root.input
time="2026-09-23T12:24:19+01:00" level=debug msg="Loaded ARCHIVED redo log file '/opt/oracle/oradata/recovery_area/FREE/archivelog/2026_09_16/o1_mf_1_1475_obp8y442_.arc' into LogMiner" @service=redpanda-connect label="" path=root.input
time="2026-09-23T12:24:19+01:00" level=debug msg="Loaded ARCHIVED redo log file '/opt/oracle/oradata/recovery_area/FREE/archivelog/2026_09_16/o1_mf_1_1476_obp9006s_.arc' into LogMiner" @service=redpanda-connect label="" path=root.input
time="2026-09-23T12:24:19+01:00" level=debug msg="Loaded ARCHIVED redo log file '/opt/oracle/oradata/recovery_area/FREE/archivelog/2026_09_16/o1_mf_1_1477_obp91w8y_.arc' into LogMiner" @service=redpanda-connect label="" path=root.input
time="2026-09-23T12:24:19+01:00" level=debug msg="Loaded ARCHIVED redo log file '/opt/oracle/oradata/recovery_area/FREE/archivelog/2026_09_16/o1_mf_1_1478_obp93rcp_.arc' into LogMiner" @service=redpanda-connect label="" path=root.input
time="2026-09-23T12:24:19+01:00" level=debug msg="Loaded ARCHIVED redo log file '/opt/oracle/oradata/recovery_area/FREE/archivelog/2026_09_16/o1_mf_1_1479_obp95nfw_.arc' into LogMiner" @service=redpanda-connect label="" path=root.input
time="2026-09-23T12:24:19+01:00" level=debug msg="Loaded ARCHIVED redo log file '/opt/oracle/oradata/recovery_area/FREE/archivelog/2026_09_16/o1_mf_1_1480_obp97jjk_.arc' into LogMiner" @service=redpanda-connect label="" path=root.input
time="2026-09-23T12:24:19+01:00" level=debug msg="Loaded ARCHIVED redo log file '/opt/oracle/oradata/recovery_area/FREE/archivelog/2026_09_16/o1_mf_1_1481_obp99dmd_.arc' into LogMiner" @service=redpanda-connect label="" path=root.input
time="2026-09-23T12:24:19+01:00" level=debug msg="Loaded ARCHIVED redo log file '/opt/oracle/oradata/recovery_area/FREE/archivelog/2026_09_16/o1_mf_1_1482_obp9c8pl_.arc' into LogMiner" @service=redpanda-connect label="" path=root.input
time="2026-09-23T12:24:19+01:00" level=debug msg="Loaded ARCHIVED redo log file '/opt/oracle/oradata/recovery_area/FREE/archivelog/2026_09_16/o1_mf_1_1483_obp9f4ry_.arc' into LogMiner" @service=redpanda-connect label="" path=root.input
time="2026-09-23T12:24:19+01:00" level=debug msg="Loaded ARCHIVED redo log file '/opt/oracle/oradata/recovery_area/FREE/archivelog/2026_09_16/o1_mf_1_1484_obp9h0vv_.arc' into LogMiner" @service=redpanda-connect label="" path=root.input
time="2026-09-23T12:24:19+01:00" level=debug msg="Loaded ARCHIVED redo log file '/opt/oracle/oradata/recovery_area/FREE/archivelog/2026_09_16/o1_mf_1_1485_obp9jwyb_.arc' into LogMiner" @service=redpanda-connect label="" path=root.input
time="2026-09-23T12:24:19+01:00" level=debug msg="Loaded ARCHIVED redo log file '/opt/oracle/oradata/recovery_area/FREE/archivelog/2026_09_16/o1_mf_1_1486_obpb09rq_.arc' into LogMiner" @service=redpanda-connect label="" path=root.input
time="2026-09-23T12:24:19+01:00" level=debug msg="Loaded ARCHIVED redo log file '/opt/oracle/oradata/recovery_area/FREE/archivelog/2026_09_16/o1_mf_1_1487_obpb25ty_.arc' into LogMiner" @service=redpanda-connect label="" path=root.input
time="2026-09-23T12:24:19+01:00" level=debug msg="Loaded ARCHIVED redo log file '/opt/oracle/oradata/recovery_area/FREE/archivelog/2026_09_16/o1_mf_1_1488_obpb41ws_.arc' into LogMiner" @service=redpanda-connect label="" path=root.input
time="2026-09-23T12:24:19+01:00" level=debug msg="Loaded ARCHIVED redo log file '/opt/oracle/oradata/recovery_area/FREE/archivelog/2026_09_16/o1_mf_1_1489_obpb5y05_.arc' into LogMiner" @service=redpanda-connect label="" path=root.input
time="2026-09-23T12:24:19+01:00" level=debug msg="Loaded ARCHIVED redo log file '/opt/oracle/oradata/recovery_area/FREE/archivelog/2026_09_16/o1_mf_1_1490_obpb7t2g_.arc' into LogMiner" @service=redpanda-connect label="" path=root.input
time="2026-09-23T12:24:19+01:00" level=debug msg="Loaded ARCHIVED redo log file '/opt/oracle/oradata/recovery_area/FREE/archivelog/2026_09_16/o1_mf_1_1491_obpb9p4w_.arc' into LogMiner" @service=redpanda-connect label="" path=root.input
time="2026-09-23T12:24:19+01:00" level=debug msg="Loaded ARCHIVED redo log file '/opt/oracle/oradata/recovery_area/FREE/archivelog/2026_09_16/o1_mf_1_1492_obpbcl7m_.arc' into LogMiner" @service=redpanda-connect label="" path=root.input
time="2026-09-23T12:24:19+01:00" level=debug msg="Loaded ARCHIVED redo log file '/opt/oracle/oradata/recovery_area/FREE/archivelog/2026_09_16/o1_mf_1_1493_obpbfgbd_.arc' into LogMiner" @service=redpanda-connect label="" path=root.input
time="2026-09-23T12:24:19+01:00" level=debug msg="Loaded ARCHIVED redo log file '/opt/oracle/oradata/recovery_area/FREE/archivelog/2026_09_16/o1_mf_1_1494_obpbh7dw_.arc' into LogMiner" @service=redpanda-connect label="" path=root.input
time="2026-09-23T12:24:19+01:00" level=debug msg="Loaded ARCHIVED redo log file '/opt/oracle/oradata/recovery_area/FREE/archivelog/2026_09_16/o1_mf_1_1495_obpbk3hb_.arc' into LogMiner" @service=redpanda-connect label="" path=root.input
time="2026-09-23T12:24:19+01:00" level=debug msg="Loaded ARCHIVED redo log file '/opt/oracle/oradata/recovery_area/FREE/archivelog/2026_09_16/o1_mf_1_1496_obpblzl7_.arc' into LogMiner" @service=redpanda-connect label="" path=root.input
time="2026-09-23T12:24:19+01:00" level=debug msg="Loaded ARCHIVED redo log file '/opt/oracle/oradata/recovery_area/FREE/archivelog/2026_09_16/o1_mf_1_1497_obpbnvoh_.arc' into LogMiner" @service=redpanda-connect label="" path=root.input
time="2026-09-23T12:24:19+01:00" level=debug msg="Loaded ARCHIVED redo log file '/opt/oracle/oradata/recovery_area/FREE/archivelog/2026_09_16/o1_mf_1_1498_obpbpqr5_.arc' into LogMiner" @service=redpanda-connect label="" path=root.input
time="2026-09-23T12:24:19+01:00" level=debug msg="Loaded ARCHIVED redo log file '/opt/oracle/oradata/recovery_area/FREE/archivelog/2026_09_16/o1_mf_1_1499_obpbrmts_.arc' into LogMiner" @service=redpanda-connect label="" path=root.input
time="2026-09-23T12:24:19+01:00" level=debug msg="Loaded ARCHIVED redo log file '/opt/oracle/oradata/recovery_area/FREE/archivelog/2026_09_16/o1_mf_1_1500_obpbthx2_.arc' into LogMiner" @service=redpanda-connect label="" path=root.input
time="2026-09-23T12:24:19+01:00" level=debug msg="Loaded ARCHIVED redo log file '/opt/oracle/oradata/recovery_area/FREE/archivelog/2026_09_16/o1_mf_1_1501_obpbwd00_.arc' into LogMiner" @service=redpanda-connect label="" path=root.input
time="2026-09-23T12:24:19+01:00" level=debug msg="Loaded ARCHIVED redo log file '/opt/oracle/oradata/recovery_area/FREE/archivelog/2026_09_16/o1_mf_1_1502_obpcbqnc_.arc' into LogMiner" @service=redpanda-connect label="" path=root.input
time="2026-09-23T12:24:19+01:00" level=debug msg="Loaded ARCHIVED redo log file '/opt/oracle/oradata/recovery_area/FREE/archivelog/2026_09_17/o1_mf_1_1503_obpcdmpp_.arc' into LogMiner" @service=redpanda-connect label="" path=root.input
time="2026-09-23T12:24:19+01:00" level=debug msg="Loaded ARCHIVED redo log file '/opt/oracle/oradata/recovery_area/FREE/archivelog/2026_09_17/o1_mf_1_1504_obpcghs2_.arc' into LogMiner" @service=redpanda-connect label="" path=root.input
time="2026-09-23T12:24:19+01:00" level=debug msg="Loaded ARCHIVED redo log file '/opt/oracle/oradata/recovery_area/FREE/archivelog/2026_09_17/o1_mf_1_1505_obpcjcvk_.arc' into LogMiner" @service=redpanda-connect label="" path=root.input
time="2026-09-23T12:24:19+01:00" level=debug msg="Loaded ARCHIVED redo log file '/opt/oracle/oradata/recovery_area/FREE/archivelog/2026_09_17/o1_mf_1_1506_obpcl7xn_.arc' into LogMiner" @service=redpanda-connect label="" path=root.input
time="2026-09-23T12:24:19+01:00" level=debug msg="Loaded ARCHIVED redo log file '/opt/oracle/oradata/recovery_area/FREE/archivelog/2026_09_17/o1_mf_1_1507_obpcn410_.arc' into LogMiner" @service=redpanda-connect label="" path=root.input
time="2026-09-23T12:24:19+01:00" level=debug msg="Loaded ARCHIVED redo log file '/opt/oracle/oradata/recovery_area/FREE/archivelog/2026_09_17/o1_mf_1_1508_obpcp03q_.arc' into LogMiner" @service=redpanda-connect label="" path=root.input
time="2026-09-23T12:24:19+01:00" level=debug msg="Loaded ARCHIVED redo log file '/opt/oracle/oradata/recovery_area/FREE/archivelog/2026_09_17/o1_mf_1_1509_obpcqw6y_.arc' into LogMiner" @service=redpanda-connect label="" path=root.input
time="2026-09-23T12:24:19+01:00" level=debug msg="Loaded ARCHIVED redo log file '/opt/oracle/oradata/recovery_area/FREE/archivelog/2026_09_17/o1_mf_1_1510_obpcsr9m_.arc' into LogMiner" @service=redpanda-connect label="" path=root.input
time="2026-09-23T12:24:19+01:00" level=debug msg="Loaded ARCHIVED redo log file '/opt/oracle/oradata/recovery_area/FREE/archivelog/2026_09_17/o1_mf_1_1511_obpcvndg_.arc' into LogMiner" @service=redpanda-connect label="" path=root.input
time="2026-09-23T12:24:19+01:00" level=debug msg="Loaded ARCHIVED redo log file '/opt/oracle/oradata/recovery_area/FREE/archivelog/2026_09_17/o1_mf_1_1512_obpcxjhh_.arc' into LogMiner" @service=redpanda-connect label="" path=root.input
time="2026-09-23T12:24:19+01:00" level=debug msg="Loaded ARCHIVED redo log file '/opt/oracle/oradata/recovery_area/FREE/archivelog/2026_09_17/o1_mf_1_1513_obpczdl0_.arc' into LogMiner" @service=redpanda-connect label="" path=root.input
time="2026-09-23T12:24:19+01:00" level=debug msg="Loaded ARCHIVED redo log file '/opt/oracle/oradata/recovery_area/FREE/archivelog/2026_09_17/o1_mf_1_1514_obpd18n2_.arc' into LogMiner" @service=redpanda-connect label="" path=root.input
time="2026-09-23T12:24:19+01:00" level=debug msg="Loaded ARCHIVED redo log file '/opt/oracle/oradata/recovery_area/FREE/archivelog/2026_09_17/o1_mf_1_1515_obpd34pj_.arc' into LogMiner" @service=redpanda-connect label="" path=root.input
time="2026-09-23T12:24:19+01:00" level=debug msg="Loaded ARCHIVED redo log file '/opt/oracle/oradata/recovery_area/FREE/archivelog/2026_09_17/o1_mf_1_1516_obpd50s6_.arc' into LogMiner" @service=redpanda-connect label="" path=root.input
time="2026-09-23T12:24:19+01:00" level=debug msg="Loaded ARCHIVED redo log file '/opt/oracle/oradata/recovery_area/FREE/archivelog/2026_09_17/o1_mf_1_1517_obpd6ww3_.arc' into LogMiner" @service=redpanda-connect label="" path=root.input
time="2026-09-23T12:24:19+01:00" level=debug msg="Loaded ARCHIVED redo log file '/opt/oracle/oradata/recovery_area/FREE/archivelog/2026_09_17/o1_mf_1_1518_obpd8ryd_.arc' into LogMiner" @service=redpanda-connect label="" path=root.input
time="2026-09-23T12:24:19+01:00" level=debug msg="Loaded ARCHIVED redo log file '/opt/oracle/oradata/recovery_area/FREE/archivelog/2026_09_17/o1_mf_1_1519_obpdbo2s_.arc' into LogMiner" @service=redpanda-connect label="" path=root.input
time="2026-09-23T12:24:19+01:00" level=debug msg="Loaded ARCHIVED redo log file '/opt/oracle/oradata/recovery_area/FREE/archivelog/2026_09_17/o1_mf_1_1520_obpddk67_.arc' into LogMiner" @service=redpanda-connect label="" path=root.input
time="2026-09-23T12:24:19+01:00" level=debug msg="Loaded ARCHIVED redo log file '/opt/oracle/oradata/recovery_area/FREE/archivelog/2026_09_17/o1_mf_1_1521_obpdm4j0_.arc' into LogMiner" @service=redpanda-connect label="" path=root.input
time="2026-09-23T12:24:19+01:00" level=debug msg="Loaded ARCHIVED redo log file '/opt/oracle/oradata/recovery_area/FREE/archivelog/2026_09_17/o1_mf_1_1522_obpdo0ln_.arc' into LogMiner" @service=redpanda-connect label="" path=root.input
time="2026-09-23T12:24:19+01:00" level=debug msg="Loaded ARCHIVED redo log file '/opt/oracle/oradata/recovery_area/FREE/archivelog/2026_09_17/o1_mf_1_1523_obpdpwo7_.arc' into LogMiner" @service=redpanda-connect label="" path=root.input
time="2026-09-23T12:24:19+01:00" level=debug msg="Loaded ARCHIVED redo log file '/opt/oracle/oradata/recovery_area/FREE/archivelog/2026_09_17/o1_mf_1_1524_obpdrrq6_.arc' into LogMiner" @service=redpanda-connect label="" path=root.input
time="2026-09-23T12:24:19+01:00" level=debug msg="Loaded ARCHIVED redo log file '/opt/oracle/oradata/recovery_area/FREE/archivelog/2026_09_17/o1_mf_1_1525_obpdtnsn_.arc' into LogMiner" @service=redpanda-connect label="" path=root.input
time="2026-09-23T12:24:19+01:00" level=debug msg="Loaded ARCHIVED redo log file '/opt/oracle/oradata/recovery_area/FREE/archivelog/2026_09_17/o1_mf_1_1526_obpdwjv8_.arc' into LogMiner" @service=redpanda-connect label="" path=root.input
time="2026-09-23T12:24:19+01:00" level=debug msg="Loaded ARCHIVED redo log file '/opt/oracle/oradata/recovery_area/FREE/archivelog/2026_09_17/o1_mf_1_1527_obpdydxx_.arc' into LogMiner" @service=redpanda-connect label="" path=root.input
time="2026-09-23T12:24:19+01:00" level=debug msg="Loaded ARCHIVED redo log file '/opt/oracle/oradata/recovery_area/FREE/archivelog/2026_09_17/o1_mf_1_1528_obpf090t_.arc' into LogMiner" @service=redpanda-connect label="" path=root.input
time="2026-09-23T12:24:19+01:00" level=debug msg="Loaded ARCHIVED redo log file '/opt/oracle/oradata/recovery_area/FREE/archivelog/2026_09_17/o1_mf_1_1529_obpf2523_.arc' into LogMiner" @service=redpanda-connect label="" path=root.input
time="2026-09-23T12:24:20+01:00" level=debug msg="Loaded ARCHIVED redo log file '/opt/oracle/oradata/recovery_area/FREE/archivelog/2026_09_17/o1_mf_1_1530_obpf4148_.arc' into LogMiner" @service=redpanda-connect label="" path=root.input
time="2026-09-23T12:24:20+01:00" level=debug msg="Loaded ARCHIVED redo log file '/opt/oracle/oradata/recovery_area/FREE/archivelog/2026_09_17/o1_mf_1_1531_obpf5x67_.arc' into LogMiner" @service=redpanda-connect label="" path=root.input
time="2026-09-23T12:24:20+01:00" level=debug msg="Loaded ARCHIVED redo log file '/opt/oracle/oradata/recovery_area/FREE/archivelog/2026_09_17/o1_mf_1_1532_obpf7p93_.arc' into LogMiner" @service=redpanda-connect label="" path=root.input
time="2026-09-23T12:24:20+01:00" level=debug msg="Loaded ARCHIVED redo log file '/opt/oracle/oradata/recovery_area/FREE/archivelog/2026_09_17/o1_mf_1_1533_obpf9lct_.arc' into LogMiner" @service=redpanda-connect label="" path=root.input
time="2026-09-23T12:24:20+01:00" level=debug msg="Loaded ARCHIVED redo log file '/opt/oracle/oradata/recovery_area/FREE/archivelog/2026_09_17/o1_mf_1_1534_obpfcgh1_.arc' into LogMiner" @service=redpanda-connect label="" path=root.input
time="2026-09-23T12:24:20+01:00" level=debug msg="Loaded ARCHIVED redo log file '/opt/oracle/oradata/recovery_area/FREE/archivelog/2026_09_17/o1_mf_1_1535_obpffbkc_.arc' into LogMiner" @service=redpanda-connect label="" path=root.input
time="2026-09-23T12:24:20+01:00" level=debug msg="Loaded ARCHIVED redo log file '/opt/oracle/oradata/recovery_area/FREE/archivelog/2026_09_17/o1_mf_1_1536_obpfh6nd_.arc' into LogMiner" @service=redpanda-connect label="" path=root.input
time="2026-09-23T12:24:20+01:00" level=debug msg="Loaded ARCHIVED redo log file '/opt/oracle/oradata/recovery_area/FREE/archivelog/2026_09_17/o1_mf_1_1537_obpfk2qg_.arc' into LogMiner" @service=redpanda-connect label="" path=root.input
time="2026-09-23T12:24:20+01:00" level=debug msg="Loaded ARCHIVED redo log file '/opt/oracle/oradata/recovery_area/FREE/archivelog/2026_09_17/o1_mf_1_1538_obpflyt6_.arc' into LogMiner" @service=redpanda-connect label="" path=root.input
time="2026-09-23T12:24:20+01:00" level=debug msg="Loaded ARCHIVED redo log file '/opt/oracle/oradata/recovery_area/FREE/archivelog/2026_09_17/o1_mf_1_1539_obpfntx2_.arc' into LogMiner" @service=redpanda-connect label="" path=root.input
time="2026-09-23T12:24:20+01:00" level=debug msg="Loaded ARCHIVED redo log file '/opt/oracle/oradata/recovery_area/FREE/archivelog/2026_09_17/o1_mf_1_1540_obpfpq13_.arc' into LogMiner" @service=redpanda-connect label="" path=root.input
time="2026-09-23T12:24:20+01:00" level=debug msg="Loaded ARCHIVED redo log file '/opt/oracle/oradata/recovery_area/FREE/archivelog/2026_09_17/o1_mf_1_1541_obpfrm2s_.arc' into LogMiner" @service=redpanda-connect label="" path=root.input
time="2026-09-23T12:24:20+01:00" level=debug msg="Loaded ARCHIVED redo log file '/opt/oracle/oradata/recovery_area/FREE/archivelog/2026_09_17/o1_mf_1_1542_obpfth5o_.arc' into LogMiner" @service=redpanda-connect label="" path=root.input
time="2026-09-23T12:24:20+01:00" level=debug msg="Loaded ARCHIVED redo log file '/opt/oracle/oradata/recovery_area/FREE/archivelog/2026_09_17/o1_mf_1_1543_obpfwc86_.arc' into LogMiner" @service=redpanda-connect label="" path=root.input
time="2026-09-23T12:24:20+01:00" level=debug msg="Loaded ARCHIVED redo log file '/opt/oracle/oradata/recovery_area/FREE/archivelog/2026_09_17/o1_mf_1_1544_obpfy7bp_.arc' into LogMiner" @service=redpanda-connect label="" path=root.input
time="2026-09-23T12:24:20+01:00" level=debug msg="Loaded ARCHIVED redo log file '/opt/oracle/oradata/recovery_area/FREE/archivelog/2026_09_17/o1_mf_1_1545_obpg03dz_.arc' into LogMiner" @service=redpanda-connect label="" path=root.input
time="2026-09-23T12:24:20+01:00" level=debug msg="Loaded ARCHIVED redo log file '/opt/oracle/oradata/recovery_area/FREE/archivelog/2026_09_17/o1_mf_1_1546_obpg1zhr_.arc' into LogMiner" @service=redpanda-connect label="" path=root.input
time="2026-09-23T12:24:20+01:00" level=debug msg="Loaded ARCHIVED redo log file '/opt/oracle/oradata/recovery_area/FREE/archivelog/2026_09_17/o1_mf_1_1547_obpg3vmr_.arc' into LogMiner" @service=redpanda-connect label="" path=root.input
time="2026-09-23T12:24:20+01:00" level=debug msg="Loaded ARCHIVED redo log file '/opt/oracle/oradata/recovery_area/FREE/archivelog/2026_09_17/o1_mf_1_1548_obpg5qpq_.arc' into LogMiner" @service=redpanda-connect label="" path=root.input
time="2026-09-23T12:24:20+01:00" level=debug msg="Loaded ARCHIVED redo log file '/opt/oracle/oradata/recovery_area/FREE/archivelog/2026_09_17/o1_mf_1_1549_obpg7ms2_.arc' into LogMiner" @service=redpanda-connect label="" path=root.input
time="2026-09-23T12:24:20+01:00" level=debug msg="Loaded ARCHIVED redo log file '/opt/oracle/oradata/recovery_area/FREE/archivelog/2026_09_17/o1_mf_1_1550_obpg9hv4_.arc' into LogMiner" @service=redpanda-connect label="" path=root.input
time="2026-09-23T12:24:20+01:00" level=debug msg="Loaded ARCHIVED redo log file '/opt/oracle/oradata/recovery_area/FREE/archivelog/2026_09_17/o1_mf_1_1551_obpgccyd_.arc' into LogMiner" @service=redpanda-connect label="" path=root.input
time="2026-09-23T12:24:20+01:00" level=debug msg="Loaded ARCHIVED redo log file '/opt/oracle/oradata/recovery_area/FREE/archivelog/2026_09_17/o1_mf_1_1552_obpgf813_.arc' into LogMiner" @service=redpanda-connect label="" path=root.input
time="2026-09-23T12:24:20+01:00" level=debug msg="Loaded ARCHIVED redo log file '/opt/oracle/oradata/recovery_area/FREE/archivelog/2026_09_17/o1_mf_1_1553_obpgh43d_.arc' into LogMiner" @service=redpanda-connect label="" path=root.input
time="2026-09-23T12:24:20+01:00" level=debug msg="Loaded ARCHIVED redo log file '/opt/oracle/oradata/recovery_area/FREE/archivelog/2026_09_17/o1_mf_1_1554_obpgk05w_.arc' into LogMiner" @service=redpanda-connect label="" path=root.input
time="2026-09-23T12:24:20+01:00" level=debug msg="Loaded ARCHIVED redo log file '/opt/oracle/oradata/recovery_area/FREE/archivelog/2026_09_17/o1_mf_1_1555_obpglw8n_.arc' into LogMiner" @service=redpanda-connect label="" path=root.input
time="2026-09-23T12:24:20+01:00" level=debug msg="Loaded ARCHIVED redo log file '/opt/oracle/oradata/recovery_area/FREE/archivelog/2026_09_17/o1_mf_1_1556_obpgnrbv_.arc' into LogMiner" @service=redpanda-connect label="" path=root.input
time="2026-09-23T12:24:20+01:00" level=debug msg="Loaded ARCHIVED redo log file '/opt/oracle/oradata/recovery_area/FREE/archivelog/2026_09_17/o1_mf_1_1557_obpgpnds_.arc' into LogMiner" @service=redpanda-connect label="" path=root.input
time="2026-09-23T12:24:20+01:00" level=debug msg="Loaded ARCHIVED redo log file '/opt/oracle/oradata/recovery_area/FREE/archivelog/2026_09_17/o1_mf_1_1558_obpgrjgp_.arc' into LogMiner" @service=redpanda-connect label="" path=root.input
time="2026-09-23T12:24:20+01:00" level=debug msg="Loaded ARCHIVED redo log file '/opt/oracle/oradata/recovery_area/FREE/archivelog/2026_09_17/o1_mf_1_1559_obpgtdkf_.arc' into LogMiner" @service=redpanda-connect label="" path=root.input
time="2026-09-23T12:24:20+01:00" level=debug msg="Loaded ARCHIVED redo log file '/opt/oracle/oradata/recovery_area/FREE/archivelog/2026_09_17/o1_mf_1_1560_obpgw8nj_.arc' into LogMiner" @service=redpanda-connect label="" path=root.input
time="2026-09-23T12:24:20+01:00" level=debug msg="Loaded ARCHIVED redo log file '/opt/oracle/oradata/recovery_area/FREE/archivelog/2026_09_17/o1_mf_1_1561_obpgy4ph_.arc' into LogMiner" @service=redpanda-connect label="" path=root.input
time="2026-09-23T12:24:20+01:00" level=debug msg="Loaded ARCHIVED redo log file '/opt/oracle/oradata/recovery_area/FREE/archivelog/2026_09_17/o1_mf_1_1562_obph03s0_.arc' into LogMiner" @service=redpanda-connect label="" path=root.input
time="2026-09-23T12:24:20+01:00" level=debug msg="Loaded ARCHIVED redo log file '/opt/oracle/oradata/recovery_area/FREE/archivelog/2026_09_17/o1_mf_1_1563_obph22wb_.arc' into LogMiner" @service=redpanda-connect label="" path=root.input
time="2026-09-23T12:24:20+01:00" level=debug msg="Loaded ARCHIVED redo log file '/opt/oracle/oradata/recovery_area/FREE/archivelog/2026_09_17/o1_mf_1_1564_obph3yz0_.arc' into LogMiner" @service=redpanda-connect label="" path=root.input
time="2026-09-23T12:24:20+01:00" level=debug msg="Loaded ARCHIVED redo log file '/opt/oracle/oradata/recovery_area/FREE/archivelog/2026_09_17/o1_mf_1_1565_obph5v33_.arc' into LogMiner" @service=redpanda-connect label="" path=root.input
time="2026-09-23T12:24:20+01:00" level=debug msg="Loaded ARCHIVED redo log file '/opt/oracle/oradata/recovery_area/FREE/archivelog/2026_09_17/o1_mf_1_1566_obph7q5k_.arc' into LogMiner" @service=redpanda-connect label="" path=root.input
time="2026-09-23T12:24:20+01:00" level=debug msg="Loaded ARCHIVED redo log file '/opt/oracle/oradata/recovery_area/FREE/archivelog/2026_09_17/o1_mf_1_1567_obph9m77_.arc' into LogMiner" @service=redpanda-connect label="" path=root.input
time="2026-09-23T12:24:20+01:00" level=debug msg="Loaded ARCHIVED redo log file '/opt/oracle/oradata/recovery_area/FREE/archivelog/2026_09_17/o1_mf_1_1568_obphcdc6_.arc' into LogMiner" @service=redpanda-connect label="" path=root.input
time="2026-09-23T12:24:20+01:00" level=debug msg="Loaded ARCHIVED redo log file '/opt/oracle/oradata/recovery_area/FREE/archivelog/2026_09_17/o1_mf_1_1569_obpjt832_.arc' into LogMiner" @service=redpanda-connect label="" path=root.input
time="2026-09-23T12:24:20+01:00" level=debug msg="Loaded ARCHIVED redo log file '/opt/oracle/oradata/recovery_area/FREE/archivelog/2026_09_17/o1_mf_1_1570_obptgg7j_.arc' into LogMiner" @service=redpanda-connect label="" path=root.input
time="2026-09-23T12:24:20+01:00" level=debug msg="Loaded ARCHIVED redo log file '/opt/oracle/oradata/recovery_area/FREE/archivelog/2026_09_17/o1_mf_1_1571_obq1m7kt_.arc' into LogMiner" @service=redpanda-connect label="" path=root.input
time="2026-09-23T12:24:20+01:00" level=debug msg="Started LogMiner session from SCN 112813453 to SCN 113013453" @service=redpanda-connect label="" path=root.input
time="2026-09-23T12:24:20+01:00" level=debug msg="Executing LogMiner query with SCN range (scn=112813453 to 113013453 with window 200000)" @service=redpanda-connect label="" path=root.input
time="2026-09-23T12:24:20+01:00" level=debug msg="LogMiner query returned first row after 216.326542ms (scn=112813453 to 113013453)" @service=redpanda-connect label="" path=root.input
time="2026-09-23T12:24:32+01:00" level=debug msg="Collected 420 redo log file(s) for LogMiner: [ARCHIVED ARCHIVED ARCHIVED ARCHIVED ARCHIVED ARCHIVED ARCHIVED ARCHIVED ARCHIVED ARCHIVED ARCHIVED ARCHIVED ARCHIVED ARCHIVED ARCHIVED ARCHIVED ARCHIVED ARCHIVED ARCHIVED ARCHIVED ARCHIVED ARCHIVED ARCHIVED ARCHIVED ARCHIVED ARCHIVED ARCHIVED ARCHIVED ARCHIVED ARCHIVED ARCHIVED ARCHIVED ARCHIVED ARCHIVED ARCHIVED ARCHIVED ARCHIVED ARCHIVED ARCHIVED ARCHIVED ARCHIVED ARCHIVED ARCHIVED ARCHIVED ARCHIVED ARCHIVED ARCHIVED ARCHIVED ARCHIVED ARCHIVED ARCHIVED ARCHIVED ARCHIVED ARCHIVED ARCHIVED ARCHIVED ARCHIVED ARCHIVED ARCHIVED ARCHIVED ARCHIVED ARCHIVED ARCHIVED ARCHIVED ARCHIVED ARCHIVED ARCHIVED ARCHIVED ARCHIVED ARCHIVED ARCHIVED ARCHIVED ARCHIVED ARCHIVED ARCHIVED ARCHIVED ARCHIVED ARCHIVED ARCHIVED ARCHIVED ARCHIVED ARCHIVED ARCHIVED ARCHIVED ARCHIVED ARCHIVED ARCHIVED ARCHIVED ARCHIVED ARCHIVED ARCHIVED ARCHIVED ARCHIVED ARCHIVED ARCHIVED ARCHIVED ARCHIVED ARCHIVED ARCHIVED ARCHIVED ARCHIVED ARCHIVED ARCHIVED ARCHIVED ARCHIVED ARCHIVED ARCHIVED ARCHIVED ARCHIVED ARCHIVED ARCHIVED ARCHIVED ARCHIVED ARCHIVED ARCHIVED ARCHIVED ARCHIVED ARCHIVED ARCHIVED ARCHIVED ARCHIVED ARCHIVED ARCHIVED ARCHIVED ARCHIVED ARCHIVED ARCHIVED ARCHIVED ARCHIVED ARCHIVED ARCHIVED ARCHIVED ARCHIVED ARCHIVED ARCHIVED ARCHIVED ARCHIVED ARCHIVED ARCHIVED ARCHIVED ARCHIVED ARCHIVED ARCHIVED ARCHIVED ARCHIVED ARCHIVED ARCHIVED ARCHIVED ARCHIVED ARCHIVED ARCHIVED ARCHIVED ARCHIVED ARCHIVED ARCHIVED ARCHIVED ARCHIVED ARCHIVED ARCHIVED ARCHIVED ARCHIVED ARCHIVED ARCHIVED ARCHIVED ARCHIVED ARCHIVED ARCHIVED ARCHIVED ARCHIVED ARCHIVED ARCHIVED ARCHIVED ARCHIVED ARCHIVED ARCHIVED ARCHIVED ARCHIVED ARCHIVED ARCHIVED ARCHIVED ARCHIVED ARCHIVED ARCHIVED ARCHIVED ARCHIVED ARCHIVED ARCHIVED ARCHIVED ARCHIVED ARCHIVED ARCHIVED ARCHIVED ARCHIVED ARCHIVED ARCHIVED ARCHIVED ARCHIVED ARCHIVED ARCHIVED ARCHIVED ARCHIVED ARCHIVED ARCHIVED ARCHIVED ARCHIVED ARCHIVED ARCHIVED ARCHIVED ARCHIVED ARCHIVED ARCHIVED ARCHIVED ARCHIVED ARCHIVED ARCHIVED ARCHIVED ARCHIVED ARCHIVED ARCHIVED ARCHIVED ARCHIVED ARCHIVED ARCHIVED ARCHIVED ARCHIVED ARCHIVED ARCHIVED ARCHIVED ARCHIVED ARCHIVED ARCHIVED ARCHIVED ARCHIVED ARCHIVED ARCHIVED ARCHIVED ARCHIVED ARCHIVED ARCHIVED ARCHIVED ARCHIVED ARCHIVED ARCHIVED ARCHIVED ARCHIVED ARCHIVED ARCHIVED ARCHIVED ARCHIVED ARCHIVED ARCHIVED ARCHIVED ARCHIVED ARCHIVED ARCHIVED ARCHIVED ARCHIVED ARCHIVED ARCHIVED ARCHIVED ARCHIVED ARCHIVED ARCHIVED ARCHIVED ARCHIVED ARCHIVED ARCHIVED ARCHIVED ARCHIVED ARCHIVED ARCHIVED ARCHIVED ARCHIVED ARCHIVED ARCHIVED ARCHIVED ARCHIVED ARCHIVED ARCHIVED ARCHIVED ARCHIVED ARCHIVED ARCHIVED ARCHIVED ARCHIVED ARCHIVED ARCHIVED ARCHIVED ARCHIVED ARCHIVED ARCHIVED ARCHIVED ARCHIVED ARCHIVED ARCHIVED ARCHIVED ARCHIVED ARCHIVED ARCHIVED ARCHIVED ARCHIVED ARCHIVED ARCHIVED ARCHIVED ARCHIVED ARCHIVED ARCHIVED ARCHIVED ARCHIVED ARCHIVED ARCHIVED ARCHIVED ARCHIVED ARCHIVED ARCHIVED ARCHIVED ARCHIVED ARCHIVED ARCHIVED ARCHIVED ARCHIVED ARCHIVED ARCHIVED ARCHIVED ARCHIVED ARCHIVED ARCHIVED ARCHIVED ARCHIVED ARCHIVED ARCHIVED ARCHIVED ARCHIVED ARCHIVED ARCHIVED ARCHIVED ARCHIVED ARCHIVED ARCHIVED ARCHIVED ARCHIVED ARCHIVED ARCHIVED ARCHIVED ARCHIVED ARCHIVED ARCHIVED ARCHIVED ARCHIVED ARCHIVED ARCHIVED ARCHIVED ARCHIVED ARCHIVED ARCHIVED ARCHIVED ARCHIVED ARCHIVED ARCHIVED ARCHIVED ARCHIVED ARCHIVED ARCHIVED ARCHIVED ARCHIVED ARCHIVED ARCHIVED ARCHIVED ARCHIVED ARCHIVED ARCHIVED ARCHIVED ARCHIVED ARCHIVED ARCHIVED ARCHIVED ARCHIVED ARCHIVED ARCHIVED ARCHIVED ARCHIVED ARCHIVED ARCHIVED ARCHIVED ARCHIVED ARCHIVED ARCHIVED ARCHIVED ARCHIVED ARCHIVED ARCHIVED ARCHIVED ARCHIVED ARCHIVED ARCHIVED ARCHIVED ARCHIVED ARCHIVED ARCHIVED ARCHIVED ARCHIVED ARCHIVED ARCHIVED ARCHIVED ARCHIVED ARCHIVED ARCHIVED ARCHIVED ARCHIVED ARCHIVED ARCHIVED ARCHIVED ARCHIVED ARCHIVED ARCHIVED ARCHIVED ARCHIVED ARCHIVED ARCHIVED ARCHIVED]" @service=redpanda-connect label="" path=root.input
time="2026-09-23T12:24:32+01:00" level=debug msg="Loaded ARCHIVED redo log file '/opt/oracle/oradata/recovery_area/FREE/archivelog/2026_09_17/o1_mf_1_1571_obq1m7kt_.arc' into LogMiner" @service=redpanda-connect label="" path=root.input
time="2026-09-23T12:24:32+01:00" level=debug msg="Loaded ARCHIVED redo log file '/opt/oracle/oradata/recovery_area/FREE/archivelog/2026_09_17/o1_mf_1_1572_obq9njz7_.arc' into LogMiner" @service=redpanda-connect label="" path=root.input
time="2026-09-23T12:24:32+01:00" level=debug msg="Loaded ARCHIVED redo log file '/opt/oracle/oradata/recovery_area/FREE/archivelog/2026_09_17/o1_mf_1_1573_obqbpygo_.arc' into LogMiner" @service=redpanda-connect label="" path=root.input
time="2026-09-23T12:24:32+01:00" level=debug msg="Loaded ARCHIVED redo log file '/opt/oracle/oradata/recovery_area/FREE/archivelog/2026_09_17/o1_mf_1_1574_obqbrxjs_.arc' into LogMiner" @service=redpanda-connect label="" path=root.input
time="2026-09-23T12:24:32+01:00" level=debug msg="Loaded ARCHIVED redo log file '/opt/oracle/oradata/recovery_area/FREE/archivelog/2026_09_17/o1_mf_1_1575_obqbtwmg_.arc' into LogMiner" @service=redpanda-connect label="" path=root.input
time="2026-09-23T12:24:32+01:00" level=debug msg="Loaded ARCHIVED redo log file '/opt/oracle/oradata/recovery_area/FREE/archivelog/2026_09_17/o1_mf_1_1576_obqbwroz_.arc' into LogMiner" @service=redpanda-connect label="" path=root.input
time="2026-09-23T12:24:32+01:00" level=debug msg="Loaded ARCHIVED redo log file '/opt/oracle/oradata/recovery_area/FREE/archivelog/2026_09_17/o1_mf_1_1577_obqbynr6_.arc' into LogMiner" @service=redpanda-connect label="" path=root.input
time="2026-09-23T12:24:32+01:00" level=debug msg="Loaded ARCHIVED redo log file '/opt/oracle/oradata/recovery_area/FREE/archivelog/2026_09_17/o1_mf_1_1578_obqc0mt5_.arc' into LogMiner" @service=redpanda-connect label="" path=root.input
time="2026-09-23T12:24:32+01:00" level=debug msg="Loaded ARCHIVED redo log file '/opt/oracle/oradata/recovery_area/FREE/archivelog/2026_09_17/o1_mf_1_1579_obqc2lx8_.arc' into LogMiner" @service=redpanda-connect label="" path=root.input
time="2026-09-23T12:24:32+01:00" level=debug msg="Loaded ARCHIVED redo log file '/opt/oracle/oradata/recovery_area/FREE/archivelog/2026_09_17/o1_mf_1_1580_obqc4h0w_.arc' into LogMiner" @service=redpanda-connect label="" path=root.input
time="2026-09-23T12:24:32+01:00" level=debug msg="Loaded ARCHIVED redo log file '/opt/oracle/oradata/recovery_area/FREE/archivelog/2026_09_17/o1_mf_1_1581_obqc6c42_.arc' into LogMiner" @service=redpanda-connect label="" path=root.input
time="2026-09-23T12:24:32+01:00" level=debug msg="Loaded ARCHIVED redo log file '/opt/oracle/oradata/recovery_area/FREE/archivelog/2026_09_17/o1_mf_1_1582_obqc877d_.arc' into LogMiner" @service=redpanda-connect label="" path=root.input
time="2026-09-23T12:24:32+01:00" level=debug msg="Loaded ARCHIVED redo log file '/opt/oracle/oradata/recovery_area/FREE/archivelog/2026_09_17/o1_mf_1_1583_obqcb3c5_.arc' into LogMiner" @service=redpanda-connect label="" path=root.input
time="2026-09-23T12:24:32+01:00" level=debug msg="Loaded ARCHIVED redo log file '/opt/oracle/oradata/recovery_area/FREE/archivelog/2026_09_17/o1_mf_1_1584_obqcczfz_.arc' into LogMiner" @service=redpanda-connect label="" path=root.input
time="2026-09-23T12:24:32+01:00" level=debug msg="Loaded ARCHIVED redo log file '/opt/oracle/oradata/recovery_area/FREE/archivelog/2026_09_17/o1_mf_1_1585_obqcfvk0_.arc' into LogMiner" @service=redpanda-connect label="" path=root.input
time="2026-09-23T12:24:32+01:00" level=debug msg="Loaded ARCHIVED redo log file '/opt/oracle/oradata/recovery_area/FREE/archivelog/2026_09_17/o1_mf_1_1586_obqchqnd_.arc' into LogMiner" @service=redpanda-connect label="" path=root.input
time="2026-09-23T12:24:32+01:00" level=debug msg="Loaded ARCHIVED redo log file '/opt/oracle/oradata/recovery_area/FREE/archivelog/2026_09_17/o1_mf_1_1587_obqckmq0_.arc' into LogMiner" @service=redpanda-connect label="" path=root.input
time="2026-09-23T12:24:32+01:00" level=debug msg="Loaded ARCHIVED redo log file '/opt/oracle/oradata/recovery_area/FREE/archivelog/2026_09_17/o1_mf_1_1588_obqcmhsj_.arc' into LogMiner" @service=redpanda-connect label="" path=root.input
time="2026-09-23T12:24:32+01:00" level=debug msg="Loaded ARCHIVED redo log file '/opt/oracle/oradata/recovery_area/FREE/archivelog/2026_09_17/o1_mf_1_1589_obqcocwm_.arc' into LogMiner" @service=redpanda-connect label="" path=root.input
time="2026-09-23T12:24:32+01:00" level=debug msg="Loaded ARCHIVED redo log file '/opt/oracle/oradata/recovery_area/FREE/archivelog/2026_09_17/o1_mf_1_1590_obqcr3gz_.arc' into LogMiner" @service=redpanda-connect label="" path=root.input
time="2026-09-23T12:24:32+01:00" level=debug msg="Loaded ARCHIVED redo log file '/opt/oracle/oradata/recovery_area/FREE/archivelog/2026_09_17/o1_mf_1_1591_obqcszk4_.arc' into LogMiner" @service=redpanda-connect label="" path=root.input
time="2026-09-23T12:24:32+01:00" level=debug msg="Loaded ARCHIVED redo log file '/opt/oracle/oradata/recovery_area/FREE/archivelog/2026_09_17/o1_mf_1_1592_obqcvvmx_.arc' into LogMiner" @service=redpanda-connect label="" path=root.input
time="2026-09-23T12:24:32+01:00" level=debug msg="Loaded ARCHIVED redo log file '/opt/oracle/oradata/recovery_area/FREE/archivelog/2026_09_17/o1_mf_1_1593_obqcxqpw_.arc' into LogMiner" @service=redpanda-connect label="" path=root.input
time="2026-09-23T12:24:32+01:00" level=debug msg="Loaded ARCHIVED redo log file '/opt/oracle/oradata/recovery_area/FREE/archivelog/2026_09_17/o1_mf_1_1594_obqczmsb_.arc' into LogMiner" @service=redpanda-connect label="" path=root.input
time="2026-09-23T12:24:32+01:00" level=debug msg="Loaded ARCHIVED redo log file '/opt/oracle/oradata/recovery_area/FREE/archivelog/2026_09_17/o1_mf_1_1595_obqd1hwj_.arc' into LogMiner" @service=redpanda-connect label="" path=root.input
time="2026-09-23T12:24:32+01:00" level=debug msg="Loaded ARCHIVED redo log file '/opt/oracle/oradata/recovery_area/FREE/archivelog/2026_09_17/o1_mf_1_1596_obqd390h_.arc' into LogMiner" @service=redpanda-connect label="" path=root.input
time="2026-09-23T12:24:32+01:00" level=debug msg="Loaded ARCHIVED redo log file '/opt/oracle/oradata/recovery_area/FREE/archivelog/2026_09_17/o1_mf_1_1597_obqd553p_.arc' into LogMiner" @service=redpanda-connect label="" path=root.input
time="2026-09-23T12:24:32+01:00" level=debug msg="Loaded ARCHIVED redo log file '/opt/oracle/oradata/recovery_area/FREE/archivelog/2026_09_17/o1_mf_1_1598_obqd716p_.arc' into LogMiner" @service=redpanda-connect label="" path=root.input
time="2026-09-23T12:24:32+01:00" level=debug msg="Loaded ARCHIVED redo log file '/opt/oracle/oradata/recovery_area/FREE/archivelog/2026_09_17/o1_mf_1_1599_obqd8xb6_.arc' into LogMiner" @service=redpanda-connect label="" path=root.input
time="2026-09-23T12:24:32+01:00" level=debug msg="Loaded ARCHIVED redo log file '/opt/oracle/oradata/recovery_area/FREE/archivelog/2026_09_17/o1_mf_1_1600_obqdbsfy_.arc' into LogMiner" @service=redpanda-connect label="" path=root.input
time="2026-09-23T12:24:32+01:00" level=debug msg="Loaded ARCHIVED redo log file '/opt/oracle/oradata/recovery_area/FREE/archivelog/2026_09_17/o1_mf_1_1601_obqddokf_.arc' into LogMiner" @service=redpanda-connect label="" path=root.input
time="2026-09-23T12:24:32+01:00" level=debug msg="Loaded ARCHIVED redo log file '/opt/oracle/oradata/recovery_area/FREE/archivelog/2026_09_17/o1_mf_1_1602_obqdgknr_.arc' into LogMiner" @service=redpanda-connect label="" path=root.input
time="2026-09-23T12:24:32+01:00" level=debug msg="Loaded ARCHIVED redo log file '/opt/oracle/oradata/recovery_area/FREE/archivelog/2026_09_17/o1_mf_1_1603_obqdjfqr_.arc' into LogMiner" @service=redpanda-connect label="" path=root.input
time="2026-09-23T12:24:32+01:00" level=debug msg="Loaded ARCHIVED redo log file '/opt/oracle/oradata/recovery_area/FREE/archivelog/2026_09_17/o1_mf_1_1604_obqdl9v4_.arc' into LogMiner" @service=redpanda-connect label="" path=root.input
time="2026-09-23T12:24:32+01:00" level=debug msg="Loaded ARCHIVED redo log file '/opt/oracle/oradata/recovery_area/FREE/archivelog/2026_09_17/o1_mf_1_1605_obqdw20o_.arc' into LogMiner" @service=redpanda-connect label="" path=root.input
time="2026-09-23T12:24:32+01:00" level=debug msg="Loaded ARCHIVED redo log file '/opt/oracle/oradata/recovery_area/FREE/archivelog/2026_09_17/o1_mf_1_1606_obqdxy34_.arc' into LogMiner" @service=redpanda-connect label="" path=root.input
time="2026-09-23T12:24:32+01:00" level=debug msg="Loaded ARCHIVED redo log file '/opt/oracle/oradata/recovery_area/FREE/archivelog/2026_09_17/o1_mf_1_1607_obqdzt5n_.arc' into LogMiner" @service=redpanda-connect label="" path=root.input
time="2026-09-23T12:24:32+01:00" level=debug msg="Loaded ARCHIVED redo log file '/opt/oracle/oradata/recovery_area/FREE/archivelog/2026_09_17/o1_mf_1_1608_obqf1p7z_.arc' into LogMiner" @service=redpanda-connect label="" path=root.input
time="2026-09-23T12:24:32+01:00" level=debug msg="Loaded ARCHIVED redo log file '/opt/oracle/oradata/recovery_area/FREE/archivelog/2026_09_17/o1_mf_1_1609_obqf3lbq_.arc' into LogMiner" @service=redpanda-connect label="" path=root.input
time="2026-09-23T12:24:32+01:00" level=debug msg="Loaded ARCHIVED redo log file '/opt/oracle/oradata/recovery_area/FREE/archivelog/2026_09_17/o1_mf_1_1610_obqf5gfk_.arc' into LogMiner" @service=redpanda-connect label="" path=root.input
time="2026-09-23T12:24:32+01:00" level=debug msg="Loaded ARCHIVED redo log file '/opt/oracle/oradata/recovery_area/FREE/archivelog/2026_09_17/o1_mf_1_1611_obqf7bhs_.arc' into LogMiner" @service=redpanda-connect label="" path=root.input
time="2026-09-23T12:24:32+01:00" level=debug msg="Loaded ARCHIVED redo log file '/opt/oracle/oradata/recovery_area/FREE/archivelog/2026_09_17/o1_mf_1_1612_obqf96lo_.arc' into LogMiner" @service=redpanda-connect label="" path=root.input
time="2026-09-23T12:24:32+01:00" level=debug msg="Loaded ARCHIVED redo log file '/opt/oracle/oradata/recovery_area/FREE/archivelog/2026_09_17/o1_mf_1_1613_obqfc2pr_.arc' into LogMiner" @service=redpanda-connect label="" path=root.input
time="2026-09-23T12:24:32+01:00" level=debug msg="Loaded ARCHIVED redo log file '/opt/oracle/oradata/recovery_area/FREE/archivelog/2026_09_17/o1_mf_1_1614_obqfdys8_.arc' into LogMiner" @service=redpanda-connect label="" path=root.input
time="2026-09-23T12:24:32+01:00" level=debug msg="Loaded ARCHIVED redo log file '/opt/oracle/oradata/recovery_area/FREE/archivelog/2026_09_17/o1_mf_1_1615_obqfgtvx_.arc' into LogMiner" @service=redpanda-connect label="" path=root.input
time="2026-09-23T12:24:32+01:00" level=debug msg="Loaded ARCHIVED redo log file '/opt/oracle/oradata/recovery_area/FREE/archivelog/2026_09_17/o1_mf_1_1616_obqfjpxv_.arc' into LogMiner" @service=redpanda-connect label="" path=root.input
time="2026-09-23T12:24:32+01:00" level=debug msg="Loaded ARCHIVED redo log file '/opt/oracle/oradata/recovery_area/FREE/archivelog/2026_09_17/o1_mf_1_1617_obqflm16_.arc' into LogMiner" @service=redpanda-connect label="" path=root.input
time="2026-09-23T12:24:32+01:00" level=debug msg="Loaded ARCHIVED redo log file '/opt/oracle/oradata/recovery_area/FREE/archivelog/2026_09_17/o1_mf_1_1618_obqfnh38_.arc' into LogMiner" @service=redpanda-connect label="" path=root.input
time="2026-09-23T12:24:32+01:00" level=debug msg="Loaded ARCHIVED redo log file '/opt/oracle/oradata/recovery_area/FREE/archivelog/2026_09_17/o1_mf_1_1619_obqfpc63_.arc' into LogMiner" @service=redpanda-connect label="" path=root.input
time="2026-09-23T12:24:32+01:00" level=debug msg="Loaded ARCHIVED redo log file '/opt/oracle/oradata/recovery_area/FREE/archivelog/2026_09_17/o1_mf_1_1620_obqfr78g_.arc' into LogMiner" @service=redpanda-connect label="" path=root.input
time="2026-09-23T12:24:32+01:00" level=debug msg="Loaded ARCHIVED redo log file '/opt/oracle/oradata/recovery_area/FREE/archivelog/2026_09_17/o1_mf_1_1621_obqft3bf_.arc' into LogMiner" @service=redpanda-connect label="" path=root.input
time="2026-09-23T12:24:32+01:00" level=debug msg="Loaded ARCHIVED redo log file '/opt/oracle/oradata/recovery_area/FREE/archivelog/2026_09_17/o1_mf_1_1622_obqfvzf8_.arc' into LogMiner" @service=redpanda-connect label="" path=root.input
time="2026-09-23T12:24:32+01:00" level=debug msg="Loaded ARCHIVED redo log file '/opt/oracle/oradata/recovery_area/FREE/archivelog/2026_09_17/o1_mf_1_1623_obqfxvhp_.arc' into LogMiner" @service=redpanda-connect label="" path=root.input
time="2026-09-23T12:24:32+01:00" level=debug msg="Loaded ARCHIVED redo log file '/opt/oracle/oradata/recovery_area/FREE/archivelog/2026_09_17/o1_mf_1_1624_obqfzql5_.arc' into LogMiner" @service=redpanda-connect label="" path=root.input
time="2026-09-23T12:24:32+01:00" level=debug msg="Loaded ARCHIVED redo log file '/opt/oracle/oradata/recovery_area/FREE/archivelog/2026_09_17/o1_mf_1_1625_obqg1mnv_.arc' into LogMiner" @service=redpanda-connect label="" path=root.input
time="2026-09-23T12:24:32+01:00" level=debug msg="Loaded ARCHIVED redo log file '/opt/oracle/oradata/recovery_area/FREE/archivelog/2026_09_17/o1_mf_1_1626_obqg3hq4_.arc' into LogMiner" @service=redpanda-connect label="" path=root.input
time="2026-09-23T12:24:32+01:00" level=debug msg="Loaded ARCHIVED redo log file '/opt/oracle/oradata/recovery_area/FREE/archivelog/2026_09_17/o1_mf_1_1627_obqg5cs1_.arc' into LogMiner" @service=redpanda-connect label="" path=root.input
time="2026-09-23T12:24:32+01:00" level=debug msg="Loaded ARCHIVED redo log file '/opt/oracle/oradata/recovery_area/FREE/archivelog/2026_09_17/o1_mf_1_1628_obqg77w6_.arc' into LogMiner" @service=redpanda-connect label="" path=root.input
time="2026-09-23T12:24:32+01:00" level=debug msg="Loaded ARCHIVED redo log file '/opt/oracle/oradata/recovery_area/FREE/archivelog/2026_09_17/o1_mf_1_1629_obqg93yg_.arc' into LogMiner" @service=redpanda-connect label="" path=root.input
time="2026-09-23T12:24:32+01:00" level=debug msg="Loaded ARCHIVED redo log file '/opt/oracle/oradata/recovery_area/FREE/archivelog/2026_09_17/o1_mf_1_1630_obqgbx2g_.arc' into LogMiner" @service=redpanda-connect label="" path=root.input
time="2026-09-23T12:24:32+01:00" level=debug msg="Loaded ARCHIVED redo log file '/opt/oracle/oradata/recovery_area/FREE/archivelog/2026_09_17/o1_mf_1_1631_obqgds5r_.arc' into LogMiner" @service=redpanda-connect label="" path=root.input
time="2026-09-23T12:24:32+01:00" level=debug msg="Loaded ARCHIVED redo log file '/opt/oracle/oradata/recovery_area/FREE/archivelog/2026_09_17/o1_mf_1_1632_obqggo80_.arc' into LogMiner" @service=redpanda-connect label="" path=root.input
time="2026-09-23T12:24:32+01:00" level=debug msg="Loaded ARCHIVED redo log file '/opt/oracle/oradata/recovery_area/FREE/archivelog/2026_09_17/o1_mf_1_1633_obqgjkcf_.arc' into LogMiner" @service=redpanda-connect label="" path=root.input
time="2026-09-23T12:24:32+01:00" level=debug msg="Loaded ARCHIVED redo log file '/opt/oracle/oradata/recovery_area/FREE/archivelog/2026_09_17/o1_mf_1_1634_obqglfg4_.arc' into LogMiner" @service=redpanda-connect label="" path=root.input
time="2026-09-23T12:24:32+01:00" level=debug msg="Loaded ARCHIVED redo log file '/opt/oracle/oradata/recovery_area/FREE/archivelog/2026_09_17/o1_mf_1_1635_obqgn9jt_.arc' into LogMiner" @service=redpanda-connect label="" path=root.input
time="2026-09-23T12:24:32+01:00" level=debug msg="Loaded ARCHIVED redo log file '/opt/oracle/oradata/recovery_area/FREE/archivelog/2026_09_17/o1_mf_1_1636_obqgp5lc_.arc' into LogMiner" @service=redpanda-connect label="" path=root.input
time="2026-09-23T12:24:32+01:00" level=debug msg="Loaded ARCHIVED redo log file '/opt/oracle/oradata/recovery_area/FREE/archivelog/2026_09_17/o1_mf_1_1637_obqgr1np_.arc' into LogMiner" @service=redpanda-connect label="" path=root.input
time="2026-09-23T12:24:32+01:00" level=debug msg="Loaded ARCHIVED redo log file '/opt/oracle/oradata/recovery_area/FREE/archivelog/2026_09_17/o1_mf_1_1638_obqgsxpc_.arc' into LogMiner" @service=redpanda-connect label="" path=root.input
time="2026-09-23T12:24:32+01:00" level=debug msg="Loaded ARCHIVED redo log file '/opt/oracle/oradata/recovery_area/FREE/archivelog/2026_09_17/o1_mf_1_1639_obqgvsrn_.arc' into LogMiner" @service=redpanda-connect label="" path=root.input
time="2026-09-23T12:24:32+01:00" level=debug msg="Loaded ARCHIVED redo log file '/opt/oracle/oradata/recovery_area/FREE/archivelog/2026_09_17/o1_mf_1_1640_obqgxovb_.arc' into LogMiner" @service=redpanda-connect label="" path=root.input
time="2026-09-23T12:24:32+01:00" level=debug msg="Loaded ARCHIVED redo log file '/opt/oracle/oradata/recovery_area/FREE/archivelog/2026_09_17/o1_mf_1_1641_obqgzky3_.arc' into LogMiner" @service=redpanda-connect label="" path=root.input
time="2026-09-23T12:24:32+01:00" level=debug msg="Loaded ARCHIVED redo log file '/opt/oracle/oradata/recovery_area/FREE/archivelog/2026_09_17/o1_mf_1_1642_obqh1g1v_.arc' into LogMiner" @service=redpanda-connect label="" path=root.input
time="2026-09-23T12:24:32+01:00" level=debug msg="Loaded ARCHIVED redo log file '/opt/oracle/oradata/recovery_area/FREE/archivelog/2026_09_17/o1_mf_1_1643_obqh3b58_.arc' into LogMiner" @service=redpanda-connect label="" path=root.input
time="2026-09-23T12:24:32+01:00" level=debug msg="Loaded ARCHIVED redo log file '/opt/oracle/oradata/recovery_area/FREE/archivelog/2026_09_17/o1_mf_1_1644_obqh567q_.arc' into LogMiner" @service=redpanda-connect label="" path=root.input
time="2026-09-23T12:24:32+01:00" level=debug msg="Loaded ARCHIVED redo log file '/opt/oracle/oradata/recovery_area/FREE/archivelog/2026_09_17/o1_mf_1_1645_obqh729v_.arc' into LogMiner" @service=redpanda-connect label="" path=root.input
time="2026-09-23T12:24:32+01:00" level=debug msg="Loaded ARCHIVED redo log file '/opt/oracle/oradata/recovery_area/FREE/archivelog/2026_09_17/o1_mf_1_1646_obqh8ydh_.arc' into LogMiner" @service=redpanda-connect label="" path=root.input
time="2026-09-23T12:24:32+01:00" level=debug msg="Loaded ARCHIVED redo log file '/opt/oracle/oradata/recovery_area/FREE/archivelog/2026_09_17/o1_mf_1_1647_obqhbth7_.arc' into LogMiner" @service=redpanda-connect label="" path=root.input
time="2026-09-23T12:24:32+01:00" level=debug msg="Loaded ARCHIVED redo log file '/opt/oracle/oradata/recovery_area/FREE/archivelog/2026_09_17/o1_mf_1_1648_obqhdplk_.arc' into LogMiner" @service=redpanda-connect label="" path=root.input
time="2026-09-23T12:24:32+01:00" level=debug msg="Loaded ARCHIVED redo log file '/opt/oracle/oradata/recovery_area/FREE/archivelog/2026_09_17/o1_mf_1_1649_obqhglop_.arc' into LogMiner" @service=redpanda-connect label="" path=root.input
time="2026-09-23T12:24:32+01:00" level=debug msg="Loaded ARCHIVED redo log file '/opt/oracle/oradata/recovery_area/FREE/archivelog/2026_09_17/o1_mf_1_1650_obqhjgqj_.arc' into LogMiner" @service=redpanda-connect label="" path=root.input
time="2026-09-23T12:24:32+01:00" level=debug msg="Loaded ARCHIVED redo log file '/opt/oracle/oradata/recovery_area/FREE/archivelog/2026_09_17/o1_mf_1_1651_obqhlbsm_.arc' into LogMiner" @service=redpanda-connect label="" path=root.input
time="2026-09-23T12:24:32+01:00" level=debug msg="Loaded ARCHIVED redo log file '/opt/oracle/oradata/recovery_area/FREE/archivelog/2026_09_17/o1_mf_1_1652_obqhn6x7_.arc' into LogMiner" @service=redpanda-connect label="" path=root.input
time="2026-09-23T12:24:32+01:00" level=debug msg="Loaded ARCHIVED redo log file '/opt/oracle/oradata/recovery_area/FREE/archivelog/2026_09_17/o1_mf_1_1653_obqhp304_.arc' into LogMiner" @service=redpanda-connect label="" path=root.input
time="2026-09-23T12:24:32+01:00" level=debug msg="Loaded ARCHIVED redo log file '/opt/oracle/oradata/recovery_area/FREE/archivelog/2026_09_17/o1_mf_1_1654_obqhqz34_.arc' into LogMiner" @service=redpanda-connect label="" path=root.input
time="2026-09-23T12:24:32+01:00" level=debug msg="Loaded ARCHIVED redo log file '/opt/oracle/oradata/recovery_area/FREE/archivelog/2026_09_17/o1_mf_1_1655_obqhsv62_.arc' into LogMiner" @service=redpanda-connect label="" path=root.input
time="2026-09-23T12:24:32+01:00" level=debug msg="Loaded ARCHIVED redo log file '/opt/oracle/oradata/recovery_area/FREE/archivelog/2026_09_17/o1_mf_1_1656_obqhvq8d_.arc' into LogMiner" @service=redpanda-connect label="" path=root.input
time="2026-09-23T12:24:32+01:00" level=debug msg="Loaded ARCHIVED redo log file '/opt/oracle/oradata/recovery_area/FREE/archivelog/2026_09_17/o1_mf_1_1657_obqhxmbv_.arc' into LogMiner" @service=redpanda-connect label="" path=root.input
time="2026-09-23T12:24:32+01:00" level=debug msg="Loaded ARCHIVED redo log file '/opt/oracle/oradata/recovery_area/FREE/archivelog/2026_09_17/o1_mf_1_1658_obqhzhfj_.arc' into LogMiner" @service=redpanda-connect label="" path=root.input
time="2026-09-23T12:24:32+01:00" level=debug msg="Loaded ARCHIVED redo log file '/opt/oracle/oradata/recovery_area/FREE/archivelog/2026_09_17/o1_mf_1_1659_obqj1cj9_.arc' into LogMiner" @service=redpanda-connect label="" path=root.input
time="2026-09-23T12:24:32+01:00" level=debug msg="Loaded ARCHIVED redo log file '/opt/oracle/oradata/recovery_area/FREE/archivelog/2026_09_17/o1_mf_1_1660_obqj37m5_.arc' into LogMiner" @service=redpanda-connect label="" path=root.input
time="2026-09-23T12:24:32+01:00" level=debug msg="Loaded ARCHIVED redo log file '/opt/oracle/oradata/recovery_area/FREE/archivelog/2026_09_17/o1_mf_1_1661_obqj53o7_.arc' into LogMiner" @service=redpanda-connect label="" path=root.input
time="2026-09-23T12:24:32+01:00" level=debug msg="Loaded ARCHIVED redo log file '/opt/oracle/oradata/recovery_area/FREE/archivelog/2026_09_17/o1_mf_1_1662_obqj6zr3_.arc' into LogMiner" @service=redpanda-connect label="" path=root.input
time="2026-09-23T12:24:32+01:00" level=debug msg="Loaded ARCHIVED redo log file '/opt/oracle/oradata/recovery_area/FREE/archivelog/2026_09_17/o1_mf_1_1663_obqj8vtp_.arc' into LogMiner" @service=redpanda-connect label="" path=root.input
time="2026-09-23T12:24:32+01:00" level=debug msg="Loaded ARCHIVED redo log file '/opt/oracle/oradata/recovery_area/FREE/archivelog/2026_09_17/o1_mf_1_1664_obqjbqx7_.arc' into LogMiner" @service=redpanda-connect label="" path=root.input
time="2026-09-23T12:24:32+01:00" level=debug msg="Loaded ARCHIVED redo log file '/opt/oracle/oradata/recovery_area/FREE/archivelog/2026_09_17/o1_mf_1_1665_obqjdk0y_.arc' into LogMiner" @service=redpanda-connect label="" path=root.input
time="2026-09-23T12:24:32+01:00" level=debug msg="Loaded ARCHIVED redo log file '/opt/oracle/oradata/recovery_area/FREE/archivelog/2026_09_17/o1_mf_1_1666_obqjgf36_.arc' into LogMiner" @service=redpanda-connect label="" path=root.input
time="2026-09-23T12:24:32+01:00" level=debug msg="Loaded ARCHIVED redo log file '/opt/oracle/oradata/recovery_area/FREE/archivelog/2026_09_17/o1_mf_1_1667_obqjj958_.arc' into LogMiner" @service=redpanda-connect label="" path=root.input
time="2026-09-23T12:24:32+01:00" level=debug msg="Loaded ARCHIVED redo log file '/opt/oracle/oradata/recovery_area/FREE/archivelog/2026_09_17/o1_mf_1_1668_obqjl57d_.arc' into LogMiner" @service=redpanda-connect label="" path=root.input
time="2026-09-23T12:24:32+01:00" level=debug msg="Loaded ARCHIVED redo log file '/opt/oracle/oradata/recovery_area/FREE/archivelog/2026_09_17/o1_mf_1_1669_obqjn1b7_.arc' into LogMiner" @service=redpanda-connect label="" path=root.input
time="2026-09-23T12:24:32+01:00" level=debug msg="Loaded ARCHIVED redo log file '/opt/oracle/oradata/recovery_area/FREE/archivelog/2026_09_17/o1_mf_1_1670_obqjoxdl_.arc' into LogMiner" @service=redpanda-connect label="" path=root.input
time="2026-09-23T12:24:32+01:00" level=debug msg="Loaded ARCHIVED redo log file '/opt/oracle/oradata/recovery_area/FREE/archivelog/2026_09_17/o1_mf_1_1671_obqjqsgg_.arc' into LogMiner" @service=redpanda-connect label="" path=root.input
time="2026-09-23T12:24:32+01:00" level=debug msg="Loaded ARCHIVED redo log file '/opt/oracle/oradata/recovery_area/FREE/archivelog/2026_09_17/o1_mf_1_1672_obqjsoj2_.arc' into LogMiner" @service=redpanda-connect label="" path=root.input
time="2026-09-23T12:24:32+01:00" level=debug msg="Loaded ARCHIVED redo log file '/opt/oracle/oradata/recovery_area/FREE/archivelog/2026_09_17/o1_mf_1_1673_obqjvklc_.arc' into LogMiner" @service=redpanda-connect label="" path=root.input
time="2026-09-23T12:24:32+01:00" level=debug msg="Loaded ARCHIVED redo log file '/opt/oracle/oradata/recovery_area/FREE/archivelog/2026_09_17/o1_mf_1_1674_obqjxfo1_.arc' into LogMiner" @service=redpanda-connect label="" path=root.input
time="2026-09-23T12:24:32+01:00" level=debug msg="Loaded ARCHIVED redo log file '/opt/oracle/oradata/recovery_area/FREE/archivelog/2026_09_17/o1_mf_1_1675_obqjz9qs_.arc' into LogMiner" @service=redpanda-connect label="" path=root.input
time="2026-09-23T12:24:32+01:00" level=debug msg="Loaded ARCHIVED redo log file '/opt/oracle/oradata/recovery_area/FREE/archivelog/2026_09_17/o1_mf_1_1676_obqk15t1_.arc' into LogMiner" @service=redpanda-connect label="" path=root.input
time="2026-09-23T12:24:32+01:00" level=debug msg="Loaded ARCHIVED redo log file '/opt/oracle/oradata/recovery_area/FREE/archivelog/2026_09_17/o1_mf_1_1677_obqk31wz_.arc' into LogMiner" @service=redpanda-connect label="" path=root.input
time="2026-09-23T12:24:32+01:00" level=debug msg="Loaded ARCHIVED redo log file '/opt/oracle/oradata/recovery_area/FREE/archivelog/2026_09_17/o1_mf_1_1678_obqk4y08_.arc' into LogMiner" @service=redpanda-connect label="" path=root.input
time="2026-09-23T12:24:32+01:00" level=debug msg="Loaded ARCHIVED redo log file '/opt/oracle/oradata/recovery_area/FREE/archivelog/2026_09_17/o1_mf_1_1679_obqk6t36_.arc' into LogMiner" @service=redpanda-connect label="" path=root.input
time="2026-09-23T12:24:32+01:00" level=debug msg="Loaded ARCHIVED redo log file '/opt/oracle/oradata/recovery_area/FREE/archivelog/2026_09_17/o1_mf_1_1680_obqk8p6b_.arc' into LogMiner" @service=redpanda-connect label="" path=root.input
time="2026-09-23T12:24:32+01:00" level=debug msg="Loaded ARCHIVED redo log file '/opt/oracle/oradata/recovery_area/FREE/archivelog/2026_09_17/o1_mf_1_1681_obqkbl93_.arc' into LogMiner" @service=redpanda-connect label="" path=root.input
time="2026-09-23T12:24:32+01:00" level=debug msg="Loaded ARCHIVED redo log file '/opt/oracle/oradata/recovery_area/FREE/archivelog/2026_09_17/o1_mf_1_1682_obqkdgc8_.arc' into LogMiner" @service=redpanda-connect label="" path=root.input
time="2026-09-23T12:24:32+01:00" level=debug msg="Loaded ARCHIVED redo log file '/opt/oracle/oradata/recovery_area/FREE/archivelog/2026_09_17/o1_mf_1_1683_obqkgbfr_.arc' into LogMiner" @service=redpanda-connect label="" path=root.input
time="2026-09-23T12:24:32+01:00" level=debug msg="Loaded ARCHIVED redo log file '/opt/oracle/oradata/recovery_area/FREE/archivelog/2026_09_17/o1_mf_1_1684_obqkj6hq_.arc' into LogMiner" @service=redpanda-connect label="" path=root.input
time="2026-09-23T12:24:32+01:00" level=debug msg="Loaded ARCHIVED redo log file '/opt/oracle/oradata/recovery_area/FREE/archivelog/2026_09_17/o1_mf_1_1685_obqkl2l7_.arc' into LogMiner" @service=redpanda-connect label="" path=root.input
time="2026-09-23T12:24:32+01:00" level=debug msg="Loaded ARCHIVED redo log file '/opt/oracle/oradata/recovery_area/FREE/archivelog/2026_09_17/o1_mf_1_1686_obqkmyoc_.arc' into LogMiner" @service=redpanda-connect label="" path=root.input
time="2026-09-23T12:24:32+01:00" level=debug msg="Loaded ARCHIVED redo log file '/opt/oracle/oradata/recovery_area/FREE/archivelog/2026_09_17/o1_mf_1_1687_obqkov6r_.arc' into LogMiner" @service=redpanda-connect label="" path=root.input
time="2026-09-23T12:24:32+01:00" level=debug msg="Loaded ARCHIVED redo log file '/opt/oracle/oradata/recovery_area/FREE/archivelog/2026_09_17/o1_mf_1_1688_obqkqq9l_.arc' into LogMiner" @service=redpanda-connect label="" path=root.input
time="2026-09-23T12:24:32+01:00" level=debug msg="Loaded ARCHIVED redo log file '/opt/oracle/oradata/recovery_area/FREE/archivelog/2026_09_17/o1_mf_1_1689_obqksmdn_.arc' into LogMiner" @service=redpanda-connect label="" path=root.input
time="2026-09-23T12:24:32+01:00" level=debug msg="Loaded ARCHIVED redo log file '/opt/oracle/oradata/recovery_area/FREE/archivelog/2026_09_17/o1_mf_1_1690_obqkvhhd_.arc' into LogMiner" @service=redpanda-connect label="" path=root.input
time="2026-09-23T12:24:32+01:00" level=debug msg="Loaded ARCHIVED redo log file '/opt/oracle/oradata/recovery_area/FREE/archivelog/2026_09_17/o1_mf_1_1691_obqkxckv_.arc' into LogMiner" @service=redpanda-connect label="" path=root.input
time="2026-09-23T12:24:32+01:00" level=debug msg="Loaded ARCHIVED redo log file '/opt/oracle/oradata/recovery_area/FREE/archivelog/2026_09_17/o1_mf_1_1692_obqkz7mx_.arc' into LogMiner" @service=redpanda-connect label="" path=root.input
time="2026-09-23T12:24:32+01:00" level=debug msg="Loaded ARCHIVED redo log file '/opt/oracle/oradata/recovery_area/FREE/archivelog/2026_09_17/o1_mf_1_1693_obql13ps_.arc' into LogMiner" @service=redpanda-connect label="" path=root.input
time="2026-09-23T12:24:32+01:00" level=debug msg="Loaded ARCHIVED redo log file '/opt/oracle/oradata/recovery_area/FREE/archivelog/2026_09_17/o1_mf_1_1694_obql32sl_.arc' into LogMiner" @service=redpanda-connect label="" path=root.input
time="2026-09-23T12:24:32+01:00" level=debug msg="Loaded ARCHIVED redo log file '/opt/oracle/oradata/recovery_area/FREE/archivelog/2026_09_17/o1_mf_1_1695_obql51wn_.arc' into LogMiner" @service=redpanda-connect label="" path=root.input
time="2026-09-23T12:24:32+01:00" level=debug msg="Loaded ARCHIVED redo log file '/opt/oracle/oradata/recovery_area/FREE/archivelog/2026_09_17/o1_mf_1_1696_obql6y0q_.arc' into LogMiner" @service=redpanda-connect label="" path=root.input
time="2026-09-23T12:24:32+01:00" level=debug msg="Loaded ARCHIVED redo log file '/opt/oracle/oradata/recovery_area/FREE/archivelog/2026_09_17/o1_mf_1_1697_obql8x33_.arc' into LogMiner" @service=redpanda-connect label="" path=root.input
time="2026-09-23T12:24:32+01:00" level=debug msg="Loaded ARCHIVED redo log file '/opt/oracle/oradata/recovery_area/FREE/archivelog/2026_09_17/o1_mf_1_1698_obqlbs6d_.arc' into LogMiner" @service=redpanda-connect label="" path=root.input
time="2026-09-23T12:24:32+01:00" level=debug msg="Loaded ARCHIVED redo log file '/opt/oracle/oradata/recovery_area/FREE/archivelog/2026_09_17/o1_mf_1_1699_obqldo8x_.arc' into LogMiner" @service=redpanda-connect label="" path=root.input
time="2026-09-23T12:24:32+01:00" level=debug msg="Loaded ARCHIVED redo log file '/opt/oracle/oradata/recovery_area/FREE/archivelog/2026_09_17/o1_mf_1_1700_obqlgkcf_.arc' into LogMiner" @service=redpanda-connect label="" path=root.input
time="2026-09-23T12:24:32+01:00" level=debug msg="Loaded ARCHIVED redo log file '/opt/oracle/oradata/recovery_area/FREE/archivelog/2026_09_17/o1_mf_1_1701_obqljfh9_.arc' into LogMiner" @service=redpanda-connect label="" path=root.input
time="2026-09-23T12:24:32+01:00" level=debug msg="Loaded ARCHIVED redo log file '/opt/oracle/oradata/recovery_area/FREE/archivelog/2026_09_17/o1_mf_1_1702_obqll9lc_.arc' into LogMiner" @service=redpanda-connect label="" path=root.input
time="2026-09-23T12:24:32+01:00" level=debug msg="Loaded ARCHIVED redo log file '/opt/oracle/oradata/recovery_area/FREE/archivelog/2026_09_17/o1_mf_1_1703_obqln5ox_.arc' into LogMiner" @service=redpanda-connect label="" path=root.input
time="2026-09-23T12:24:32+01:00" level=debug msg="Loaded ARCHIVED redo log file '/opt/oracle/oradata/recovery_area/FREE/archivelog/2026_09_17/o1_mf_1_1704_obqlp1rr_.arc' into LogMiner" @service=redpanda-connect label="" path=root.input
time="2026-09-23T12:24:32+01:00" level=debug msg="Loaded ARCHIVED redo log file '/opt/oracle/oradata/recovery_area/FREE/archivelog/2026_09_17/o1_mf_1_1705_obqlqxw3_.arc' into LogMiner" @service=redpanda-connect label="" path=root.input
time="2026-09-23T12:24:32+01:00" level=debug msg="Loaded ARCHIVED redo log file '/opt/oracle/oradata/recovery_area/FREE/archivelog/2026_09_17/o1_mf_1_1706_obqlssz4_.arc' into LogMiner" @service=redpanda-connect label="" path=root.input
time="2026-09-23T12:24:32+01:00" level=debug msg="Loaded ARCHIVED redo log file '/opt/oracle/oradata/recovery_area/FREE/archivelog/2026_09_17/o1_mf_1_1707_obqlvp33_.arc' into LogMiner" @service=redpanda-connect label="" path=root.input
time="2026-09-23T12:24:32+01:00" level=debug msg="Loaded ARCHIVED redo log file '/opt/oracle/oradata/recovery_area/FREE/archivelog/2026_09_17/o1_mf_1_1708_obqlxl5q_.arc' into LogMiner" @service=redpanda-connect label="" path=root.input
time="2026-09-23T12:24:32+01:00" level=debug msg="Loaded ARCHIVED redo log file '/opt/oracle/oradata/recovery_area/FREE/archivelog/2026_09_17/o1_mf_1_1709_obqlzg7w_.arc' into LogMiner" @service=redpanda-connect label="" path=root.input
time="2026-09-23T12:24:32+01:00" level=debug msg="Loaded ARCHIVED redo log file '/opt/oracle/oradata/recovery_area/FREE/archivelog/2026_09_17/o1_mf_1_1710_obqm1bd6_.arc' into LogMiner" @service=redpanda-connect label="" path=root.input
time="2026-09-23T12:24:32+01:00" level=debug msg="Loaded ARCHIVED redo log file '/opt/oracle/oradata/recovery_area/FREE/archivelog/2026_09_17/o1_mf_1_1711_obqm36hs_.arc' into LogMiner" @service=redpanda-connect label="" path=root.input
time="2026-09-23T12:24:32+01:00" level=debug msg="Loaded ARCHIVED redo log file '/opt/oracle/oradata/recovery_area/FREE/archivelog/2026_09_17/o1_mf_1_1712_obqmv88c_.arc' into LogMiner" @service=redpanda-connect label="" path=root.input
time="2026-09-23T12:24:32+01:00" level=debug msg="Loaded ARCHIVED redo log file '/opt/oracle/oradata/recovery_area/FREE/archivelog/2026_09_17/o1_mf_1_1713_obqmx4k1_.arc' into LogMiner" @service=redpanda-connect label="" path=root.input
time="2026-09-23T12:24:32+01:00" level=debug msg="Loaded ARCHIVED redo log file '/opt/oracle/oradata/recovery_area/FREE/archivelog/2026_09_17/o1_mf_1_1714_obqn53ob_.arc' into LogMiner" @service=redpanda-connect label="" path=root.input
time="2026-09-23T12:24:32+01:00" level=debug msg="Loaded ARCHIVED redo log file '/opt/oracle/oradata/recovery_area/FREE/archivelog/2026_09_17/o1_mf_1_1715_obqn6zrn_.arc' into LogMiner" @service=redpanda-connect label="" path=root.input
time="2026-09-23T12:24:32+01:00" level=debug msg="Loaded ARCHIVED redo log file '/opt/oracle/oradata/recovery_area/FREE/archivelog/2026_09_17/o1_mf_1_1716_obqn8vvk_.arc' into LogMiner" @service=redpanda-connect label="" path=root.input
time="2026-09-23T12:24:32+01:00" level=debug msg="Loaded ARCHIVED redo log file '/opt/oracle/oradata/recovery_area/FREE/archivelog/2026_09_17/o1_mf_1_1717_obqnbqyl_.arc' into LogMiner" @service=redpanda-connect label="" path=root.input
time="2026-09-23T12:24:32+01:00" level=debug msg="Loaded ARCHIVED redo log file '/opt/oracle/oradata/recovery_area/FREE/archivelog/2026_09_17/o1_mf_1_1718_obqndn1r_.arc' into LogMiner" @service=redpanda-connect label="" path=root.input
time="2026-09-23T12:24:32+01:00" level=debug msg="Loaded ARCHIVED redo log file '/opt/oracle/oradata/recovery_area/FREE/archivelog/2026_09_17/o1_mf_1_1719_obqngj3x_.arc' into LogMiner" @service=redpanda-connect label="" path=root.input
time="2026-09-23T12:24:32+01:00" level=debug msg="Loaded ARCHIVED redo log file '/opt/oracle/oradata/recovery_area/FREE/archivelog/2026_09_17/o1_mf_1_1720_obqnjh6j_.arc' into LogMiner" @service=redpanda-connect label="" path=root.input
time="2026-09-23T12:24:32+01:00" level=debug msg="Loaded ARCHIVED redo log file '/opt/oracle/oradata/recovery_area/FREE/archivelog/2026_09_17/o1_mf_1_1721_obqnlg91_.arc' into LogMiner" @service=redpanda-connect label="" path=root.input
time="2026-09-23T12:24:32+01:00" level=debug msg="Loaded ARCHIVED redo log file '/opt/oracle/oradata/recovery_area/FREE/archivelog/2026_09_17/o1_mf_1_1722_obqnnbbp_.arc' into LogMiner" @service=redpanda-connect label="" path=root.input
time="2026-09-23T12:24:32+01:00" level=debug msg="Loaded ARCHIVED redo log file '/opt/oracle/oradata/recovery_area/FREE/archivelog/2026_09_17/o1_mf_1_1723_obqnp6fw_.arc' into LogMiner" @service=redpanda-connect label="" path=root.input
time="2026-09-23T12:24:32+01:00" level=debug msg="Loaded ARCHIVED redo log file '/opt/oracle/oradata/recovery_area/FREE/archivelog/2026_09_17/o1_mf_1_1724_obqnr2jr_.arc' into LogMiner" @service=redpanda-connect label="" path=root.input
time="2026-09-23T12:24:32+01:00" level=debug msg="Loaded ARCHIVED redo log file '/opt/oracle/oradata/recovery_area/FREE/archivelog/2026_09_17/o1_mf_1_1725_obqnsynq_.arc' into LogMiner" @service=redpanda-connect label="" path=root.input
time="2026-09-23T12:24:32+01:00" level=debug msg="Loaded ARCHIVED redo log file '/opt/oracle/oradata/recovery_area/FREE/archivelog/2026_09_17/o1_mf_1_1726_obqnvtqj_.arc' into LogMiner" @service=redpanda-connect label="" path=root.input
time="2026-09-23T12:24:32+01:00" level=debug msg="Loaded ARCHIVED redo log file '/opt/oracle/oradata/recovery_area/FREE/archivelog/2026_09_17/o1_mf_1_1727_obqnxmso_.arc' into LogMiner" @service=redpanda-connect label="" path=root.input
time="2026-09-23T12:24:32+01:00" level=debug msg="Loaded ARCHIVED redo log file '/opt/oracle/oradata/recovery_area/FREE/archivelog/2026_09_17/o1_mf_1_1728_obqnzhvw_.arc' into LogMiner" @service=redpanda-connect label="" path=root.input
time="2026-09-23T12:24:32+01:00" level=debug msg="Loaded ARCHIVED redo log file '/opt/oracle/oradata/recovery_area/FREE/archivelog/2026_09_17/o1_mf_1_1729_obqo1cy0_.arc' into LogMiner" @service=redpanda-connect label="" path=root.input
time="2026-09-23T12:24:32+01:00" level=debug msg="Loaded ARCHIVED redo log file '/opt/oracle/oradata/recovery_area/FREE/archivelog/2026_09_17/o1_mf_1_1730_obqo381p_.arc' into LogMiner" @service=redpanda-connect label="" path=root.input
time="2026-09-23T12:24:32+01:00" level=debug msg="Loaded ARCHIVED redo log file '/opt/oracle/oradata/recovery_area/FREE/archivelog/2026_09_17/o1_mf_1_1731_obqo5449_.arc' into LogMiner" @service=redpanda-connect label="" path=root.input
time="2026-09-23T12:24:32+01:00" level=debug msg="Loaded ARCHIVED redo log file '/opt/oracle/oradata/recovery_area/FREE/archivelog/2026_09_17/o1_mf_1_1732_obqo706h_.arc' into LogMiner" @service=redpanda-connect label="" path=root.input
time="2026-09-23T12:24:32+01:00" level=debug msg="Loaded ARCHIVED redo log file '/opt/oracle/oradata/recovery_area/FREE/archivelog/2026_09_17/o1_mf_1_1733_obqo8w8h_.arc' into LogMiner" @service=redpanda-connect label="" path=root.input
time="2026-09-23T12:24:33+01:00" level=debug msg="Loaded ARCHIVED redo log file '/opt/oracle/oradata/recovery_area/FREE/archivelog/2026_09_17/o1_mf_1_1734_obqobrcf_.arc' into LogMiner" @service=redpanda-connect label="" path=root.input
time="2026-09-23T12:24:33+01:00" level=debug msg="Loaded ARCHIVED redo log file '/opt/oracle/oradata/recovery_area/FREE/archivelog/2026_09_17/o1_mf_1_1735_obqodnfd_.arc' into LogMiner" @service=redpanda-connect label="" path=root.input
time="2026-09-23T12:24:33+01:00" level=debug msg="Loaded ARCHIVED redo log file '/opt/oracle/oradata/recovery_area/FREE/archivelog/2026_09_17/o1_mf_1_1736_obqogjjb_.arc' into LogMiner" @service=redpanda-connect label="" path=root.input
time="2026-09-23T12:24:33+01:00" level=debug msg="Loaded ARCHIVED redo log file '/opt/oracle/oradata/recovery_area/FREE/archivelog/2026_09_17/o1_mf_1_1737_obqojdlg_.arc' into LogMiner" @service=redpanda-connect label="" path=root.input
time="2026-09-23T12:24:33+01:00" level=debug msg="Loaded ARCHIVED redo log file '/opt/oracle/oradata/recovery_area/FREE/archivelog/2026_09_17/o1_mf_1_1738_obqol8of_.arc' into LogMiner" @service=redpanda-connect label="" path=root.input
time="2026-09-23T12:24:33+01:00" level=debug msg="Loaded ARCHIVED redo log file '/opt/oracle/oradata/recovery_area/FREE/archivelog/2026_09_17/o1_mf_1_1739_obqon4qv_.arc' into LogMiner" @service=redpanda-connect label="" path=root.input
time="2026-09-23T12:24:33+01:00" level=debug msg="Loaded ARCHIVED redo log file '/opt/oracle/oradata/recovery_area/FREE/archivelog/2026_09_17/o1_mf_1_1740_obqop0to_.arc' into LogMiner" @service=redpanda-connect label="" path=root.input
time="2026-09-23T12:24:33+01:00" level=debug msg="Loaded ARCHIVED redo log file '/opt/oracle/oradata/recovery_area/FREE/archivelog/2026_09_17/o1_mf_1_1741_obqoqwxk_.arc' into LogMiner" @service=redpanda-connect label="" path=root.input
time="2026-09-23T12:24:33+01:00" level=debug msg="Loaded ARCHIVED redo log file '/opt/oracle/oradata/recovery_area/FREE/archivelog/2026_09_17/o1_mf_1_1742_obqoss1j_.arc' into LogMiner" @service=redpanda-connect label="" path=root.input
time="2026-09-23T12:24:33+01:00" level=debug msg="Loaded ARCHIVED redo log file '/opt/oracle/oradata/recovery_area/FREE/archivelog/2026_09_17/o1_mf_1_1743_obqovo49_.arc' into LogMiner" @service=redpanda-connect label="" path=root.input
time="2026-09-23T12:24:33+01:00" level=debug msg="Loaded ARCHIVED redo log file '/opt/oracle/oradata/recovery_area/FREE/archivelog/2026_09_17/o1_mf_1_1744_obqoxk6y_.arc' into LogMiner" @service=redpanda-connect label="" path=root.input
time="2026-09-23T12:24:33+01:00" level=debug msg="Loaded ARCHIVED redo log file '/opt/oracle/oradata/recovery_area/FREE/archivelog/2026_09_17/o1_mf_1_1745_obqozf91_.arc' into LogMiner" @service=redpanda-connect label="" path=root.input
time="2026-09-23T12:24:33+01:00" level=debug msg="Loaded ARCHIVED redo log file '/opt/oracle/oradata/recovery_area/FREE/archivelog/2026_09_17/o1_mf_1_1746_obqp19ct_.arc' into LogMiner" @service=redpanda-connect label="" path=root.input
time="2026-09-23T12:24:33+01:00" level=debug msg="Loaded ARCHIVED redo log file '/opt/oracle/oradata/recovery_area/FREE/archivelog/2026_09_17/o1_mf_1_1747_obqp35gh_.arc' into LogMiner" @service=redpanda-connect label="" path=root.input
time="2026-09-23T12:24:33+01:00" level=debug msg="Loaded ARCHIVED redo log file '/opt/oracle/oradata/recovery_area/FREE/archivelog/2026_09_17/o1_mf_1_1748_obqp51jy_.arc' into LogMiner" @service=redpanda-connect label="" path=root.input
time="2026-09-23T12:24:33+01:00" level=debug msg="Loaded ARCHIVED redo log file '/opt/oracle/oradata/recovery_area/FREE/archivelog/2026_09_17/o1_mf_1_1749_obqp6xmm_.arc' into LogMiner" @service=redpanda-connect label="" path=root.input
time="2026-09-23T12:24:33+01:00" level=debug msg="Loaded ARCHIVED redo log file '/opt/oracle/oradata/recovery_area/FREE/archivelog/2026_09_17/o1_mf_1_1750_obqp8soo_.arc' into LogMiner" @service=redpanda-connect label="" path=root.input
time="2026-09-23T12:24:33+01:00" level=debug msg="Loaded ARCHIVED redo log file '/opt/oracle/oradata/recovery_area/FREE/archivelog/2026_09_17/o1_mf_1_1751_obqpbork_.arc' into LogMiner" @service=redpanda-connect label="" path=root.input
time="2026-09-23T12:24:33+01:00" level=debug msg="Loaded ARCHIVED redo log file '/opt/oracle/oradata/recovery_area/FREE/archivelog/2026_09_17/o1_mf_1_1752_obqpdkvd_.arc' into LogMiner" @service=redpanda-connect label="" path=root.input
time="2026-09-23T12:24:33+01:00" level=debug msg="Loaded ARCHIVED redo log file '/opt/oracle/oradata/recovery_area/FREE/archivelog/2026_09_17/o1_mf_1_1753_obqpgfyn_.arc' into LogMiner" @service=redpanda-connect label="" path=root.input
time="2026-09-23T12:24:33+01:00" level=debug msg="Loaded ARCHIVED redo log file '/opt/oracle/oradata/recovery_area/FREE/archivelog/2026_09_17/o1_mf_1_1754_obqpjb24_.arc' into LogMiner" @service=redpanda-connect label="" path=root.input
time="2026-09-23T12:24:33+01:00" level=debug msg="Loaded ARCHIVED redo log file '/opt/oracle/oradata/recovery_area/FREE/archivelog/2026_09_17/o1_mf_1_1755_obqpl64r_.arc' into LogMiner" @service=redpanda-connect label="" path=root.input
time="2026-09-23T12:24:33+01:00" level=debug msg="Loaded ARCHIVED redo log file '/opt/oracle/oradata/recovery_area/FREE/archivelog/2026_09_17/o1_mf_1_1756_obqpn27d_.arc' into LogMiner" @service=redpanda-connect label="" path=root.input
time="2026-09-23T12:24:33+01:00" level=debug msg="Loaded ARCHIVED redo log file '/opt/oracle/oradata/recovery_area/FREE/archivelog/2026_09_17/o1_mf_1_1757_obqpoy9m_.arc' into LogMiner" @service=redpanda-connect label="" path=root.input
time="2026-09-23T12:24:33+01:00" level=debug msg="Loaded ARCHIVED redo log file '/opt/oracle/oradata/recovery_area/FREE/archivelog/2026_09_17/o1_mf_1_1758_obqpqtcx_.arc' into LogMiner" @service=redpanda-connect label="" path=root.input
time="2026-09-23T12:24:33+01:00" level=debug msg="Loaded ARCHIVED redo log file '/opt/oracle/oradata/recovery_area/FREE/archivelog/2026_09_17/o1_mf_1_1759_obqpspgj_.arc' into LogMiner" @service=redpanda-connect label="" path=root.input
time="2026-09-23T12:24:33+01:00" level=debug msg="Loaded ARCHIVED redo log file '/opt/oracle/oradata/recovery_area/FREE/archivelog/2026_09_17/o1_mf_1_1760_obqpvlkb_.arc' into LogMiner" @service=redpanda-connect label="" path=root.input
time="2026-09-23T12:24:33+01:00" level=debug msg="Loaded ARCHIVED redo log file '/opt/oracle/oradata/recovery_area/FREE/archivelog/2026_09_17/o1_mf_1_1761_obqpxgnj_.arc' into LogMiner" @service=redpanda-connect label="" path=root.input
time="2026-09-23T12:24:33+01:00" level=debug msg="Loaded ARCHIVED redo log file '/opt/oracle/oradata/recovery_area/FREE/archivelog/2026_09_17/o1_mf_1_1762_obqpzbq6_.arc' into LogMiner" @service=redpanda-connect label="" path=root.input
time="2026-09-23T12:24:33+01:00" level=debug msg="Loaded ARCHIVED redo log file '/opt/oracle/oradata/recovery_area/FREE/archivelog/2026_09_17/o1_mf_1_1763_obqq16s4_.arc' into LogMiner" @service=redpanda-connect label="" path=root.input
time="2026-09-23T12:24:33+01:00" level=debug msg="Loaded ARCHIVED redo log file '/opt/oracle/oradata/recovery_area/FREE/archivelog/2026_09_17/o1_mf_1_1764_obqq2zvd_.arc' into LogMiner" @service=redpanda-connect label="" path=root.input
time="2026-09-23T12:24:33+01:00" level=debug msg="Loaded ARCHIVED redo log file '/opt/oracle/oradata/recovery_area/FREE/archivelog/2026_09_17/o1_mf_1_1765_obqq4vxf_.arc' into LogMiner" @service=redpanda-connect label="" path=root.input
time="2026-09-23T12:24:33+01:00" level=debug msg="Loaded ARCHIVED redo log file '/opt/oracle/oradata/recovery_area/FREE/archivelog/2026_09_17/o1_mf_1_1766_obqq6r0j_.arc' into LogMiner" @service=redpanda-connect label="" path=root.input
time="2026-09-23T12:24:33+01:00" level=debug msg="Loaded ARCHIVED redo log file '/opt/oracle/oradata/recovery_area/FREE/archivelog/2026_09_17/o1_mf_1_1767_obqq8n3p_.arc' into LogMiner" @service=redpanda-connect label="" path=root.input
time="2026-09-23T12:24:33+01:00" level=debug msg="Loaded ARCHIVED redo log file '/opt/oracle/oradata/recovery_area/FREE/archivelog/2026_09_17/o1_mf_1_1768_obqqbj62_.arc' into LogMiner" @service=redpanda-connect label="" path=root.input
time="2026-09-23T12:24:33+01:00" level=debug msg="Loaded ARCHIVED redo log file '/opt/oracle/oradata/recovery_area/FREE/archivelog/2026_09_17/o1_mf_1_1769_obqqdd8l_.arc' into LogMiner" @service=redpanda-connect label="" path=root.input
time="2026-09-23T12:24:33+01:00" level=debug msg="Loaded ARCHIVED redo log file '/opt/oracle/oradata/recovery_area/FREE/archivelog/2026_09_17/o1_mf_1_1770_obqqg8cy_.arc' into LogMiner" @service=redpanda-connect label="" path=root.input
time="2026-09-23T12:24:33+01:00" level=debug msg="Loaded ARCHIVED redo log file '/opt/oracle/oradata/recovery_area/FREE/archivelog/2026_09_17/o1_mf_1_1771_obqqj4h9_.arc' into LogMiner" @service=redpanda-connect label="" path=root.input
time="2026-09-23T12:24:33+01:00" level=debug msg="Loaded ARCHIVED redo log file '/opt/oracle/oradata/recovery_area/FREE/archivelog/2026_09_17/o1_mf_1_1772_obqql0l4_.arc' into LogMiner" @service=redpanda-connect label="" path=root.input
time="2026-09-23T12:24:33+01:00" level=debug msg="Loaded ARCHIVED redo log file '/opt/oracle/oradata/recovery_area/FREE/archivelog/2026_09_17/o1_mf_1_1773_obqqmwot_.arc' into LogMiner" @service=redpanda-connect label="" path=root.input
time="2026-09-23T12:24:33+01:00" level=debug msg="Loaded ARCHIVED redo log file '/opt/oracle/oradata/recovery_area/FREE/archivelog/2026_09_17/o1_mf_1_1774_obqqorrd_.arc' into LogMiner" @service=redpanda-connect label="" path=root.input
time="2026-09-23T12:24:33+01:00" level=debug msg="Loaded ARCHIVED redo log file '/opt/oracle/oradata/recovery_area/FREE/archivelog/2026_09_17/o1_mf_1_1775_obqqqnvm_.arc' into LogMiner" @service=redpanda-connect label="" path=root.input
time="2026-09-23T12:24:33+01:00" level=debug msg="Loaded ARCHIVED redo log file '/opt/oracle/oradata/recovery_area/FREE/archivelog/2026_09_17/o1_mf_1_1776_obqqsjyv_.arc' into LogMiner" @service=redpanda-connect label="" path=root.input
time="2026-09-23T12:24:33+01:00" level=debug msg="Loaded ARCHIVED redo log file '/opt/oracle/oradata/recovery_area/FREE/archivelog/2026_09_17/o1_mf_1_1777_obqqvf2j_.arc' into LogMiner" @service=redpanda-connect label="" path=root.input
time="2026-09-23T12:24:33+01:00" level=debug msg="Loaded ARCHIVED redo log file '/opt/oracle/oradata/recovery_area/FREE/archivelog/2026_09_17/o1_mf_1_1778_obqqx951_.arc' into LogMiner" @service=redpanda-connect label="" path=root.input
time="2026-09-23T12:24:33+01:00" level=debug msg="Loaded ARCHIVED redo log file '/opt/oracle/oradata/recovery_area/FREE/archivelog/2026_09_17/o1_mf_1_1779_obqqz579_.arc' into LogMiner" @service=redpanda-connect label="" path=root.input
time="2026-09-23T12:24:33+01:00" level=debug msg="Loaded ARCHIVED redo log file '/opt/oracle/oradata/recovery_area/FREE/archivelog/2026_09_17/o1_mf_1_1780_obqr119q_.arc' into LogMiner" @service=redpanda-connect label="" path=root.input
time="2026-09-23T12:24:33+01:00" level=debug msg="Loaded ARCHIVED redo log file '/opt/oracle/oradata/recovery_area/FREE/archivelog/2026_09_17/o1_mf_1_1781_obqr2xcb_.arc' into LogMiner" @service=redpanda-connect label="" path=root.input
time="2026-09-23T12:24:33+01:00" level=debug msg="Loaded ARCHIVED redo log file '/opt/oracle/oradata/recovery_area/FREE/archivelog/2026_09_17/o1_mf_1_1782_obqr4sdr_.arc' into LogMiner" @service=redpanda-connect label="" path=root.input
time="2026-09-23T12:24:33+01:00" level=debug msg="Loaded ARCHIVED redo log file '/opt/oracle/oradata/recovery_area/FREE/archivelog/2026_09_17/o1_mf_1_1783_obqr6ofk_.arc' into LogMiner" @service=redpanda-connect label="" path=root.input
time="2026-09-23T12:24:33+01:00" level=debug msg="Loaded ARCHIVED redo log file '/opt/oracle/oradata/recovery_area/FREE/archivelog/2026_09_17/o1_mf_1_1784_obqr8khx_.arc' into LogMiner" @service=redpanda-connect label="" path=root.input
time="2026-09-23T12:24:33+01:00" level=debug msg="Loaded ARCHIVED redo log file '/opt/oracle/oradata/recovery_area/FREE/archivelog/2026_09_17/o1_mf_1_1785_obqrbfk9_.arc' into LogMiner" @service=redpanda-connect label="" path=root.input
time="2026-09-23T12:24:33+01:00" level=debug msg="Loaded ARCHIVED redo log file '/opt/oracle/oradata/recovery_area/FREE/archivelog/2026_09_17/o1_mf_1_1786_obqrd9lq_.arc' into LogMiner" @service=redpanda-connect label="" path=root.input
time="2026-09-23T12:24:33+01:00" level=debug msg="Loaded ARCHIVED redo log file '/opt/oracle/oradata/recovery_area/FREE/archivelog/2026_09_17/o1_mf_1_1787_obqrg5of_.arc' into LogMiner" @service=redpanda-connect label="" path=root.input
time="2026-09-23T12:24:33+01:00" level=debug msg="Loaded ARCHIVED redo log file '/opt/oracle/oradata/recovery_area/FREE/archivelog/2026_09_17/o1_mf_1_1788_obqrj1rk_.arc' into LogMiner" @service=redpanda-connect label="" path=root.input
time="2026-09-23T12:24:33+01:00" level=debug msg="Loaded ARCHIVED redo log file '/opt/oracle/oradata/recovery_area/FREE/archivelog/2026_09_17/o1_mf_1_1789_obqrkxv0_.arc' into LogMiner" @service=redpanda-connect label="" path=root.input
time="2026-09-23T12:24:33+01:00" level=debug msg="Loaded ARCHIVED redo log file '/opt/oracle/oradata/recovery_area/FREE/archivelog/2026_09_17/o1_mf_1_1790_obqrmsxo_.arc' into LogMiner" @service=redpanda-connect label="" path=root.input
time="2026-09-23T12:24:33+01:00" level=debug msg="Loaded ARCHIVED redo log file '/opt/oracle/oradata/recovery_area/FREE/archivelog/2026_09_17/o1_mf_1_1791_obqrop1q_.arc' into LogMiner" @service=redpanda-connect label="" path=root.input
time="2026-09-23T12:24:33+01:00" level=debug msg="Loaded ARCHIVED redo log file '/opt/oracle/oradata/recovery_area/FREE/archivelog/2026_09_17/o1_mf_1_1792_obqrql4t_.arc' into LogMiner" @service=redpanda-connect label="" path=root.input
time="2026-09-23T12:24:33+01:00" level=debug msg="Loaded ARCHIVED redo log file '/opt/oracle/oradata/recovery_area/FREE/archivelog/2026_09_17/o1_mf_1_1793_obqrsg7t_.arc' into LogMiner" @service=redpanda-connect label="" path=root.input
time="2026-09-23T12:24:33+01:00" level=debug msg="Loaded ARCHIVED redo log file '/opt/oracle/oradata/recovery_area/FREE/archivelog/2026_09_17/o1_mf_1_1794_obqrvbc6_.arc' into LogMiner" @service=redpanda-connect label="" path=root.input
time="2026-09-23T12:24:33+01:00" level=debug msg="Loaded ARCHIVED redo log file '/opt/oracle/oradata/recovery_area/FREE/archivelog/2026_09_17/o1_mf_1_1795_obqrx6h0_.arc' into LogMiner" @service=redpanda-connect label="" path=root.input
time="2026-09-23T12:24:33+01:00" level=debug msg="Loaded ARCHIVED redo log file '/opt/oracle/oradata/recovery_area/FREE/archivelog/2026_09_17/o1_mf_1_1796_obqrz2l0_.arc' into LogMiner" @service=redpanda-connect label="" path=root.input
time="2026-09-23T12:24:33+01:00" level=debug msg="Loaded ARCHIVED redo log file '/opt/oracle/oradata/recovery_area/FREE/archivelog/2026_09_17/o1_mf_1_1797_obqs0yob_.arc' into LogMiner" @service=redpanda-connect label="" path=root.input
time="2026-09-23T12:24:33+01:00" level=debug msg="Loaded ARCHIVED redo log file '/opt/oracle/oradata/recovery_area/FREE/archivelog/2026_09_17/o1_mf_1_1798_obqs2tr9_.arc' into LogMiner" @service=redpanda-connect label="" path=root.input
time="2026-09-23T12:24:33+01:00" level=debug msg="Loaded ARCHIVED redo log file '/opt/oracle/oradata/recovery_area/FREE/archivelog/2026_09_17/o1_mf_1_1799_obqs4pv1_.arc' into LogMiner" @service=redpanda-connect label="" path=root.input
time="2026-09-23T12:24:33+01:00" level=debug msg="Loaded ARCHIVED redo log file '/opt/oracle/oradata/recovery_area/FREE/archivelog/2026_09_17/o1_mf_1_1800_obqs6oxy_.arc' into LogMiner" @service=redpanda-connect label="" path=root.input
time="2026-09-23T12:24:33+01:00" level=debug msg="Loaded ARCHIVED redo log file '/opt/oracle/oradata/recovery_area/FREE/archivelog/2026_09_17/o1_mf_1_1801_obqs8l1q_.arc' into LogMiner" @service=redpanda-connect label="" path=root.input
time="2026-09-23T12:24:33+01:00" level=debug msg="Loaded ARCHIVED redo log file '/opt/oracle/oradata/recovery_area/FREE/archivelog/2026_09_17/o1_mf_1_1802_obqsbg35_.arc' into LogMiner" @service=redpanda-connect label="" path=root.input
time="2026-09-23T12:24:33+01:00" level=debug msg="Loaded ARCHIVED redo log file '/opt/oracle/oradata/recovery_area/FREE/archivelog/2026_09_17/o1_mf_1_1803_obqsdb6z_.arc' into LogMiner" @service=redpanda-connect label="" path=root.input
time="2026-09-23T12:24:33+01:00" level=debug msg="Loaded ARCHIVED redo log file '/opt/oracle/oradata/recovery_area/FREE/archivelog/2026_09_17/o1_mf_1_1804_obqsghk3_.arc' into LogMiner" @service=redpanda-connect label="" path=root.input
time="2026-09-23T12:24:33+01:00" level=debug msg="Loaded ARCHIVED redo log file '/opt/oracle/oradata/recovery_area/FREE/archivelog/2026_09_17/o1_mf_1_1805_obqswf7o_.arc' into LogMiner" @service=redpanda-connect label="" path=root.input
time="2026-09-23T12:24:33+01:00" level=debug msg="Loaded ARCHIVED redo log file '/opt/oracle/oradata/recovery_area/FREE/archivelog/2026_09_17/o1_mf_1_1806_obqt1k2j_.arc' into LogMiner" @service=redpanda-connect label="" path=root.input
time="2026-09-23T12:24:33+01:00" level=debug msg="Loaded ARCHIVED redo log file '/opt/oracle/oradata/recovery_area/FREE/archivelog/2026_09_17/o1_mf_1_1807_obqt3f54_.arc' into LogMiner" @service=redpanda-connect label="" path=root.input
time="2026-09-23T12:24:33+01:00" level=debug msg="Loaded ARCHIVED redo log file '/opt/oracle/oradata/recovery_area/FREE/archivelog/2026_09_17/o1_mf_1_1808_obqt5979_.arc' into LogMiner" @service=redpanda-connect label="" path=root.input
time="2026-09-23T12:24:33+01:00" level=debug msg="Loaded ARCHIVED redo log file '/opt/oracle/oradata/recovery_area/FREE/archivelog/2026_09_17/o1_mf_1_1809_obqt75bz_.arc' into LogMiner" @service=redpanda-connect label="" path=root.input
time="2026-09-23T12:24:33+01:00" level=debug msg="Loaded ARCHIVED redo log file '/opt/oracle/oradata/recovery_area/FREE/archivelog/2026_09_17/o1_mf_1_1810_obqt91fp_.arc' into LogMiner" @service=redpanda-connect label="" path=root.input
time="2026-09-23T12:24:33+01:00" level=debug msg="Loaded ARCHIVED redo log file '/opt/oracle/oradata/recovery_area/FREE/archivelog/2026_09_17/o1_mf_1_1811_obqtbxhh_.arc' into LogMiner" @service=redpanda-connect label="" path=root.input
time="2026-09-23T12:24:33+01:00" level=debug msg="Loaded ARCHIVED redo log file '/opt/oracle/oradata/recovery_area/FREE/archivelog/2026_09_17/o1_mf_1_1812_obqtdsl0_.arc' into LogMiner" @service=redpanda-connect label="" path=root.input
time="2026-09-23T12:24:33+01:00" level=debug msg="Loaded ARCHIVED redo log file '/opt/oracle/oradata/recovery_area/FREE/archivelog/2026_09_17/o1_mf_1_1813_obqtgoo0_.arc' into LogMiner" @service=redpanda-connect label="" path=root.input
time="2026-09-23T12:24:33+01:00" level=debug msg="Loaded ARCHIVED redo log file '/opt/oracle/oradata/recovery_area/FREE/archivelog/2026_09_17/o1_mf_1_1814_obqtjkrf_.arc' into LogMiner" @service=redpanda-connect label="" path=root.input
time="2026-09-23T12:24:33+01:00" level=debug msg="Loaded ARCHIVED redo log file '/opt/oracle/oradata/recovery_area/FREE/archivelog/2026_09_17/o1_mf_1_1815_obqtlfvt_.arc' into LogMiner" @service=redpanda-connect label="" path=root.input
time="2026-09-23T12:24:33+01:00" level=debug msg="Loaded ARCHIVED redo log file '/opt/oracle/oradata/recovery_area/FREE/archivelog/2026_09_17/o1_mf_1_1816_obqtn9xy_.arc' into LogMiner" @service=redpanda-connect label="" path=root.input
time="2026-09-23T12:24:33+01:00" level=debug msg="Loaded ARCHIVED redo log file '/opt/oracle/oradata/recovery_area/FREE/archivelog/2026_09_17/o1_mf_1_1817_obqtp61t_.arc' into LogMiner" @service=redpanda-connect label="" path=root.input
time="2026-09-23T12:24:33+01:00" level=debug msg="Loaded ARCHIVED redo log file '/opt/oracle/oradata/recovery_area/FREE/archivelog/2026_09_17/o1_mf_1_1818_obqtr24f_.arc' into LogMiner" @service=redpanda-connect label="" path=root.input
time="2026-09-23T12:24:33+01:00" level=debug msg="Loaded ARCHIVED redo log file '/opt/oracle/oradata/recovery_area/FREE/archivelog/2026_09_17/o1_mf_1_1819_obqtsy74_.arc' into LogMiner" @service=redpanda-connect label="" path=root.input
time="2026-09-23T12:24:33+01:00" level=debug msg="Loaded ARCHIVED redo log file '/opt/oracle/oradata/recovery_area/FREE/archivelog/2026_09_17/o1_mf_1_1820_obqtvtb8_.arc' into LogMiner" @service=redpanda-connect label="" path=root.input
time="2026-09-23T12:24:33+01:00" level=debug msg="Loaded ARCHIVED redo log file '/opt/oracle/oradata/recovery_area/FREE/archivelog/2026_09_17/o1_mf_1_1821_obqtxpfj_.arc' into LogMiner" @service=redpanda-connect label="" path=root.input
time="2026-09-23T12:24:33+01:00" level=debug msg="Loaded ARCHIVED redo log file '/opt/oracle/oradata/recovery_area/FREE/archivelog/2026_09_17/o1_mf_1_1822_obqtzlhz_.arc' into LogMiner" @service=redpanda-connect label="" path=root.input
time="2026-09-23T12:24:33+01:00" level=debug msg="Loaded ARCHIVED redo log file '/opt/oracle/oradata/recovery_area/FREE/archivelog/2026_09_17/o1_mf_1_1823_obqv1glq_.arc' into LogMiner" @service=redpanda-connect label="" path=root.input
time="2026-09-23T12:24:33+01:00" level=debug msg="Loaded ARCHIVED redo log file '/opt/oracle/oradata/recovery_area/FREE/archivelog/2026_09_17/o1_mf_1_1824_obqv3boj_.arc' into LogMiner" @service=redpanda-connect label="" path=root.input
time="2026-09-23T12:24:33+01:00" level=debug msg="Loaded ARCHIVED redo log file '/opt/oracle/oradata/recovery_area/FREE/archivelog/2026_09_17/o1_mf_1_1825_obqv56rl_.arc' into LogMiner" @service=redpanda-connect label="" path=root.input
time="2026-09-23T12:24:33+01:00" level=debug msg="Loaded ARCHIVED redo log file '/opt/oracle/oradata/recovery_area/FREE/archivelog/2026_09_17/o1_mf_1_1826_obqv72v3_.arc' into LogMiner" @service=redpanda-connect label="" path=root.input
time="2026-09-23T12:24:33+01:00" level=debug msg="Loaded ARCHIVED redo log file '/opt/oracle/oradata/recovery_area/FREE/archivelog/2026_09_17/o1_mf_1_1827_obqv8yxo_.arc' into LogMiner" @service=redpanda-connect label="" path=root.input
time="2026-09-23T12:24:33+01:00" level=debug msg="Loaded ARCHIVED redo log file '/opt/oracle/oradata/recovery_area/FREE/archivelog/2026_09_17/o1_mf_1_1828_obqvbv12_.arc' into LogMiner" @service=redpanda-connect label="" path=root.input
time="2026-09-23T12:24:33+01:00" level=debug msg="Loaded ARCHIVED redo log file '/opt/oracle/oradata/recovery_area/FREE/archivelog/2026_09_17/o1_mf_1_1829_obqvdq3h_.arc' into LogMiner" @service=redpanda-connect label="" path=root.input
time="2026-09-23T12:24:33+01:00" level=debug msg="Loaded ARCHIVED redo log file '/opt/oracle/oradata/recovery_area/FREE/archivelog/2026_09_17/o1_mf_1_1830_obqvgm66_.arc' into LogMiner" @service=redpanda-connect label="" path=root.input
time="2026-09-23T12:24:33+01:00" level=debug msg="Loaded ARCHIVED redo log file '/opt/oracle/oradata/recovery_area/FREE/archivelog/2026_09_17/o1_mf_1_1831_obqvjh8n_.arc' into LogMiner" @service=redpanda-connect label="" path=root.input
time="2026-09-23T12:24:33+01:00" level=debug msg="Loaded ARCHIVED redo log file '/opt/oracle/oradata/recovery_area/FREE/archivelog/2026_09_17/o1_mf_1_1832_obqvlcch_.arc' into LogMiner" @service=redpanda-connect label="" path=root.input
time="2026-09-23T12:24:33+01:00" level=debug msg="Loaded ARCHIVED redo log file '/opt/oracle/oradata/recovery_area/FREE/archivelog/2026_09_17/o1_mf_1_1833_obqvn4gf_.arc' into LogMiner" @service=redpanda-connect label="" path=root.input
time="2026-09-23T12:24:33+01:00" level=debug msg="Loaded ARCHIVED redo log file '/opt/oracle/oradata/recovery_area/FREE/archivelog/2026_09_17/o1_mf_1_1834_obqvp0kh_.arc' into LogMiner" @service=redpanda-connect label="" path=root.input
time="2026-09-23T12:24:33+01:00" level=debug msg="Loaded ARCHIVED redo log file '/opt/oracle/oradata/recovery_area/FREE/archivelog/2026_09_17/o1_mf_1_1835_obqvqwny_.arc' into LogMiner" @service=redpanda-connect label="" path=root.input
time="2026-09-23T12:24:33+01:00" level=debug msg="Loaded ARCHIVED redo log file '/opt/oracle/oradata/recovery_area/FREE/archivelog/2026_09_17/o1_mf_1_1836_obqvsvro_.arc' into LogMiner" @service=redpanda-connect label="" path=root.input
time="2026-09-23T12:24:33+01:00" level=debug msg="Loaded ARCHIVED redo log file '/opt/oracle/oradata/recovery_area/FREE/archivelog/2026_09_17/o1_mf_1_1837_obqvvtw3_.arc' into LogMiner" @service=redpanda-connect label="" path=root.input
time="2026-09-23T12:24:33+01:00" level=debug msg="Loaded ARCHIVED redo log file '/opt/oracle/oradata/recovery_area/FREE/archivelog/2026_09_17/o1_mf_1_1838_obqvxpyx_.arc' into LogMiner" @service=redpanda-connect label="" path=root.input
time="2026-09-23T12:24:33+01:00" level=debug msg="Loaded ARCHIVED redo log file '/opt/oracle/oradata/recovery_area/FREE/archivelog/2026_09_17/o1_mf_1_1839_obqvzm2m_.arc' into LogMiner" @service=redpanda-connect label="" path=root.input
time="2026-09-23T12:24:33+01:00" level=debug msg="Loaded ARCHIVED redo log file '/opt/oracle/oradata/recovery_area/FREE/archivelog/2026_09_17/o1_mf_1_1840_obqw1h5y_.arc' into LogMiner" @service=redpanda-connect label="" path=root.input
time="2026-09-23T12:24:33+01:00" level=debug msg="Loaded ARCHIVED redo log file '/opt/oracle/oradata/recovery_area/FREE/archivelog/2026_09_17/o1_mf_1_1841_obqw3cb6_.arc' into LogMiner" @service=redpanda-connect label="" path=root.input
time="2026-09-23T12:24:33+01:00" level=debug msg="Loaded ARCHIVED redo log file '/opt/oracle/oradata/recovery_area/FREE/archivelog/2026_09_17/o1_mf_1_1842_obqw57f0_.arc' into LogMiner" @service=redpanda-connect label="" path=root.input
time="2026-09-23T12:24:33+01:00" level=debug msg="Loaded ARCHIVED redo log file '/opt/oracle/oradata/recovery_area/FREE/archivelog/2026_09_17/o1_mf_1_1843_obqw8klc_.arc' into LogMiner" @service=redpanda-connect label="" path=root.input
time="2026-09-23T12:24:33+01:00" level=debug msg="Loaded ARCHIVED redo log file '/opt/oracle/oradata/recovery_area/FREE/archivelog/2026_09_17/o1_mf_1_1844_obqwbo53_.arc' into LogMiner" @service=redpanda-connect label="" path=root.input
time="2026-09-23T12:24:33+01:00" level=debug msg="Loaded ARCHIVED redo log file '/opt/oracle/oradata/recovery_area/FREE/archivelog/2026_09_17/o1_mf_1_1845_obqwdrqv_.arc' into LogMiner" @service=redpanda-connect label="" path=root.input
time="2026-09-23T12:24:33+01:00" level=debug msg="Loaded ARCHIVED redo log file '/opt/oracle/oradata/recovery_area/FREE/archivelog/2026_09_17/o1_mf_1_1846_obqwgwbh_.arc' into LogMiner" @service=redpanda-connect label="" path=root.input
time="2026-09-23T12:24:33+01:00" level=debug msg="Loaded ARCHIVED redo log file '/opt/oracle/oradata/recovery_area/FREE/archivelog/2026_09_17/o1_mf_1_1847_obqwk7wd_.arc' into LogMiner" @service=redpanda-connect label="" path=root.input
time="2026-09-23T12:24:33+01:00" level=debug msg="Loaded ARCHIVED redo log file '/opt/oracle/oradata/recovery_area/FREE/archivelog/2026_09_17/o1_mf_1_1848_obqwmchq_.arc' into LogMiner" @service=redpanda-connect label="" path=root.input
time="2026-09-23T12:24:33+01:00" level=debug msg="Loaded ARCHIVED redo log file '/opt/oracle/oradata/recovery_area/FREE/archivelog/2026_09_17/o1_mf_1_1849_obqwoh3q_.arc' into LogMiner" @service=redpanda-connect label="" path=root.input
time="2026-09-23T12:24:33+01:00" level=debug msg="Loaded ARCHIVED redo log file '/opt/oracle/oradata/recovery_area/FREE/archivelog/2026_09_17/o1_mf_1_1850_obqwqt3v_.arc' into LogMiner" @service=redpanda-connect label="" path=root.input
time="2026-09-23T12:24:33+01:00" level=debug msg="Loaded ARCHIVED redo log file '/opt/oracle/oradata/recovery_area/FREE/archivelog/2026_09_17/o1_mf_1_1851_obqwsxq9_.arc' into LogMiner" @service=redpanda-connect label="" path=root.input
time="2026-09-23T12:24:33+01:00" level=debug msg="Loaded ARCHIVED redo log file '/opt/oracle/oradata/recovery_area/FREE/archivelog/2026_09_17/o1_mf_1_1852_obqww19h_.arc' into LogMiner" @service=redpanda-connect label="" path=root.input
time="2026-09-23T12:24:33+01:00" level=debug msg="Loaded ARCHIVED redo log file '/opt/oracle/oradata/recovery_area/FREE/archivelog/2026_09_17/o1_mf_1_1853_obqwy4xx_.arc' into LogMiner" @service=redpanda-connect label="" path=root.input
time="2026-09-23T12:24:33+01:00" level=debug msg="Loaded ARCHIVED redo log file '/opt/oracle/oradata/recovery_area/FREE/archivelog/2026_09_17/o1_mf_1_1854_obqx0j1y_.arc' into LogMiner" @service=redpanda-connect label="" path=root.input
time="2026-09-23T12:24:33+01:00" level=debug msg="Loaded ARCHIVED redo log file '/opt/oracle/oradata/recovery_area/FREE/archivelog/2026_09_17/o1_mf_1_1855_obqx2nlp_.arc' into LogMiner" @service=redpanda-connect label="" path=root.input
time="2026-09-23T12:24:33+01:00" level=debug msg="Loaded ARCHIVED redo log file '/opt/oracle/oradata/recovery_area/FREE/archivelog/2026_09_17/o1_mf_1_1856_obqx4r42_.arc' into LogMiner" @service=redpanda-connect label="" path=root.input
time="2026-09-23T12:24:33+01:00" level=debug msg="Loaded ARCHIVED redo log file '/opt/oracle/oradata/recovery_area/FREE/archivelog/2026_09_17/o1_mf_1_1857_obqx6wqo_.arc' into LogMiner" @service=redpanda-connect label="" path=root.input
time="2026-09-23T12:24:33+01:00" level=debug msg="Loaded ARCHIVED redo log file '/opt/oracle/oradata/recovery_area/FREE/archivelog/2026_09_17/o1_mf_1_1858_obqx90dc_.arc' into LogMiner" @service=redpanda-connect label="" path=root.input
time="2026-09-23T12:24:33+01:00" level=debug msg="Loaded ARCHIVED redo log file '/opt/oracle/oradata/recovery_area/FREE/archivelog/2026_09_17/o1_mf_1_1859_obqxbwhr_.arc' into LogMiner" @service=redpanda-connect label="" path=root.input
time="2026-09-23T12:24:33+01:00" level=debug msg="Loaded ARCHIVED redo log file '/opt/oracle/oradata/recovery_area/FREE/archivelog/2026_09_17/o1_mf_1_1860_obqxdrlo_.arc' into LogMiner" @service=redpanda-connect label="" path=root.input
time="2026-09-23T12:24:33+01:00" level=debug msg="Loaded ARCHIVED redo log file '/opt/oracle/oradata/recovery_area/FREE/archivelog/2026_09_17/o1_mf_1_1861_obqxgnp5_.arc' into LogMiner" @service=redpanda-connect label="" path=root.input
time="2026-09-23T12:24:33+01:00" level=debug msg="Loaded ARCHIVED redo log file '/opt/oracle/oradata/recovery_area/FREE/archivelog/2026_09_17/o1_mf_1_1862_obqxjjsr_.arc' into LogMiner" @service=redpanda-connect label="" path=root.input
time="2026-09-23T12:24:33+01:00" level=debug msg="Loaded ARCHIVED redo log file '/opt/oracle/oradata/recovery_area/FREE/archivelog/2026_09_17/o1_mf_1_1863_obqxl9xb_.arc' into LogMiner" @service=redpanda-connect label="" path=root.input
time="2026-09-23T12:24:33+01:00" level=debug msg="Loaded ARCHIVED redo log file '/opt/oracle/oradata/recovery_area/FREE/archivelog/2026_09_17/o1_mf_1_1864_obqxn61f_.arc' into LogMiner" @service=redpanda-connect label="" path=root.input
time="2026-09-23T12:24:33+01:00" level=debug msg="Loaded ARCHIVED redo log file '/opt/oracle/oradata/recovery_area/FREE/archivelog/2026_09_17/o1_mf_1_1865_obqxp24t_.arc' into LogMiner" @service=redpanda-connect label="" path=root.input
time="2026-09-23T12:24:33+01:00" level=debug msg="Loaded ARCHIVED redo log file '/opt/oracle/oradata/recovery_area/FREE/archivelog/2026_09_17/o1_mf_1_1866_obqxqy80_.arc' into LogMiner" @service=redpanda-connect label="" path=root.input
time="2026-09-23T12:24:33+01:00" level=debug msg="Loaded ARCHIVED redo log file '/opt/oracle/oradata/recovery_area/FREE/archivelog/2026_09_17/o1_mf_1_1867_obqxstbt_.arc' into LogMiner" @service=redpanda-connect label="" path=root.input
time="2026-09-23T12:24:33+01:00" level=debug msg="Loaded ARCHIVED redo log file '/opt/oracle/oradata/recovery_area/FREE/archivelog/2026_09_17/o1_mf_1_1868_obqxvpf6_.arc' into LogMiner" @service=redpanda-connect label="" path=root.input
time="2026-09-23T12:24:33+01:00" level=debug msg="Loaded ARCHIVED redo log file '/opt/oracle/oradata/recovery_area/FREE/archivelog/2026_09_17/o1_mf_1_1869_obqxxlj1_.arc' into LogMiner" @service=redpanda-connect label="" path=root.input
time="2026-09-23T12:24:33+01:00" level=debug msg="Loaded ARCHIVED redo log file '/opt/oracle/oradata/recovery_area/FREE/archivelog/2026_09_17/o1_mf_1_1870_obqxzgmj_.arc' into LogMiner" @service=redpanda-connect label="" path=root.input
time="2026-09-23T12:24:33+01:00" level=debug msg="Loaded ARCHIVED redo log file '/opt/oracle/oradata/recovery_area/FREE/archivelog/2026_09_17/o1_mf_1_1871_obqy1bpv_.arc' into LogMiner" @service=redpanda-connect label="" path=root.input
time="2026-09-23T12:24:33+01:00" level=debug msg="Loaded ARCHIVED redo log file '/opt/oracle/oradata/recovery_area/FREE/archivelog/2026_09_17/o1_mf_1_1872_obqy36rv_.arc' into LogMiner" @service=redpanda-connect label="" path=root.input
time="2026-09-23T12:24:33+01:00" level=debug msg="Loaded ARCHIVED redo log file '/opt/oracle/oradata/recovery_area/FREE/archivelog/2026_09_17/o1_mf_1_1873_obqy52w1_.arc' into LogMiner" @service=redpanda-connect label="" path=root.input
time="2026-09-23T12:24:33+01:00" level=debug msg="Loaded ARCHIVED redo log file '/opt/oracle/oradata/recovery_area/FREE/archivelog/2026_09_17/o1_mf_1_1874_obqy6z0l_.arc' into LogMiner" @service=redpanda-connect label="" path=root.input
time="2026-09-23T12:24:33+01:00" level=debug msg="Loaded ARCHIVED redo log file '/opt/oracle/oradata/recovery_area/FREE/archivelog/2026_09_17/o1_mf_1_1875_obqy8v3p_.arc' into LogMiner" @service=redpanda-connect label="" path=root.input
time="2026-09-23T12:24:33+01:00" level=debug msg="Loaded ARCHIVED redo log file '/opt/oracle/oradata/recovery_area/FREE/archivelog/2026_09_17/o1_mf_1_1876_obqybq7f_.arc' into LogMiner" @service=redpanda-connect label="" path=root.input
time="2026-09-23T12:24:33+01:00" level=debug msg="Loaded ARCHIVED redo log file '/opt/oracle/oradata/recovery_area/FREE/archivelog/2026_09_17/o1_mf_1_1877_obqydmbl_.arc' into LogMiner" @service=redpanda-connect label="" path=root.input
time="2026-09-23T12:24:33+01:00" level=debug msg="Loaded ARCHIVED redo log file '/opt/oracle/oradata/recovery_area/FREE/archivelog/2026_09_17/o1_mf_1_1878_obqyghfm_.arc' into LogMiner" @service=redpanda-connect label="" path=root.input
time="2026-09-23T12:24:33+01:00" level=debug msg="Loaded ARCHIVED redo log file '/opt/oracle/oradata/recovery_area/FREE/archivelog/2026_09_17/o1_mf_1_1879_obqyjdqx_.arc' into LogMiner" @service=redpanda-connect label="" path=root.input
time="2026-09-23T12:24:33+01:00" level=debug msg="Loaded ARCHIVED redo log file '/opt/oracle/oradata/recovery_area/FREE/archivelog/2026_09_17/o1_mf_1_1880_obqyl8sn_.arc' into LogMiner" @service=redpanda-connect label="" path=root.input
time="2026-09-23T12:24:33+01:00" level=debug msg="Loaded ARCHIVED redo log file '/opt/oracle/oradata/recovery_area/FREE/archivelog/2026_09_17/o1_mf_1_1881_obqyn1w5_.arc' into LogMiner" @service=redpanda-connect label="" path=root.input
time="2026-09-23T12:24:33+01:00" level=debug msg="Loaded ARCHIVED redo log file '/opt/oracle/oradata/recovery_area/FREE/archivelog/2026_09_17/o1_mf_1_1882_obqyoxyf_.arc' into LogMiner" @service=redpanda-connect label="" path=root.input
time="2026-09-23T12:24:33+01:00" level=debug msg="Loaded ARCHIVED redo log file '/opt/oracle/oradata/recovery_area/FREE/archivelog/2026_09_17/o1_mf_1_1883_obqyqt1q_.arc' into LogMiner" @service=redpanda-connect label="" path=root.input
time="2026-09-23T12:24:33+01:00" level=debug msg="Loaded ARCHIVED redo log file '/opt/oracle/oradata/recovery_area/FREE/archivelog/2026_09_17/o1_mf_1_1884_obqysp34_.arc' into LogMiner" @service=redpanda-connect label="" path=root.input
time="2026-09-23T12:24:33+01:00" level=debug msg="Loaded ARCHIVED redo log file '/opt/oracle/oradata/recovery_area/FREE/archivelog/2026_09_17/o1_mf_1_1885_obqyvl58_.arc' into LogMiner" @service=redpanda-connect label="" path=root.input
time="2026-09-23T12:24:33+01:00" level=debug msg="Loaded ARCHIVED redo log file '/opt/oracle/oradata/recovery_area/FREE/archivelog/2026_09_17/o1_mf_1_1886_obqyxg7f_.arc' into LogMiner" @service=redpanda-connect label="" path=root.input
time="2026-09-23T12:24:33+01:00" level=debug msg="Loaded ARCHIVED redo log file '/opt/oracle/oradata/recovery_area/FREE/archivelog/2026_09_17/o1_mf_1_1887_obqyzb9z_.arc' into LogMiner" @service=redpanda-connect label="" path=root.input
time="2026-09-23T12:24:33+01:00" level=debug msg="Loaded ARCHIVED redo log file '/opt/oracle/oradata/recovery_area/FREE/archivelog/2026_09_17/o1_mf_1_1888_obqz16cq_.arc' into LogMiner" @service=redpanda-connect label="" path=root.input
time="2026-09-23T12:24:33+01:00" level=debug msg="Loaded ARCHIVED redo log file '/opt/oracle/oradata/recovery_area/FREE/archivelog/2026_09_17/o1_mf_1_1889_obqz32fm_.arc' into LogMiner" @service=redpanda-connect label="" path=root.input
time="2026-09-23T12:24:33+01:00" level=debug msg="Loaded ARCHIVED redo log file '/opt/oracle/oradata/recovery_area/FREE/archivelog/2026_09_17/o1_mf_1_1890_obqz51hz_.arc' into LogMiner" @service=redpanda-connect label="" path=root.input
time="2026-09-23T12:24:33+01:00" level=debug msg="Loaded ARCHIVED redo log file '/opt/oracle/oradata/recovery_area/FREE/archivelog/2026_09_17/o1_mf_1_1891_obqz70m0_.arc' into LogMiner" @service=redpanda-connect label="" path=root.input
time="2026-09-23T12:24:33+01:00" level=debug msg="Loaded ARCHIVED redo log file '/opt/oracle/oradata/recovery_area/FREE/archivelog/2026_09_17/o1_mf_1_1892_obqz8wn4_.arc' into LogMiner" @service=redpanda-connect label="" path=root.input
time="2026-09-23T12:24:33+01:00" level=debug msg="Loaded ARCHIVED redo log file '/opt/oracle/oradata/recovery_area/FREE/archivelog/2026_09_17/o1_mf_1_1893_obqzbrpt_.arc' into LogMiner" @service=redpanda-connect label="" path=root.input
time="2026-09-23T12:24:33+01:00" level=debug msg="Loaded ARCHIVED redo log file '/opt/oracle/oradata/recovery_area/FREE/archivelog/2026_09_17/o1_mf_1_1894_obqzdnrl_.arc' into LogMiner" @service=redpanda-connect label="" path=root.input
time="2026-09-23T12:24:33+01:00" level=debug msg="Loaded ARCHIVED redo log file '/opt/oracle/oradata/recovery_area/FREE/archivelog/2026_09_17/o1_mf_1_1895_obqzgjtb_.arc' into LogMiner" @service=redpanda-connect label="" path=root.input
time="2026-09-23T12:24:33+01:00" level=debug msg="Loaded ARCHIVED redo log file '/opt/oracle/oradata/recovery_area/FREE/archivelog/2026_09_17/o1_mf_1_1896_obqzjdw5_.arc' into LogMiner" @service=redpanda-connect label="" path=root.input
time="2026-09-23T12:24:33+01:00" level=debug msg="Loaded ARCHIVED redo log file '/opt/oracle/oradata/recovery_area/FREE/archivelog/2026_09_17/o1_mf_1_1897_obqzl8xy_.arc' into LogMiner" @service=redpanda-connect label="" path=root.input
time="2026-09-23T12:24:33+01:00" level=debug msg="Loaded ARCHIVED redo log file '/opt/oracle/oradata/recovery_area/FREE/archivelog/2026_09_17/o1_mf_1_1898_obqzn4z3_.arc' into LogMiner" @service=redpanda-connect label="" path=root.input
time="2026-09-23T12:24:33+01:00" level=debug msg="Loaded ARCHIVED redo log file '/opt/oracle/oradata/recovery_area/FREE/archivelog/2026_09_17/o1_mf_1_1899_obqzp12c_.arc' into LogMiner" @service=redpanda-connect label="" path=root.input
time="2026-09-23T12:24:33+01:00" level=debug msg="Loaded ARCHIVED redo log file '/opt/oracle/oradata/recovery_area/FREE/archivelog/2026_09_17/o1_mf_1_1900_obqzqx41_.arc' into LogMiner" @service=redpanda-connect label="" path=root.input
time="2026-09-23T12:24:33+01:00" level=debug msg="Loaded ARCHIVED redo log file '/opt/oracle/oradata/recovery_area/FREE/archivelog/2026_09_17/o1_mf_1_1901_obqzss69_.arc' into LogMiner" @service=redpanda-connect label="" path=root.input
time="2026-09-23T12:24:33+01:00" level=debug msg="Loaded ARCHIVED redo log file '/opt/oracle/oradata/recovery_area/FREE/archivelog/2026_09_17/o1_mf_1_1902_obqzvo7p_.arc' into LogMiner" @service=redpanda-connect label="" path=root.input
time="2026-09-23T12:24:33+01:00" level=debug msg="Loaded ARCHIVED redo log file '/opt/oracle/oradata/recovery_area/FREE/archivelog/2026_09_17/o1_mf_1_1903_obqzxk8x_.arc' into LogMiner" @service=redpanda-connect label="" path=root.input
time="2026-09-23T12:24:33+01:00" level=debug msg="Loaded ARCHIVED redo log file '/opt/oracle/oradata/recovery_area/FREE/archivelog/2026_09_17/o1_mf_1_1904_obqzzfbf_.arc' into LogMiner" @service=redpanda-connect label="" path=root.input
time="2026-09-23T12:24:33+01:00" level=debug msg="Loaded ARCHIVED redo log file '/opt/oracle/oradata/recovery_area/FREE/archivelog/2026_09_17/o1_mf_1_1905_obr019d4_.arc' into LogMiner" @service=redpanda-connect label="" path=root.input
time="2026-09-23T12:24:33+01:00" level=debug msg="Loaded ARCHIVED redo log file '/opt/oracle/oradata/recovery_area/FREE/archivelog/2026_09_17/o1_mf_1_1906_obr035gc_.arc' into LogMiner" @service=redpanda-connect label="" path=root.input
time="2026-09-23T12:24:33+01:00" level=debug msg="Loaded ARCHIVED redo log file '/opt/oracle/oradata/recovery_area/FREE/archivelog/2026_09_17/o1_mf_1_1907_obr051ks_.arc' into LogMiner" @service=redpanda-connect label="" path=root.input
time="2026-09-23T12:24:33+01:00" level=debug msg="Loaded ARCHIVED redo log file '/opt/oracle/oradata/recovery_area/FREE/archivelog/2026_09_17/o1_mf_1_1908_obr06xmn_.arc' into LogMiner" @service=redpanda-connect label="" path=root.input
time="2026-09-23T12:24:33+01:00" level=debug msg="Loaded ARCHIVED redo log file '/opt/oracle/oradata/recovery_area/FREE/archivelog/2026_09_17/o1_mf_1_1909_obr08sp0_.arc' into LogMiner" @service=redpanda-connect label="" path=root.input
time="2026-09-23T12:24:33+01:00" level=debug msg="Loaded ARCHIVED redo log file '/opt/oracle/oradata/recovery_area/FREE/archivelog/2026_09_17/o1_mf_1_1910_obr0boqp_.arc' into LogMiner" @service=redpanda-connect label="" path=root.input
time="2026-09-23T12:24:33+01:00" level=debug msg="Loaded ARCHIVED redo log file '/opt/oracle/oradata/recovery_area/FREE/archivelog/2026_09_17/o1_mf_1_1911_obr0dksz_.arc' into LogMiner" @service=redpanda-connect label="" path=root.input
time="2026-09-23T12:24:33+01:00" level=debug msg="Loaded ARCHIVED redo log file '/opt/oracle/oradata/recovery_area/FREE/archivelog/2026_09_17/o1_mf_1_1912_obr0gfwc_.arc' into LogMiner" @service=redpanda-connect label="" path=root.input
time="2026-09-23T12:24:33+01:00" level=debug msg="Loaded ARCHIVED redo log file '/opt/oracle/oradata/recovery_area/FREE/archivelog/2026_09_17/o1_mf_1_1913_obr0jb1m_.arc' into LogMiner" @service=redpanda-connect label="" path=root.input
time="2026-09-23T12:24:33+01:00" level=debug msg="Loaded ARCHIVED redo log file '/opt/oracle/oradata/recovery_area/FREE/archivelog/2026_09_17/o1_mf_1_1914_obr0l64r_.arc' into LogMiner" @service=redpanda-connect label="" path=root.input
time="2026-09-23T12:24:33+01:00" level=debug msg="Loaded ARCHIVED redo log file '/opt/oracle/oradata/recovery_area/FREE/archivelog/2026_09_17/o1_mf_1_1915_obr0n26t_.arc' into LogMiner" @service=redpanda-connect label="" path=root.input
time="2026-09-23T12:24:34+01:00" level=debug msg="Loaded ARCHIVED redo log file '/opt/oracle/oradata/recovery_area/FREE/archivelog/2026_09_17/o1_mf_1_1916_obr0oy8q_.arc' into LogMiner" @service=redpanda-connect label="" path=root.input
time="2026-09-23T12:24:34+01:00" level=debug msg="Loaded ARCHIVED redo log file '/opt/oracle/oradata/recovery_area/FREE/archivelog/2026_09_17/o1_mf_1_1917_obr0qtc0_.arc' into LogMiner" @service=redpanda-connect label="" path=root.input
time="2026-09-23T12:24:34+01:00" level=debug msg="Loaded ARCHIVED redo log file '/opt/oracle/oradata/recovery_area/FREE/archivelog/2026_09_17/o1_mf_1_1918_obr0spfx_.arc' into LogMiner" @service=redpanda-connect label="" path=root.input
time="2026-09-23T12:24:34+01:00" level=debug msg="Loaded ARCHIVED redo log file '/opt/oracle/oradata/recovery_area/FREE/archivelog/2026_09_17/o1_mf_1_1919_obr0vlk6_.arc' into LogMiner" @service=redpanda-connect label="" path=root.input
time="2026-09-23T12:24:34+01:00" level=debug msg="Loaded ARCHIVED redo log file '/opt/oracle/oradata/recovery_area/FREE/archivelog/2026_09_17/o1_mf_1_1920_obr0xgmq_.arc' into LogMiner" @service=redpanda-connect label="" path=root.input
time="2026-09-23T12:24:34+01:00" level=debug msg="Loaded ARCHIVED redo log file '/opt/oracle/oradata/recovery_area/FREE/archivelog/2026_09_17/o1_mf_1_1921_obr0zbpg_.arc' into LogMiner" @service=redpanda-connect label="" path=root.input
time="2026-09-23T12:24:34+01:00" level=debug msg="Loaded ARCHIVED redo log file '/opt/oracle/oradata/recovery_area/FREE/archivelog/2026_09_17/o1_mf_1_1922_obr116rh_.arc' into LogMiner" @service=redpanda-connect label="" path=root.input
time="2026-09-23T12:24:34+01:00" level=debug msg="Loaded ARCHIVED redo log file '/opt/oracle/oradata/recovery_area/FREE/archivelog/2026_09_17/o1_mf_1_1923_obr12zvf_.arc' into LogMiner" @service=redpanda-connect label="" path=root.input
time="2026-09-23T12:24:34+01:00" level=debug msg="Loaded ARCHIVED redo log file '/opt/oracle/oradata/recovery_area/FREE/archivelog/2026_09_17/o1_mf_1_1924_obr14vxg_.arc' into LogMiner" @service=redpanda-connect label="" path=root.input
time="2026-09-23T12:24:34+01:00" level=debug msg="Loaded ARCHIVED redo log file '/opt/oracle/oradata/recovery_area/FREE/archivelog/2026_09_17/o1_mf_1_1925_obr16r0t_.arc' into LogMiner" @service=redpanda-connect label="" path=root.input
time="2026-09-23T12:24:34+01:00" level=debug msg="Loaded ARCHIVED redo log file '/opt/oracle/oradata/recovery_area/FREE/archivelog/2026_09_17/o1_mf_1_1926_obr18n3k_.arc' into LogMiner" @service=redpanda-connect label="" path=root.input
time="2026-09-23T12:24:34+01:00" level=debug msg="Loaded ARCHIVED redo log file '/opt/oracle/oradata/recovery_area/FREE/archivelog/2026_09_17/o1_mf_1_1927_obr1bj5x_.arc' into LogMiner" @service=redpanda-connect label="" path=root.input
time="2026-09-23T12:24:34+01:00" level=debug msg="Loaded ARCHIVED redo log file '/opt/oracle/oradata/recovery_area/FREE/archivelog/2026_09_17/o1_mf_1_1928_obr1dd7x_.arc' into LogMiner" @service=redpanda-connect label="" path=root.input
time="2026-09-23T12:24:34+01:00" level=debug msg="Loaded ARCHIVED redo log file '/opt/oracle/oradata/recovery_area/FREE/archivelog/2026_09_17/o1_mf_1_1929_obr1g8bx_.arc' into LogMiner" @service=redpanda-connect label="" path=root.input
time="2026-09-23T12:24:34+01:00" level=debug msg="Loaded ARCHIVED redo log file '/opt/oracle/oradata/recovery_area/FREE/archivelog/2026_09_17/o1_mf_1_1930_obr1j7f6_.arc' into LogMiner" @service=redpanda-connect label="" path=root.input
time="2026-09-23T12:24:34+01:00" level=debug msg="Loaded ARCHIVED redo log file '/opt/oracle/oradata/recovery_area/FREE/archivelog/2026_09_17/o1_mf_1_1931_obr1l6hw_.arc' into LogMiner" @service=redpanda-connect label="" path=root.input
time="2026-09-23T12:24:34+01:00" level=debug msg="Loaded ARCHIVED redo log file '/opt/oracle/oradata/recovery_area/FREE/archivelog/2026_09_17/o1_mf_1_1932_obr1n2kz_.arc' into LogMiner" @service=redpanda-connect label="" path=root.input
time="2026-09-23T12:24:34+01:00" level=debug msg="Loaded ARCHIVED redo log file '/opt/oracle/oradata/recovery_area/FREE/archivelog/2026_09_17/o1_mf_1_1933_obr1oynb_.arc' into LogMiner" @service=redpanda-connect label="" path=root.input
time="2026-09-23T12:24:34+01:00" level=debug msg="Loaded ARCHIVED redo log file '/opt/oracle/oradata/recovery_area/FREE/archivelog/2026_09_17/o1_mf_1_1934_obr1qtpk_.arc' into LogMiner" @service=redpanda-connect label="" path=root.input
time="2026-09-23T12:24:34+01:00" level=debug msg="Loaded ARCHIVED redo log file '/opt/oracle/oradata/recovery_area/FREE/archivelog/2026_09_17/o1_mf_1_1935_obr1sp6q_.arc' into LogMiner" @service=redpanda-connect label="" path=root.input
time="2026-09-23T12:24:34+01:00" level=debug msg="Loaded ARCHIVED redo log file '/opt/oracle/oradata/recovery_area/FREE/archivelog/2026_09_17/o1_mf_1_1936_obr1vl99_.arc' into LogMiner" @service=redpanda-connect label="" path=root.input
time="2026-09-23T12:24:34+01:00" level=debug msg="Loaded ARCHIVED redo log file '/opt/oracle/oradata/recovery_area/FREE/archivelog/2026_09_17/o1_mf_1_1937_obr1xgc5_.arc' into LogMiner" @service=redpanda-connect label="" path=root.input
time="2026-09-23T12:24:34+01:00" level=debug msg="Loaded ARCHIVED redo log file '/opt/oracle/oradata/recovery_area/FREE/archivelog/2026_09_17/o1_mf_1_1938_obr1zbdv_.arc' into LogMiner" @service=redpanda-connect label="" path=root.input
time="2026-09-23T12:24:34+01:00" level=debug msg="Loaded ARCHIVED redo log file '/opt/oracle/oradata/recovery_area/FREE/archivelog/2026_09_17/o1_mf_1_1939_obr219gr_.arc' into LogMiner" @service=redpanda-connect label="" path=root.input
time="2026-09-23T12:24:34+01:00" level=debug msg="Loaded ARCHIVED redo log file '/opt/oracle/oradata/recovery_area/FREE/archivelog/2026_09_17/o1_mf_1_1940_obr238jr_.arc' into LogMiner" @service=redpanda-connect label="" path=root.input
time="2026-09-23T12:24:34+01:00" level=debug msg="Loaded ARCHIVED redo log file '/opt/oracle/oradata/recovery_area/FREE/archivelog/2026_09_17/o1_mf_1_1941_obr254m5_.arc' into LogMiner" @service=redpanda-connect label="" path=root.input
time="2026-09-23T12:24:34+01:00" level=debug msg="Loaded ARCHIVED redo log file '/opt/oracle/oradata/recovery_area/FREE/archivelog/2026_09_17/o1_mf_1_1942_obr270oy_.arc' into LogMiner" @service=redpanda-connect label="" path=root.input
time="2026-09-23T12:24:34+01:00" level=debug msg="Loaded ARCHIVED redo log file '/opt/oracle/oradata/recovery_area/FREE/archivelog/2026_09_17/o1_mf_1_1943_obr28wrb_.arc' into LogMiner" @service=redpanda-connect label="" path=root.input
time="2026-09-23T12:24:34+01:00" level=debug msg="Loaded ARCHIVED redo log file '/opt/oracle/oradata/recovery_area/FREE/archivelog/2026_09_17/o1_mf_1_1944_obr2brv2_.arc' into LogMiner" @service=redpanda-connect label="" path=root.input
time="2026-09-23T12:24:34+01:00" level=debug msg="Loaded ARCHIVED redo log file '/opt/oracle/oradata/recovery_area/FREE/archivelog/2026_09_17/o1_mf_1_1945_obr2dnxv_.arc' into LogMiner" @service=redpanda-connect label="" path=root.input
time="2026-09-23T12:24:34+01:00" level=debug msg="Loaded ARCHIVED redo log file '/opt/oracle/oradata/recovery_area/FREE/archivelog/2026_09_17/o1_mf_1_1946_obr2gk1f_.arc' into LogMiner" @service=redpanda-connect label="" path=root.input
time="2026-09-23T12:24:34+01:00" level=debug msg="Loaded ARCHIVED redo log file '/opt/oracle/oradata/recovery_area/FREE/archivelog/2026_09_17/o1_mf_1_1947_obr2jf45_.arc' into LogMiner" @service=redpanda-connect label="" path=root.input
time="2026-09-23T12:24:34+01:00" level=debug msg="Loaded ARCHIVED redo log file '/opt/oracle/oradata/recovery_area/FREE/archivelog/2026_09_17/o1_mf_1_1948_obr2l97b_.arc' into LogMiner" @service=redpanda-connect label="" path=root.input
time="2026-09-23T12:24:34+01:00" level=debug msg="Loaded ARCHIVED redo log file '/opt/oracle/oradata/recovery_area/FREE/archivelog/2026_09_17/o1_mf_1_1949_obr2n599_.arc' into LogMiner" @service=redpanda-connect label="" path=root.input
time="2026-09-23T12:24:34+01:00" level=debug msg="Loaded ARCHIVED redo log file '/opt/oracle/oradata/recovery_area/FREE/archivelog/2026_09_17/o1_mf_1_1950_obr2p1dz_.arc' into LogMiner" @service=redpanda-connect label="" path=root.input
time="2026-09-23T12:24:34+01:00" level=debug msg="Loaded ARCHIVED redo log file '/opt/oracle/oradata/recovery_area/FREE/archivelog/2026_09_17/o1_mf_1_1951_obr2qxjn_.arc' into LogMiner" @service=redpanda-connect label="" path=root.input
time="2026-09-23T12:24:34+01:00" level=debug msg="Loaded ARCHIVED redo log file '/opt/oracle/oradata/recovery_area/FREE/archivelog/2026_09_17/o1_mf_1_1952_obr2ssn6_.arc' into LogMiner" @service=redpanda-connect label="" path=root.input
time="2026-09-23T12:24:34+01:00" level=debug msg="Loaded ARCHIVED redo log file '/opt/oracle/oradata/recovery_area/FREE/archivelog/2026_09_17/o1_mf_1_1953_obr2voq7_.arc' into LogMiner" @service=redpanda-connect label="" path=root.input
time="2026-09-23T12:24:34+01:00" level=debug msg="Loaded ARCHIVED redo log file '/opt/oracle/oradata/recovery_area/FREE/archivelog/2026_09_17/o1_mf_1_1954_obr2xktl_.arc' into LogMiner" @service=redpanda-connect label="" path=root.input
time="2026-09-23T12:24:34+01:00" level=debug msg="Loaded ARCHIVED redo log file '/opt/oracle/oradata/recovery_area/FREE/archivelog/2026_09_17/o1_mf_1_1955_obr2zfxy_.arc' into LogMiner" @service=redpanda-connect label="" path=root.input
time="2026-09-23T12:24:34+01:00" level=debug msg="Loaded ARCHIVED redo log file '/opt/oracle/oradata/recovery_area/FREE/archivelog/2026_09_17/o1_mf_1_1956_obr31b36_.arc' into LogMiner" @service=redpanda-connect label="" path=root.input
time="2026-09-23T12:24:34+01:00" level=debug msg="Loaded ARCHIVED redo log file '/opt/oracle/oradata/recovery_area/FREE/archivelog/2026_09_17/o1_mf_1_1957_obr3366s_.arc' into LogMiner" @service=redpanda-connect label="" path=root.input
time="2026-09-23T12:24:34+01:00" level=debug msg="Loaded ARCHIVED redo log file '/opt/oracle/oradata/recovery_area/FREE/archivelog/2026_09_17/o1_mf_1_1958_obr352b1_.arc' into LogMiner" @service=redpanda-connect label="" path=root.input
time="2026-09-23T12:24:34+01:00" level=debug msg="Loaded ARCHIVED redo log file '/opt/oracle/oradata/recovery_area/FREE/archivelog/2026_09_17/o1_mf_1_1959_obr36yfh_.arc' into LogMiner" @service=redpanda-connect label="" path=root.input
time="2026-09-23T12:24:34+01:00" level=debug msg="Loaded ARCHIVED redo log file '/opt/oracle/oradata/recovery_area/FREE/archivelog/2026_09_17/o1_mf_1_1960_obr38tjp_.arc' into LogMiner" @service=redpanda-connect label="" path=root.input
time="2026-09-23T12:24:34+01:00" level=debug msg="Loaded ARCHIVED redo log file '/opt/oracle/oradata/recovery_area/FREE/archivelog/2026_09_17/o1_mf_1_1961_obr3bpn3_.arc' into LogMiner" @service=redpanda-connect label="" path=root.input
time="2026-09-23T12:24:34+01:00" level=debug msg="Loaded ARCHIVED redo log file '/opt/oracle/oradata/recovery_area/FREE/archivelog/2026_09_17/o1_mf_1_1962_obr3xrdl_.arc' into LogMiner" @service=redpanda-connect label="" path=root.input
time="2026-09-23T12:24:34+01:00" level=debug msg="Loaded ARCHIVED redo log file '/opt/oracle/oradata/recovery_area/FREE/archivelog/2026_09_17/o1_mf_1_1963_obr3zkhz_.arc' into LogMiner" @service=redpanda-connect label="" path=root.input
time="2026-09-23T12:24:34+01:00" level=debug msg="Loaded ARCHIVED redo log file '/opt/oracle/oradata/recovery_area/FREE/archivelog/2026_09_17/o1_mf_1_1964_obr41fln_.arc' into LogMiner" @service=redpanda-connect label="" path=root.input
time="2026-09-23T12:24:34+01:00" level=debug msg="Loaded ARCHIVED redo log file '/opt/oracle/oradata/recovery_area/FREE/archivelog/2026_09_17/o1_mf_1_1965_obr439oh_.arc' into LogMiner" @service=redpanda-connect label="" path=root.input
time="2026-09-23T12:24:34+01:00" level=debug msg="Loaded ARCHIVED redo log file '/opt/oracle/oradata/recovery_area/FREE/archivelog/2026_09_17/o1_mf_1_1966_obr455rk_.arc' into LogMiner" @service=redpanda-connect label="" path=root.input
time="2026-09-23T12:24:34+01:00" level=debug msg="Loaded ARCHIVED redo log file '/opt/oracle/oradata/recovery_area/FREE/archivelog/2026_09_17/o1_mf_1_1967_obr471vv_.arc' into LogMiner" @service=redpanda-connect label="" path=root.input
time="2026-09-23T12:24:34+01:00" level=debug msg="Loaded ARCHIVED redo log file '/opt/oracle/oradata/recovery_area/FREE/archivelog/2026_09_17/o1_mf_1_1968_obr48xz0_.arc' into LogMiner" @service=redpanda-connect label="" path=root.input
time="2026-09-23T12:24:34+01:00" level=debug msg="Loaded ARCHIVED redo log file '/opt/oracle/oradata/recovery_area/FREE/archivelog/2026_09_17/o1_mf_1_1969_obr4bt2s_.arc' into LogMiner" @service=redpanda-connect label="" path=root.input
time="2026-09-23T12:24:34+01:00" level=debug msg="Loaded ARCHIVED redo log file '/opt/oracle/oradata/recovery_area/FREE/archivelog/2026_09_17/o1_mf_1_1970_obr4dp6b_.arc' into LogMiner" @service=redpanda-connect label="" path=root.input
time="2026-09-23T12:24:34+01:00" level=debug msg="Loaded ARCHIVED redo log file '/opt/oracle/oradata/recovery_area/FREE/archivelog/2026_09_17/o1_mf_1_1971_obr4gl9w_.arc' into LogMiner" @service=redpanda-connect label="" path=root.input
time="2026-09-23T12:24:34+01:00" level=debug msg="Loaded ARCHIVED redo log file '/opt/oracle/oradata/recovery_area/FREE/archivelog/2026_09_17/o1_mf_1_1972_obr4jggb_.arc' into LogMiner" @service=redpanda-connect label="" path=root.input
time="2026-09-23T12:24:34+01:00" level=debug msg="Loaded ARCHIVED redo log file '/opt/oracle/oradata/recovery_area/FREE/archivelog/2026_09_17/o1_mf_1_1973_obr4lblk_.arc' into LogMiner" @service=redpanda-connect label="" path=root.input
time="2026-09-23T12:24:34+01:00" level=debug msg="Loaded ARCHIVED redo log file '/opt/oracle/oradata/recovery_area/FREE/archivelog/2026_09_17/o1_mf_1_1974_obr4n6ow_.arc' into LogMiner" @service=redpanda-connect label="" path=root.input
time="2026-09-23T12:24:34+01:00" level=debug msg="Loaded ARCHIVED redo log file '/opt/oracle/oradata/recovery_area/FREE/archivelog/2026_09_17/o1_mf_1_1975_obr4p2sn_.arc' into LogMiner" @service=redpanda-connect label="" path=root.input
time="2026-09-23T12:24:34+01:00" level=debug msg="Loaded ARCHIVED redo log file '/opt/oracle/oradata/recovery_area/FREE/archivelog/2026_09_17/o1_mf_1_1976_obr4qywn_.arc' into LogMiner" @service=redpanda-connect label="" path=root.input
time="2026-09-23T12:24:34+01:00" level=debug msg="Loaded ARCHIVED redo log file '/opt/oracle/oradata/recovery_area/FREE/archivelog/2026_09_17/o1_mf_1_1977_obr6s3p4_.arc' into LogMiner" @service=redpanda-connect label="" path=root.input
time="2026-09-23T12:24:34+01:00" level=debug msg="Loaded ARCHIVED redo log file '/opt/oracle/oradata/recovery_area/FREE/archivelog/2026_09_17/o1_mf_1_1978_obrhpscy_.arc' into LogMiner" @service=redpanda-connect label="" path=root.input
time="2026-09-23T12:24:34+01:00" level=debug msg="Loaded ARCHIVED redo log file '/opt/oracle/oradata/recovery_area/FREE/archivelog/2026_09_17/o1_mf_1_1979_obrpbwsl_.arc' into LogMiner" @service=redpanda-connect label="" path=root.input
time="2026-09-23T12:24:34+01:00" level=debug msg="Loaded ARCHIVED redo log file '/opt/oracle/oradata/recovery_area/FREE/archivelog/2026_09_17/o1_mf_1_1980_obrpdrw2_.arc' into LogMiner" @service=redpanda-connect label="" path=root.input
time="2026-09-23T12:24:34+01:00" level=debug msg="Loaded ARCHIVED redo log file '/opt/oracle/oradata/recovery_area/FREE/archivelog/2026_09_17/o1_mf_1_1981_obrpgnz0_.arc' into LogMiner" @service=redpanda-connect label="" path=root.input
time="2026-09-23T12:24:34+01:00" level=debug msg="Loaded ARCHIVED redo log file '/opt/oracle/oradata/recovery_area/FREE/archivelog/2026_09_17/o1_mf_1_1982_obrpjk1j_.arc' into LogMiner" @service=redpanda-connect label="" path=root.input
time="2026-09-23T12:24:34+01:00" level=debug msg="Loaded ARCHIVED redo log file '/opt/oracle/oradata/recovery_area/FREE/archivelog/2026_09_17/o1_mf_1_1983_obrplf3r_.arc' into LogMiner" @service=redpanda-connect label="" path=root.input
time="2026-09-23T12:24:34+01:00" level=debug msg="Loaded ARCHIVED redo log file '/opt/oracle/oradata/recovery_area/FREE/archivelog/2026_09_17/o1_mf_1_1984_obrpn962_.arc' into LogMiner" @service=redpanda-connect label="" path=root.input
time="2026-09-23T12:24:34+01:00" level=debug msg="Loaded ARCHIVED redo log file '/opt/oracle/oradata/recovery_area/FREE/archivelog/2026_09_17/o1_mf_1_1985_obrpp586_.arc' into LogMiner" @service=redpanda-connect label="" path=root.input
time="2026-09-23T12:24:34+01:00" level=debug msg="Loaded ARCHIVED redo log file '/opt/oracle/oradata/recovery_area/FREE/archivelog/2026_09_17/o1_mf_1_1986_obrpr1b6_.arc' into LogMiner" @service=redpanda-connect label="" path=root.input
time="2026-09-23T12:24:34+01:00" level=debug msg="Loaded ARCHIVED redo log file '/opt/oracle/oradata/recovery_area/FREE/archivelog/2026_09_17/o1_mf_1_1987_obrpsxcr_.arc' into LogMiner" @service=redpanda-connect label="" path=root.input
time="2026-09-23T12:24:34+01:00" level=debug msg="Loaded ARCHIVED redo log file '/opt/oracle/oradata/recovery_area/FREE/archivelog/2026_09_17/o1_mf_1_1988_obrpvsgz_.arc' into LogMiner" @service=redpanda-connect label="" path=root.input
time="2026-09-23T12:24:34+01:00" level=debug msg="Loaded ARCHIVED redo log file '/opt/oracle/oradata/recovery_area/FREE/archivelog/2026_09_17/o1_mf_1_1989_obrpxojl_.arc' into LogMiner" @service=redpanda-connect label="" path=root.input
time="2026-09-23T12:24:34+01:00" level=debug msg="Loaded ARCHIVED redo log file '/opt/oracle/oradata/recovery_area/FREE/archivelog/2026_09_22/o1_mf_1_1990_oc5x3p7r_.arc' into LogMiner" @service=redpanda-connect label="" path=root.input
time="2026-09-23T12:24:34+01:00" level=debug msg="Started LogMiner session from SCN 113013453 to SCN 113213453" @service=redpanda-connect label="" path=root.input
time="2026-09-23T12:24:34+01:00" level=debug msg="Executing LogMiner query with SCN range (scn=113013453 to 113213453 with window 200000)" @service=redpanda-connect label="" path=root.input
time="2026-09-23T12:24:34+01:00" level=debug msg="LogMiner query returned first row after 100.730083ms (scn=113013453 to 113213453)" @service=redpanda-connect label="" path=root.input
time="2026-09-23T12:24:43+01:00" level=debug msg="Collected 1 redo log file(s) for LogMiner: [ARCHIVED]" @service=redpanda-connect label="" path=root.input
time="2026-09-23T12:24:43+01:00" level=debug msg="Loaded ARCHIVED redo log file '/opt/oracle/oradata/recovery_area/FREE/archivelog/2026_09_22/o1_mf_1_1990_oc5x3p7r_.arc' into LogMiner" @service=redpanda-connect label="" path=root.input
time="2026-09-23T12:24:43+01:00" level=debug msg="Started LogMiner session from SCN 113213453 to SCN 113413453" @service=redpanda-connect label="" path=root.input
time="2026-09-23T12:24:43+01:00" level=debug msg="Executing LogMiner query with SCN range (scn=113213453 to 113413453 with window 200000)" @service=redpanda-connect label="" path=root.input
time="2026-09-23T12:24:43+01:00" level=debug msg="LogMiner query returned no rows after 12.121458ms (scn=113213453 to 113413453)" @service=redpanda-connect label="" path=root.input
time="2026-09-23T12:24:43+01:00" level=debug msg="Collected 1 redo log file(s) for LogMiner: [ARCHIVED]" @service=redpanda-connect label="" path=root.input
time="2026-09-23T12:24:43+01:00" level=debug msg="Started LogMiner session from SCN 113413453 to SCN 113613453" @service=redpanda-connect label="" path=root.input
time="2026-09-23T12:24:43+01:00" level=debug msg="Executing LogMiner query with SCN range (scn=113413453 to 113613453 with window 200000)" @service=redpanda-connect label="" path=root.input
time="2026-09-23T12:24:43+01:00" level=debug msg="LogMiner query returned no rows after 10.194209ms (scn=113413453 to 113613453)" @service=redpanda-connect label="" path=root.input
time="2026-09-23T12:24:43+01:00" level=debug msg="Collected 1 redo log file(s) for LogMiner: [ARCHIVED]" @service=redpanda-connect label="" path=root.input
time="2026-09-23T12:24:43+01:00" level=debug msg="Started LogMiner session from SCN 113613453 to SCN 113813453" @service=redpanda-connect label="" path=root.input
time="2026-09-23T12:24:43+01:00" level=debug msg="Executing LogMiner query with SCN range (scn=113613453 to 113813453 with window 200000)" @service=redpanda-connect label="" path=root.input
time="2026-09-23T12:24:43+01:00" level=debug msg="LogMiner query returned no rows after 12.198833ms (scn=113613453 to 113813453)" @service=redpanda-connect label="" path=root.input
time="2026-09-23T12:24:43+01:00" level=debug msg="Collected 1 redo log file(s) for LogMiner: [ARCHIVED]" @service=redpanda-connect label="" path=root.input
time="2026-09-23T12:24:43+01:00" level=debug msg="Started LogMiner session from SCN 113813453 to SCN 114013453" @service=redpanda-connect label="" path=root.input
time="2026-09-23T12:24:43+01:00" level=debug msg="Executing LogMiner query with SCN range (scn=113813453 to 114013453 with window 200000)" @service=redpanda-connect label="" path=root.input
time="2026-09-23T12:24:43+01:00" level=debug msg="LogMiner query returned no rows after 8.543417ms (scn=113813453 to 114013453)" @service=redpanda-connect label="" path=root.input
time="2026-09-23T12:24:43+01:00" level=debug msg="Collected 27 redo log file(s) for LogMiner: [ARCHIVED ARCHIVED ARCHIVED ARCHIVED ARCHIVED ARCHIVED ARCHIVED ARCHIVED ARCHIVED ARCHIVED ARCHIVED ARCHIVED ARCHIVED ARCHIVED ARCHIVED ARCHIVED ARCHIVED ARCHIVED ARCHIVED ARCHIVED ARCHIVED ARCHIVED ARCHIVED ARCHIVED ARCHIVED ARCHIVED ARCHIVED]" @service=redpanda-connect label="" path=root.input
time="2026-09-23T12:24:43+01:00" level=debug msg="Loaded ARCHIVED redo log file '/opt/oracle/oradata/recovery_area/FREE/archivelog/2026_09_22/o1_mf_1_1990_oc5x3p7r_.arc' into LogMiner" @service=redpanda-connect label="" path=root.input
time="2026-09-23T12:24:43+01:00" level=debug msg="Loaded ARCHIVED redo log file '/opt/oracle/oradata/recovery_area/FREE/archivelog/2026_09_22/o1_mf_1_1991_oc5x5cqy_.arc' into LogMiner" @service=redpanda-connect label="" path=root.input
time="2026-09-23T12:24:43+01:00" level=debug msg="Loaded ARCHIVED redo log file '/opt/oracle/oradata/recovery_area/FREE/archivelog/2026_09_22/o1_mf_1_1992_oc5x77sl_.arc' into LogMiner" @service=redpanda-connect label="" path=root.input
time="2026-09-23T12:24:43+01:00" level=debug msg="Loaded ARCHIVED redo log file '/opt/oracle/oradata/recovery_area/FREE/archivelog/2026_09_22/o1_mf_1_1993_oc5x96t3_.arc' into LogMiner" @service=redpanda-connect label="" path=root.input
time="2026-09-23T12:24:43+01:00" level=debug msg="Loaded ARCHIVED redo log file '/opt/oracle/oradata/recovery_area/FREE/archivelog/2026_09_22/o1_mf_1_1994_oc5xc2tp_.arc' into LogMiner" @service=redpanda-connect label="" path=root.input
time="2026-09-23T12:24:43+01:00" level=debug msg="Loaded ARCHIVED redo log file '/opt/oracle/oradata/recovery_area/FREE/archivelog/2026_09_22/o1_mf_1_1995_oc5xdyv5_.arc' into LogMiner" @service=redpanda-connect label="" path=root.input
time="2026-09-23T12:24:43+01:00" level=debug msg="Loaded ARCHIVED redo log file '/opt/oracle/oradata/recovery_area/FREE/archivelog/2026_09_22/o1_mf_1_1996_oc5xgtwh_.arc' into LogMiner" @service=redpanda-connect label="" path=root.input
time="2026-09-23T12:24:43+01:00" level=debug msg="Loaded ARCHIVED redo log file '/opt/oracle/oradata/recovery_area/FREE/archivelog/2026_09_22/o1_mf_1_1997_oc5xjpz2_.arc' into LogMiner" @service=redpanda-connect label="" path=root.input
time="2026-09-23T12:24:43+01:00" level=debug msg="Loaded ARCHIVED redo log file '/opt/oracle/oradata/recovery_area/FREE/archivelog/2026_09_22/o1_mf_1_1998_oc5xlm3g_.arc' into LogMiner" @service=redpanda-connect label="" path=root.input
time="2026-09-23T12:24:43+01:00" level=debug msg="Loaded ARCHIVED redo log file '/opt/oracle/oradata/recovery_area/FREE/archivelog/2026_09_22/o1_mf_1_1999_oc5xnh5z_.arc' into LogMiner" @service=redpanda-connect label="" path=root.input
time="2026-09-23T12:24:43+01:00" level=debug msg="Loaded ARCHIVED redo log file '/opt/oracle/oradata/recovery_area/FREE/archivelog/2026_09_22/o1_mf_1_2000_oc5xpc8v_.arc' into LogMiner" @service=redpanda-connect label="" path=root.input
time="2026-09-23T12:24:43+01:00" level=debug msg="Loaded ARCHIVED redo log file '/opt/oracle/oradata/recovery_area/FREE/archivelog/2026_09_22/o1_mf_1_2001_oc5xr7c4_.arc' into LogMiner" @service=redpanda-connect label="" path=root.input
time="2026-09-23T12:24:43+01:00" level=debug msg="Loaded ARCHIVED redo log file '/opt/oracle/oradata/recovery_area/FREE/archivelog/2026_09_22/o1_mf_1_2002_oc5xt6fc_.arc' into LogMiner" @service=redpanda-connect label="" path=root.input
time="2026-09-23T12:24:43+01:00" level=debug msg="Loaded ARCHIVED redo log file '/opt/oracle/oradata/recovery_area/FREE/archivelog/2026_09_22/o1_mf_1_2003_oc5xw5hy_.arc' into LogMiner" @service=redpanda-connect label="" path=root.input
time="2026-09-23T12:24:43+01:00" level=debug msg="Loaded ARCHIVED redo log file '/opt/oracle/oradata/recovery_area/FREE/archivelog/2026_09_22/o1_mf_1_2004_oc5xy1lg_.arc' into LogMiner" @service=redpanda-connect label="" path=root.input
time="2026-09-23T12:24:43+01:00" level=debug msg="Loaded ARCHIVED redo log file '/opt/oracle/oradata/recovery_area/FREE/archivelog/2026_09_22/o1_mf_1_2005_oc5xzxo2_.arc' into LogMiner" @service=redpanda-connect label="" path=root.input
time="2026-09-23T12:24:43+01:00" level=debug msg="Loaded ARCHIVED redo log file '/opt/oracle/oradata/recovery_area/FREE/archivelog/2026_09_22/o1_mf_1_2006_oc5y1sr9_.arc' into LogMiner" @service=redpanda-connect label="" path=root.input
time="2026-09-23T12:24:43+01:00" level=debug msg="Loaded ARCHIVED redo log file '/opt/oracle/oradata/recovery_area/FREE/archivelog/2026_09_22/o1_mf_1_2007_oc5y3ot4_.arc' into LogMiner" @service=redpanda-connect label="" path=root.input
time="2026-09-23T12:24:43+01:00" level=debug msg="Loaded ARCHIVED redo log file '/opt/oracle/oradata/recovery_area/FREE/archivelog/2026_09_22/o1_mf_1_2008_oc5y5kvs_.arc' into LogMiner" @service=redpanda-connect label="" path=root.input
time="2026-09-23T12:24:43+01:00" level=debug msg="Loaded ARCHIVED redo log file '/opt/oracle/oradata/recovery_area/FREE/archivelog/2026_09_22/o1_mf_1_2009_oc5y7fxv_.arc' into LogMiner" @service=redpanda-connect label="" path=root.input
time="2026-09-23T12:24:43+01:00" level=debug msg="Loaded ARCHIVED redo log file '/opt/oracle/oradata/recovery_area/FREE/archivelog/2026_09_22/o1_mf_1_2010_oc5y9b20_.arc' into LogMiner" @service=redpanda-connect label="" path=root.input
time="2026-09-23T12:24:43+01:00" level=debug msg="Loaded ARCHIVED redo log file '/opt/oracle/oradata/recovery_area/FREE/archivelog/2026_09_22/o1_mf_1_2011_oc5yc654_.arc' into LogMiner" @service=redpanda-connect label="" path=root.input
time="2026-09-23T12:24:43+01:00" level=debug msg="Loaded ARCHIVED redo log file '/opt/oracle/oradata/recovery_area/FREE/archivelog/2026_09_22/o1_mf_1_2012_oc5yf27o_.arc' into LogMiner" @service=redpanda-connect label="" path=root.input
time="2026-09-23T12:24:43+01:00" level=debug msg="Loaded ARCHIVED redo log file '/opt/oracle/oradata/recovery_area/FREE/archivelog/2026_09_22/o1_mf_1_2013_oc5ygybt_.arc' into LogMiner" @service=redpanda-connect label="" path=root.input
time="2026-09-23T12:24:43+01:00" level=debug msg="Loaded ARCHIVED redo log file '/opt/oracle/oradata/recovery_area/FREE/archivelog/2026_09_22/o1_mf_1_2014_oc5yjtdk_.arc' into LogMiner" @service=redpanda-connect label="" path=root.input
time="2026-09-23T12:24:43+01:00" level=debug msg="Loaded ARCHIVED redo log file '/opt/oracle/oradata/recovery_area/FREE/archivelog/2026_09_22/o1_mf_1_2015_oc5ylpfg_.arc' into LogMiner" @service=redpanda-connect label="" path=root.input
time="2026-09-23T12:24:43+01:00" level=debug msg="Loaded ARCHIVED redo log file '/opt/oracle/oradata/recovery_area/FREE/archivelog/2026_09_22/o1_mf_1_2016_oc5ynlgr_.arc' into LogMiner" @service=redpanda-connect label="" path=root.input
time="2026-09-23T12:24:43+01:00" level=debug msg="Started LogMiner session from SCN 114013453 to SCN 114213453" @service=redpanda-connect label="" path=root.input
time="2026-09-23T12:24:43+01:00" level=debug msg="Executing LogMiner query with SCN range (scn=114013453 to 114213453 with window 200000)" @service=redpanda-connect label="" path=root.input
time="2026-09-23T12:24:43+01:00" level=debug msg="LogMiner query returned first row after 28.738292ms (scn=114013453 to 114213453)" @service=redpanda-connect label="" path=root.input
time="2026-09-23T12:24:45+01:00" level=debug msg="Collected 43 redo log file(s) for LogMiner: [ARCHIVED ARCHIVED ARCHIVED ARCHIVED ARCHIVED ARCHIVED ARCHIVED ARCHIVED ARCHIVED ARCHIVED ARCHIVED ARCHIVED ARCHIVED ARCHIVED ARCHIVED ARCHIVED ARCHIVED ARCHIVED ARCHIVED ARCHIVED ARCHIVED ARCHIVED ARCHIVED ARCHIVED ARCHIVED ARCHIVED ARCHIVED ARCHIVED ARCHIVED ARCHIVED ARCHIVED ARCHIVED ARCHIVED ARCHIVED ARCHIVED ARCHIVED ARCHIVED ARCHIVED ARCHIVED ARCHIVED ARCHIVED ARCHIVED ARCHIVED]" @service=redpanda-connect label="" path=root.input
time="2026-09-23T12:24:45+01:00" level=debug msg="Loaded ARCHIVED redo log file '/opt/oracle/oradata/recovery_area/FREE/archivelog/2026_09_22/o1_mf_1_2016_oc5ynlgr_.arc' into LogMiner" @service=redpanda-connect label="" path=root.input
time="2026-09-23T12:24:45+01:00" level=debug msg="Loaded ARCHIVED redo log file '/opt/oracle/oradata/recovery_area/FREE/archivelog/2026_09_22/o1_mf_1_2017_oc5ypgjf_.arc' into LogMiner" @service=redpanda-connect label="" path=root.input
time="2026-09-23T12:24:45+01:00" level=debug msg="Loaded ARCHIVED redo log file '/opt/oracle/oradata/recovery_area/FREE/archivelog/2026_09_22/o1_mf_1_2018_oc5yrblf_.arc' into LogMiner" @service=redpanda-connect label="" path=root.input
time="2026-09-23T12:24:45+01:00" level=debug msg="Loaded ARCHIVED redo log file '/opt/oracle/oradata/recovery_area/FREE/archivelog/2026_09_22/o1_mf_1_2019_oc5yt6n1_.arc' into LogMiner" @service=redpanda-connect label="" path=root.input
time="2026-09-23T12:24:45+01:00" level=debug msg="Loaded ARCHIVED redo log file '/opt/oracle/oradata/recovery_area/FREE/archivelog/2026_09_22/o1_mf_1_2020_oc5yw2p2_.arc' into LogMiner" @service=redpanda-connect label="" path=root.input
time="2026-09-23T12:24:45+01:00" level=debug msg="Loaded ARCHIVED redo log file '/opt/oracle/oradata/recovery_area/FREE/archivelog/2026_09_22/o1_mf_1_2021_oc5yxyrn_.arc' into LogMiner" @service=redpanda-connect label="" path=root.input
time="2026-09-23T12:24:45+01:00" level=debug msg="Loaded ARCHIVED redo log file '/opt/oracle/oradata/recovery_area/FREE/archivelog/2026_09_22/o1_mf_1_2022_oc5yzttd_.arc' into LogMiner" @service=redpanda-connect label="" path=root.input
time="2026-09-23T12:24:45+01:00" level=debug msg="Loaded ARCHIVED redo log file '/opt/oracle/oradata/recovery_area/FREE/archivelog/2026_09_22/o1_mf_1_2023_oc5z1pvj_.arc' into LogMiner" @service=redpanda-connect label="" path=root.input
time="2026-09-23T12:24:45+01:00" level=debug msg="Loaded ARCHIVED redo log file '/opt/oracle/oradata/recovery_area/FREE/archivelog/2026_09_22/o1_mf_1_2024_oc5z3lxm_.arc' into LogMiner" @service=redpanda-connect label="" path=root.input
time="2026-09-23T12:24:45+01:00" level=debug msg="Loaded ARCHIVED redo log file '/opt/oracle/oradata/recovery_area/FREE/archivelog/2026_09_22/o1_mf_1_2025_oc5z5h1b_.arc' into LogMiner" @service=redpanda-connect label="" path=root.input
time="2026-09-23T12:24:45+01:00" level=debug msg="Loaded ARCHIVED redo log file '/opt/oracle/oradata/recovery_area/FREE/archivelog/2026_09_22/o1_mf_1_2026_oc5z7c4b_.arc' into LogMiner" @service=redpanda-connect label="" path=root.input
time="2026-09-23T12:24:45+01:00" level=debug msg="Loaded ARCHIVED redo log file '/opt/oracle/oradata/recovery_area/FREE/archivelog/2026_09_22/o1_mf_1_2027_oc5z977c_.arc' into LogMiner" @service=redpanda-connect label="" path=root.input
time="2026-09-23T12:24:45+01:00" level=debug msg="Loaded ARCHIVED redo log file '/opt/oracle/oradata/recovery_area/FREE/archivelog/2026_09_22/o1_mf_1_2028_oc5zc3b1_.arc' into LogMiner" @service=redpanda-connect label="" path=root.input
time="2026-09-23T12:24:45+01:00" level=debug msg="Loaded ARCHIVED redo log file '/opt/oracle/oradata/recovery_area/FREE/archivelog/2026_09_22/o1_mf_1_2029_oc5zdzdb_.arc' into LogMiner" @service=redpanda-connect label="" path=root.input
time="2026-09-23T12:24:45+01:00" level=debug msg="Loaded ARCHIVED redo log file '/opt/oracle/oradata/recovery_area/FREE/archivelog/2026_09_22/o1_mf_1_2030_oc5zgvfr_.arc' into LogMiner" @service=redpanda-connect label="" path=root.input
time="2026-09-23T12:24:45+01:00" level=debug msg="Loaded ARCHIVED redo log file '/opt/oracle/oradata/recovery_area/FREE/archivelog/2026_09_22/o1_mf_1_2031_oc5zjqj2_.arc' into LogMiner" @service=redpanda-connect label="" path=root.input
time="2026-09-23T12:24:45+01:00" level=debug msg="Loaded ARCHIVED redo log file '/opt/oracle/oradata/recovery_area/FREE/archivelog/2026_09_22/o1_mf_1_2032_oc5zlmlk_.arc' into LogMiner" @service=redpanda-connect label="" path=root.input
time="2026-09-23T12:24:45+01:00" level=debug msg="Loaded ARCHIVED redo log file '/opt/oracle/oradata/recovery_area/FREE/archivelog/2026_09_22/o1_mf_1_2033_oc5znhn6_.arc' into LogMiner" @service=redpanda-connect label="" path=root.input
time="2026-09-23T12:24:45+01:00" level=debug msg="Loaded ARCHIVED redo log file '/opt/oracle/oradata/recovery_area/FREE/archivelog/2026_09_22/o1_mf_1_2034_oc5zpcoh_.arc' into LogMiner" @service=redpanda-connect label="" path=root.input
time="2026-09-23T12:24:45+01:00" level=debug msg="Loaded ARCHIVED redo log file '/opt/oracle/oradata/recovery_area/FREE/archivelog/2026_09_22/o1_mf_1_2035_oc5zr7pn_.arc' into LogMiner" @service=redpanda-connect label="" path=root.input
time="2026-09-23T12:24:45+01:00" level=debug msg="Loaded ARCHIVED redo log file '/opt/oracle/oradata/recovery_area/FREE/archivelog/2026_09_22/o1_mf_1_2036_oc5zt0rs_.arc' into LogMiner" @service=redpanda-connect label="" path=root.input
time="2026-09-23T12:24:45+01:00" level=debug msg="Loaded ARCHIVED redo log file '/opt/oracle/oradata/recovery_area/FREE/archivelog/2026_09_22/o1_mf_1_2037_oc5zvwt3_.arc' into LogMiner" @service=redpanda-connect label="" path=root.input
time="2026-09-23T12:24:45+01:00" level=debug msg="Loaded ARCHIVED redo log file '/opt/oracle/oradata/recovery_area/FREE/archivelog/2026_09_22/o1_mf_1_2038_oc5zxrv6_.arc' into LogMiner" @service=redpanda-connect label="" path=root.input
time="2026-09-23T12:24:45+01:00" level=debug msg="Loaded ARCHIVED redo log file '/opt/oracle/oradata/recovery_area/FREE/archivelog/2026_09_22/o1_mf_1_2039_oc5zznvz_.arc' into LogMiner" @service=redpanda-connect label="" path=root.input
time="2026-09-23T12:24:45+01:00" level=debug msg="Loaded ARCHIVED redo log file '/opt/oracle/oradata/recovery_area/FREE/archivelog/2026_09_22/o1_mf_1_2040_oc601jwr_.arc' into LogMiner" @service=redpanda-connect label="" path=root.input
time="2026-09-23T12:24:45+01:00" level=debug msg="Loaded ARCHIVED redo log file '/opt/oracle/oradata/recovery_area/FREE/archivelog/2026_09_22/o1_mf_1_2041_oc603dz2_.arc' into LogMiner" @service=redpanda-connect label="" path=root.input
time="2026-09-23T12:24:45+01:00" level=debug msg="Loaded ARCHIVED redo log file '/opt/oracle/oradata/recovery_area/FREE/archivelog/2026_09_22/o1_mf_1_2042_oc605923_.arc' into LogMiner" @service=redpanda-connect label="" path=root.input
time="2026-09-23T12:24:45+01:00" level=debug msg="Loaded ARCHIVED redo log file '/opt/oracle/oradata/recovery_area/FREE/archivelog/2026_09_22/o1_mf_1_2043_oc60755t_.arc' into LogMiner" @service=redpanda-connect label="" path=root.input
time="2026-09-23T12:24:45+01:00" level=debug msg="Loaded ARCHIVED redo log file '/opt/oracle/oradata/recovery_area/FREE/archivelog/2026_09_22/o1_mf_1_2044_oc609179_.arc' into LogMiner" @service=redpanda-connect label="" path=root.input
time="2026-09-23T12:24:45+01:00" level=debug msg="Loaded ARCHIVED redo log file '/opt/oracle/oradata/recovery_area/FREE/archivelog/2026_09_22/o1_mf_1_2045_oc60bx9h_.arc' into LogMiner" @service=redpanda-connect label="" path=root.input
time="2026-09-23T12:24:45+01:00" level=debug msg="Loaded ARCHIVED redo log file '/opt/oracle/oradata/recovery_area/FREE/archivelog/2026_09_22/o1_mf_1_2046_oc60dsck_.arc' into LogMiner" @service=redpanda-connect label="" path=root.input
time="2026-09-23T12:24:45+01:00" level=debug msg="Loaded ARCHIVED redo log file '/opt/oracle/oradata/recovery_area/FREE/archivelog/2026_09_22/o1_mf_1_2047_oc60gofb_.arc' into LogMiner" @service=redpanda-connect label="" path=root.input
time="2026-09-23T12:24:45+01:00" level=debug msg="Loaded ARCHIVED redo log file '/opt/oracle/oradata/recovery_area/FREE/archivelog/2026_09_22/o1_mf_1_2048_oc60jkh7_.arc' into LogMiner" @service=redpanda-connect label="" path=root.input
time="2026-09-23T12:24:45+01:00" level=debug msg="Loaded ARCHIVED redo log file '/opt/oracle/oradata/recovery_area/FREE/archivelog/2026_09_22/o1_mf_1_2049_oc60lfk2_.arc' into LogMiner" @service=redpanda-connect label="" path=root.input
time="2026-09-23T12:24:45+01:00" level=debug msg="Loaded ARCHIVED redo log file '/opt/oracle/oradata/recovery_area/FREE/archivelog/2026_09_22/o1_mf_1_2050_oc60n9lv_.arc' into LogMiner" @service=redpanda-connect label="" path=root.input
time="2026-09-23T12:24:45+01:00" level=debug msg="Loaded ARCHIVED redo log file '/opt/oracle/oradata/recovery_area/FREE/archivelog/2026_09_22/o1_mf_1_2051_oc60p5n7_.arc' into LogMiner" @service=redpanda-connect label="" path=root.input
time="2026-09-23T12:24:45+01:00" level=debug msg="Loaded ARCHIVED redo log file '/opt/oracle/oradata/recovery_area/FREE/archivelog/2026_09_22/o1_mf_1_2052_oc60r1q7_.arc' into LogMiner" @service=redpanda-connect label="" path=root.input
time="2026-09-23T12:24:45+01:00" level=debug msg="Loaded ARCHIVED redo log file '/opt/oracle/oradata/recovery_area/FREE/archivelog/2026_09_22/o1_mf_1_2053_oc60sxr6_.arc' into LogMiner" @service=redpanda-connect label="" path=root.input
time="2026-09-23T12:24:45+01:00" level=debug msg="Loaded ARCHIVED redo log file '/opt/oracle/oradata/recovery_area/FREE/archivelog/2026_09_22/o1_mf_1_2054_oc60vsrs_.arc' into LogMiner" @service=redpanda-connect label="" path=root.input
time="2026-09-23T12:24:45+01:00" level=debug msg="Loaded ARCHIVED redo log file '/opt/oracle/oradata/recovery_area/FREE/archivelog/2026_09_22/o1_mf_1_2055_oc60xow5_.arc' into LogMiner" @service=redpanda-connect label="" path=root.input
time="2026-09-23T12:24:45+01:00" level=debug msg="Loaded ARCHIVED redo log file '/opt/oracle/oradata/recovery_area/FREE/archivelog/2026_09_22/o1_mf_1_2056_oc60zl0j_.arc' into LogMiner" @service=redpanda-connect label="" path=root.input
time="2026-09-23T12:24:45+01:00" level=debug msg="Loaded ARCHIVED redo log file '/opt/oracle/oradata/recovery_area/FREE/archivelog/2026_09_22/o1_mf_1_2057_oc611g1o_.arc' into LogMiner" @service=redpanda-connect label="" path=root.input
time="2026-09-23T12:24:45+01:00" level=debug msg="Loaded ARCHIVED redo log file '/opt/oracle/oradata/recovery_area/FREE/archivelog/2026_09_22/o1_mf_1_2058_oc613b3j_.arc' into LogMiner" @service=redpanda-connect label="" path=root.input
time="2026-09-23T12:24:45+01:00" level=debug msg="Started LogMiner session from SCN 114213453 to SCN 114413453" @service=redpanda-connect label="" path=root.input
time="2026-09-23T12:24:45+01:00" level=debug msg="Executing LogMiner query with SCN range (scn=114213453 to 114413453 with window 200000)" @service=redpanda-connect label="" path=root.input
time="2026-09-23T12:24:46+01:00" level=debug msg="LogMiner query returned first row after 342.976667ms (scn=114213453 to 114413453)" @service=redpanda-connect label="" path=root.input
time="2026-09-23T12:24:48+01:00" level=debug msg="Collected 114 redo log file(s) for LogMiner: [ARCHIVED ARCHIVED ARCHIVED ARCHIVED ARCHIVED ARCHIVED ARCHIVED ARCHIVED ARCHIVED ARCHIVED ARCHIVED ARCHIVED ARCHIVED ARCHIVED ARCHIVED ARCHIVED ARCHIVED ARCHIVED ARCHIVED ARCHIVED ARCHIVED ARCHIVED ARCHIVED ARCHIVED ARCHIVED ARCHIVED ARCHIVED ARCHIVED ARCHIVED ARCHIVED ARCHIVED ARCHIVED ARCHIVED ARCHIVED ARCHIVED ARCHIVED ARCHIVED ARCHIVED ARCHIVED ARCHIVED ARCHIVED ARCHIVED ARCHIVED ARCHIVED ARCHIVED ARCHIVED ARCHIVED ARCHIVED ARCHIVED ARCHIVED ARCHIVED ARCHIVED ARCHIVED ARCHIVED ARCHIVED ARCHIVED ARCHIVED ARCHIVED ARCHIVED ARCHIVED ARCHIVED ARCHIVED ARCHIVED ARCHIVED ARCHIVED ARCHIVED ARCHIVED ARCHIVED ARCHIVED ARCHIVED ARCHIVED ARCHIVED ARCHIVED ARCHIVED ARCHIVED ARCHIVED ARCHIVED ARCHIVED ARCHIVED ARCHIVED ARCHIVED ARCHIVED ARCHIVED ARCHIVED ARCHIVED ARCHIVED ARCHIVED ARCHIVED ARCHIVED ARCHIVED ARCHIVED ARCHIVED ARCHIVED ARCHIVED ARCHIVED ARCHIVED ARCHIVED ARCHIVED ARCHIVED ARCHIVED ARCHIVED ARCHIVED ARCHIVED ARCHIVED ARCHIVED ARCHIVED ARCHIVED ARCHIVED ARCHIVED ARCHIVED ARCHIVED ARCHIVED ARCHIVED ARCHIVED]" @service=redpanda-connect label="" path=root.input
time="2026-09-23T12:24:48+01:00" level=debug msg="Loaded ARCHIVED redo log file '/opt/oracle/oradata/recovery_area/FREE/archivelog/2026_09_22/o1_mf_1_2058_oc613b3j_.arc' into LogMiner" @service=redpanda-connect label="" path=root.input
time="2026-09-23T12:24:48+01:00" level=debug msg="Loaded ARCHIVED redo log file '/opt/oracle/oradata/recovery_area/FREE/archivelog/2026_09_22/o1_mf_1_2059_oc61565v_.arc' into LogMiner" @service=redpanda-connect label="" path=root.input
time="2026-09-23T12:24:48+01:00" level=debug msg="Loaded ARCHIVED redo log file '/opt/oracle/oradata/recovery_area/FREE/archivelog/2026_09_22/o1_mf_1_2060_oc64qwwl_.arc' into LogMiner" @service=redpanda-connect label="" path=root.input
time="2026-09-23T12:24:48+01:00" level=debug msg="Loaded ARCHIVED redo log file '/opt/oracle/oradata/recovery_area/FREE/archivelog/2026_09_22/o1_mf_1_2061_oc64svz3_.arc' into LogMiner" @service=redpanda-connect label="" path=root.input
time="2026-09-23T12:24:48+01:00" level=debug msg="Loaded ARCHIVED redo log file '/opt/oracle/oradata/recovery_area/FREE/archivelog/2026_09_22/o1_mf_1_2062_oc64vv1y_.arc' into LogMiner" @service=redpanda-connect label="" path=root.input
time="2026-09-23T12:24:48+01:00" level=debug msg="Loaded ARCHIVED redo log file '/opt/oracle/oradata/recovery_area/FREE/archivelog/2026_09_22/o1_mf_1_2063_oc64xq46_.arc' into LogMiner" @service=redpanda-connect label="" path=root.input
time="2026-09-23T12:24:48+01:00" level=debug msg="Loaded ARCHIVED redo log file '/opt/oracle/oradata/recovery_area/FREE/archivelog/2026_09_22/o1_mf_1_2064_oc64zp6z_.arc' into LogMiner" @service=redpanda-connect label="" path=root.input
time="2026-09-23T12:24:48+01:00" level=debug msg="Loaded ARCHIVED redo log file '/opt/oracle/oradata/recovery_area/FREE/archivelog/2026_09_22/o1_mf_1_2065_oc651o93_.arc' into LogMiner" @service=redpanda-connect label="" path=root.input
time="2026-09-23T12:24:48+01:00" level=debug msg="Loaded ARCHIVED redo log file '/opt/oracle/oradata/recovery_area/FREE/archivelog/2026_09_22/o1_mf_1_2066_oc653kcz_.arc' into LogMiner" @service=redpanda-connect label="" path=root.input
time="2026-09-23T12:24:48+01:00" level=debug msg="Loaded ARCHIVED redo log file '/opt/oracle/oradata/recovery_area/FREE/archivelog/2026_09_22/o1_mf_1_2067_oc655fh8_.arc' into LogMiner" @service=redpanda-connect label="" path=root.input
time="2026-09-23T12:24:48+01:00" level=debug msg="Loaded ARCHIVED redo log file '/opt/oracle/oradata/recovery_area/FREE/archivelog/2026_09_22/o1_mf_1_2068_oc6579l0_.arc' into LogMiner" @service=redpanda-connect label="" path=root.input
time="2026-09-23T12:24:48+01:00" level=debug msg="Loaded ARCHIVED redo log file '/opt/oracle/oradata/recovery_area/FREE/archivelog/2026_09_22/o1_mf_1_2069_oc6595oh_.arc' into LogMiner" @service=redpanda-connect label="" path=root.input
time="2026-09-23T12:24:48+01:00" level=debug msg="Loaded ARCHIVED redo log file '/opt/oracle/oradata/recovery_area/FREE/archivelog/2026_09_22/o1_mf_1_2070_oc65c1rk_.arc' into LogMiner" @service=redpanda-connect label="" path=root.input
time="2026-09-23T12:24:48+01:00" level=debug msg="Loaded ARCHIVED redo log file '/opt/oracle/oradata/recovery_area/FREE/archivelog/2026_09_22/o1_mf_1_2071_oc65dtvc_.arc' into LogMiner" @service=redpanda-connect label="" path=root.input
time="2026-09-23T12:24:48+01:00" level=debug msg="Loaded ARCHIVED redo log file '/opt/oracle/oradata/recovery_area/FREE/archivelog/2026_09_22/o1_mf_1_2072_oc65gsyx_.arc' into LogMiner" @service=redpanda-connect label="" path=root.input
time="2026-09-23T12:24:48+01:00" level=debug msg="Loaded ARCHIVED redo log file '/opt/oracle/oradata/recovery_area/FREE/archivelog/2026_09_22/o1_mf_1_2073_oc65jp27_.arc' into LogMiner" @service=redpanda-connect label="" path=root.input
time="2026-09-23T12:24:48+01:00" level=debug msg="Loaded ARCHIVED redo log file '/opt/oracle/oradata/recovery_area/FREE/archivelog/2026_09_22/o1_mf_1_2074_oc65ll5c_.arc' into LogMiner" @service=redpanda-connect label="" path=root.input
time="2026-09-23T12:24:48+01:00" level=debug msg="Loaded ARCHIVED redo log file '/opt/oracle/oradata/recovery_area/FREE/archivelog/2026_09_23/o1_mf_1_2075_oc65ng8t_.arc' into LogMiner" @service=redpanda-connect label="" path=root.input
time="2026-09-23T12:24:48+01:00" level=debug msg="Loaded ARCHIVED redo log file '/opt/oracle/oradata/recovery_area/FREE/archivelog/2026_09_23/o1_mf_1_2076_oc65pbdp_.arc' into LogMiner" @service=redpanda-connect label="" path=root.input
time="2026-09-23T12:24:48+01:00" level=debug msg="Loaded ARCHIVED redo log file '/opt/oracle/oradata/recovery_area/FREE/archivelog/2026_09_23/o1_mf_1_2077_oc6cjcm7_.arc' into LogMiner" @service=redpanda-connect label="" path=root.input
time="2026-09-23T12:24:48+01:00" level=debug msg="Loaded ARCHIVED redo log file '/opt/oracle/oradata/recovery_area/FREE/archivelog/2026_09_23/o1_mf_1_2078_oc6mcvrl_.arc' into LogMiner" @service=redpanda-connect label="" path=root.input
time="2026-09-23T12:24:48+01:00" level=debug msg="Loaded ARCHIVED redo log file '/opt/oracle/oradata/recovery_area/FREE/archivelog/2026_09_23/o1_mf_1_2079_oc6n6lsn_.arc' into LogMiner" @service=redpanda-connect label="" path=root.input
time="2026-09-23T12:24:48+01:00" level=debug msg="Loaded ARCHIVED redo log file '/opt/oracle/oradata/recovery_area/FREE/archivelog/2026_09_23/o1_mf_1_2080_oc6n8gw4_.arc' into LogMiner" @service=redpanda-connect label="" path=root.input
time="2026-09-23T12:24:48+01:00" level=debug msg="Loaded ARCHIVED redo log file '/opt/oracle/oradata/recovery_area/FREE/archivelog/2026_09_23/o1_mf_1_2081_oc6nbbyt_.arc' into LogMiner" @service=redpanda-connect label="" path=root.input
time="2026-09-23T12:24:48+01:00" level=debug msg="Loaded ARCHIVED redo log file '/opt/oracle/oradata/recovery_area/FREE/archivelog/2026_09_23/o1_mf_1_2082_oc6nd72b_.arc' into LogMiner" @service=redpanda-connect label="" path=root.input
time="2026-09-23T12:24:48+01:00" level=debug msg="Loaded ARCHIVED redo log file '/opt/oracle/oradata/recovery_area/FREE/archivelog/2026_09_23/o1_mf_1_2083_oc6pbwd0_.arc' into LogMiner" @service=redpanda-connect label="" path=root.input
time="2026-09-23T12:24:48+01:00" level=debug msg="Loaded ARCHIVED redo log file '/opt/oracle/oradata/recovery_area/FREE/archivelog/2026_09_23/o1_mf_1_2084_oc6z19cf_.arc' into LogMiner" @service=redpanda-connect label="" path=root.input
time="2026-09-23T12:24:48+01:00" level=debug msg="Loaded ARCHIVED redo log file '/opt/oracle/oradata/recovery_area/FREE/archivelog/2026_09_23/o1_mf_1_2085_oc752qd8_.arc' into LogMiner" @service=redpanda-connect label="" path=root.input
time="2026-09-23T12:24:48+01:00" level=debug msg="Loaded ARCHIVED redo log file '/opt/oracle/oradata/recovery_area/FREE/archivelog/2026_09_23/o1_mf_1_2086_oc754mh6_.arc' into LogMiner" @service=redpanda-connect label="" path=root.input
time="2026-09-23T12:24:48+01:00" level=debug msg="Loaded ARCHIVED redo log file '/opt/oracle/oradata/recovery_area/FREE/archivelog/2026_09_23/o1_mf_1_2087_oc756hky_.arc' into LogMiner" @service=redpanda-connect label="" path=root.input
time="2026-09-23T12:24:48+01:00" level=debug msg="Loaded ARCHIVED redo log file '/opt/oracle/oradata/recovery_area/FREE/archivelog/2026_09_23/o1_mf_1_2088_oc758cn4_.arc' into LogMiner" @service=redpanda-connect label="" path=root.input
time="2026-09-23T12:24:48+01:00" level=debug msg="Loaded ARCHIVED redo log file '/opt/oracle/oradata/recovery_area/FREE/archivelog/2026_09_23/o1_mf_1_2089_oc75b7oj_.arc' into LogMiner" @service=redpanda-connect label="" path=root.input
time="2026-09-23T12:24:48+01:00" level=debug msg="Loaded ARCHIVED redo log file '/opt/oracle/oradata/recovery_area/FREE/archivelog/2026_09_23/o1_mf_1_2090_oc75d3q6_.arc' into LogMiner" @service=redpanda-connect label="" path=root.input
time="2026-09-23T12:24:48+01:00" level=debug msg="Loaded ARCHIVED redo log file '/opt/oracle/oradata/recovery_area/FREE/archivelog/2026_09_23/o1_mf_1_2091_oc75fzsw_.arc' into LogMiner" @service=redpanda-connect label="" path=root.input
time="2026-09-23T12:24:48+01:00" level=debug msg="Loaded ARCHIVED redo log file '/opt/oracle/oradata/recovery_area/FREE/archivelog/2026_09_23/o1_mf_1_2092_oc75hvw1_.arc' into LogMiner" @service=redpanda-connect label="" path=root.input
time="2026-09-23T12:24:48+01:00" level=debug msg="Loaded ARCHIVED redo log file '/opt/oracle/oradata/recovery_area/FREE/archivelog/2026_09_23/o1_mf_1_2093_oc75kqwc_.arc' into LogMiner" @service=redpanda-connect label="" path=root.input
time="2026-09-23T12:24:48+01:00" level=debug msg="Loaded ARCHIVED redo log file '/opt/oracle/oradata/recovery_area/FREE/archivelog/2026_09_23/o1_mf_1_2094_oc75mmxs_.arc' into LogMiner" @service=redpanda-connect label="" path=root.input
time="2026-09-23T12:24:48+01:00" level=debug msg="Loaded ARCHIVED redo log file '/opt/oracle/oradata/recovery_area/FREE/archivelog/2026_09_23/o1_mf_1_2095_oc75ohyr_.arc' into LogMiner" @service=redpanda-connect label="" path=root.input
time="2026-09-23T12:24:48+01:00" level=debug msg="Loaded ARCHIVED redo log file '/opt/oracle/oradata/recovery_area/FREE/archivelog/2026_09_23/o1_mf_1_2096_oc75qd1t_.arc' into LogMiner" @service=redpanda-connect label="" path=root.input
time="2026-09-23T12:24:48+01:00" level=debug msg="Loaded ARCHIVED redo log file '/opt/oracle/oradata/recovery_area/FREE/archivelog/2026_09_23/o1_mf_1_2097_oc75s82z_.arc' into LogMiner" @service=redpanda-connect label="" path=root.input
time="2026-09-23T12:24:48+01:00" level=debug msg="Loaded ARCHIVED redo log file '/opt/oracle/oradata/recovery_area/FREE/archivelog/2026_09_23/o1_mf_1_2098_oc75v44b_.arc' into LogMiner" @service=redpanda-connect label="" path=root.input
time="2026-09-23T12:24:48+01:00" level=debug msg="Loaded ARCHIVED redo log file '/opt/oracle/oradata/recovery_area/FREE/archivelog/2026_09_23/o1_mf_1_2099_oc75x050_.arc' into LogMiner" @service=redpanda-connect label="" path=root.input
time="2026-09-23T12:24:48+01:00" level=debug msg="Loaded ARCHIVED redo log file '/opt/oracle/oradata/recovery_area/FREE/archivelog/2026_09_23/o1_mf_1_2100_oc75yw6v_.arc' into LogMiner" @service=redpanda-connect label="" path=root.input
time="2026-09-23T12:24:48+01:00" level=debug msg="Loaded ARCHIVED redo log file '/opt/oracle/oradata/recovery_area/FREE/archivelog/2026_09_23/o1_mf_1_2101_oc760r98_.arc' into LogMiner" @service=redpanda-connect label="" path=root.input
time="2026-09-23T12:24:48+01:00" level=debug msg="Loaded ARCHIVED redo log file '/opt/oracle/oradata/recovery_area/FREE/archivelog/2026_09_23/o1_mf_1_2102_oc762ncg_.arc' into LogMiner" @service=redpanda-connect label="" path=root.input
time="2026-09-23T12:24:48+01:00" level=debug msg="Loaded ARCHIVED redo log file '/opt/oracle/oradata/recovery_area/FREE/archivelog/2026_09_23/o1_mf_1_2103_oc764jfx_.arc' into LogMiner" @service=redpanda-connect label="" path=root.input
time="2026-09-23T12:24:48+01:00" level=debug msg="Loaded ARCHIVED redo log file '/opt/oracle/oradata/recovery_area/FREE/archivelog/2026_09_23/o1_mf_1_2104_oc766djw_.arc' into LogMiner" @service=redpanda-connect label="" path=root.input
time="2026-09-23T12:24:48+01:00" level=debug msg="Loaded ARCHIVED redo log file '/opt/oracle/oradata/recovery_area/FREE/archivelog/2026_09_23/o1_mf_1_2105_oc7688lv_.arc' into LogMiner" @service=redpanda-connect label="" path=root.input
time="2026-09-23T12:24:48+01:00" level=debug msg="Loaded ARCHIVED redo log file '/opt/oracle/oradata/recovery_area/FREE/archivelog/2026_09_23/o1_mf_1_2106_oc76b4op_.arc' into LogMiner" @service=redpanda-connect label="" path=root.input
time="2026-09-23T12:24:48+01:00" level=debug msg="Loaded ARCHIVED redo log file '/opt/oracle/oradata/recovery_area/FREE/archivelog/2026_09_23/o1_mf_1_2107_oc76cxq9_.arc' into LogMiner" @service=redpanda-connect label="" path=root.input
time="2026-09-23T12:24:48+01:00" level=debug msg="Loaded ARCHIVED redo log file '/opt/oracle/oradata/recovery_area/FREE/archivelog/2026_09_23/o1_mf_1_2108_oc76fssl_.arc' into LogMiner" @service=redpanda-connect label="" path=root.input
time="2026-09-23T12:24:48+01:00" level=debug msg="Loaded ARCHIVED redo log file '/opt/oracle/oradata/recovery_area/FREE/archivelog/2026_09_23/o1_mf_1_2109_oc76hoxw_.arc' into LogMiner" @service=redpanda-connect label="" path=root.input
time="2026-09-23T12:24:48+01:00" level=debug msg="Loaded ARCHIVED redo log file '/opt/oracle/oradata/recovery_area/FREE/archivelog/2026_09_23/o1_mf_1_2110_oc76kl02_.arc' into LogMiner" @service=redpanda-connect label="" path=root.input
time="2026-09-23T12:24:48+01:00" level=debug msg="Loaded ARCHIVED redo log file '/opt/oracle/oradata/recovery_area/FREE/archivelog/2026_09_23/o1_mf_1_2111_oc76mg2r_.arc' into LogMiner" @service=redpanda-connect label="" path=root.input
time="2026-09-23T12:24:48+01:00" level=debug msg="Loaded ARCHIVED redo log file '/opt/oracle/oradata/recovery_area/FREE/archivelog/2026_09_23/o1_mf_1_2112_oc76ob4t_.arc' into LogMiner" @service=redpanda-connect label="" path=root.input
time="2026-09-23T12:24:48+01:00" level=debug msg="Loaded ARCHIVED redo log file '/opt/oracle/oradata/recovery_area/FREE/archivelog/2026_09_23/o1_mf_1_2113_oc76q66v_.arc' into LogMiner" @service=redpanda-connect label="" path=root.input
time="2026-09-23T12:24:48+01:00" level=debug msg="Loaded ARCHIVED redo log file '/opt/oracle/oradata/recovery_area/FREE/archivelog/2026_09_23/o1_mf_1_2114_oc76s29j_.arc' into LogMiner" @service=redpanda-connect label="" path=root.input
time="2026-09-23T12:24:48+01:00" level=debug msg="Loaded ARCHIVED redo log file '/opt/oracle/oradata/recovery_area/FREE/archivelog/2026_09_23/o1_mf_1_2115_oc76tycg_.arc' into LogMiner" @service=redpanda-connect label="" path=root.input
time="2026-09-23T12:24:48+01:00" level=debug msg="Loaded ARCHIVED redo log file '/opt/oracle/oradata/recovery_area/FREE/archivelog/2026_09_23/o1_mf_1_2116_oc76wtft_.arc' into LogMiner" @service=redpanda-connect label="" path=root.input
time="2026-09-23T12:24:49+01:00" level=debug msg="Loaded ARCHIVED redo log file '/opt/oracle/oradata/recovery_area/FREE/archivelog/2026_09_23/o1_mf_1_2117_oc76ypj0_.arc' into LogMiner" @service=redpanda-connect label="" path=root.input
time="2026-09-23T12:24:49+01:00" level=debug msg="Loaded ARCHIVED redo log file '/opt/oracle/oradata/recovery_area/FREE/archivelog/2026_09_23/o1_mf_1_2118_oc770lkz_.arc' into LogMiner" @service=redpanda-connect label="" path=root.input
time="2026-09-23T12:24:49+01:00" level=debug msg="Loaded ARCHIVED redo log file '/opt/oracle/oradata/recovery_area/FREE/archivelog/2026_09_23/o1_mf_1_2119_oc770xyd_.arc' into LogMiner" @service=redpanda-connect label="" path=root.input
time="2026-09-23T12:24:49+01:00" level=debug msg="Loaded ARCHIVED redo log file '/opt/oracle/oradata/recovery_area/FREE/archivelog/2026_09_23/o1_mf_1_2120_oc770xyv_.arc' into LogMiner" @service=redpanda-connect label="" path=root.input
time="2026-09-23T12:24:49+01:00" level=debug msg="Loaded ARCHIVED redo log file '/opt/oracle/oradata/recovery_area/FREE/archivelog/2026_09_23/o1_mf_1_2121_oc770xyw_.arc' into LogMiner" @service=redpanda-connect label="" path=root.input
time="2026-09-23T12:24:49+01:00" level=debug msg="Loaded ARCHIVED redo log file '/opt/oracle/oradata/recovery_area/FREE/archivelog/2026_09_23/o1_mf_1_2122_oc770y2y_.arc' into LogMiner" @service=redpanda-connect label="" path=root.input
time="2026-09-23T12:24:49+01:00" level=debug msg="Loaded ARCHIVED redo log file '/opt/oracle/oradata/recovery_area/FREE/archivelog/2026_09_23/o1_mf_1_2123_oc770y9o_.arc' into LogMiner" @service=redpanda-connect label="" path=root.input
time="2026-09-23T12:24:49+01:00" level=debug msg="Loaded ARCHIVED redo log file '/opt/oracle/oradata/recovery_area/FREE/archivelog/2026_09_23/o1_mf_1_2124_oc770yf6_.arc' into LogMiner" @service=redpanda-connect label="" path=root.input
time="2026-09-23T12:24:49+01:00" level=debug msg="Loaded ARCHIVED redo log file '/opt/oracle/oradata/recovery_area/FREE/archivelog/2026_09_23/o1_mf_1_2125_oc7715hm_.arc' into LogMiner" @service=redpanda-connect label="" path=root.input
time="2026-09-23T12:24:49+01:00" level=debug msg="Loaded ARCHIVED redo log file '/opt/oracle/oradata/recovery_area/FREE/archivelog/2026_09_23/o1_mf_1_2126_oc7715hx_.arc' into LogMiner" @service=redpanda-connect label="" path=root.input
time="2026-09-23T12:24:49+01:00" level=debug msg="Loaded ARCHIVED redo log file '/opt/oracle/oradata/recovery_area/FREE/archivelog/2026_09_23/o1_mf_1_2127_oc772xlq_.arc' into LogMiner" @service=redpanda-connect label="" path=root.input
time="2026-09-23T12:24:49+01:00" level=debug msg="Loaded ARCHIVED redo log file '/opt/oracle/oradata/recovery_area/FREE/archivelog/2026_09_23/o1_mf_1_2128_oc774snn_.arc' into LogMiner" @service=redpanda-connect label="" path=root.input
time="2026-09-23T12:24:49+01:00" level=debug msg="Loaded ARCHIVED redo log file '/opt/oracle/oradata/recovery_area/FREE/archivelog/2026_09_23/o1_mf_1_2129_oc776rp5_.arc' into LogMiner" @service=redpanda-connect label="" path=root.input
time="2026-09-23T12:24:49+01:00" level=debug msg="Loaded ARCHIVED redo log file '/opt/oracle/oradata/recovery_area/FREE/archivelog/2026_09_23/o1_mf_1_2130_oc778nrg_.arc' into LogMiner" @service=redpanda-connect label="" path=root.input
time="2026-09-23T12:24:49+01:00" level=debug msg="Loaded ARCHIVED redo log file '/opt/oracle/oradata/recovery_area/FREE/archivelog/2026_09_23/o1_mf_1_2131_oc77bjsy_.arc' into LogMiner" @service=redpanda-connect label="" path=root.input
time="2026-09-23T12:24:49+01:00" level=debug msg="Loaded ARCHIVED redo log file '/opt/oracle/oradata/recovery_area/FREE/archivelog/2026_09_23/o1_mf_1_2132_oc77ddvr_.arc' into LogMiner" @service=redpanda-connect label="" path=root.input
time="2026-09-23T12:24:49+01:00" level=debug msg="Loaded ARCHIVED redo log file '/opt/oracle/oradata/recovery_area/FREE/archivelog/2026_09_23/o1_mf_1_2133_oc77g8yd_.arc' into LogMiner" @service=redpanda-connect label="" path=root.input
time="2026-09-23T12:24:49+01:00" level=debug msg="Loaded ARCHIVED redo log file '/opt/oracle/oradata/recovery_area/FREE/archivelog/2026_09_23/o1_mf_1_2134_oc77j50o_.arc' into LogMiner" @service=redpanda-connect label="" path=root.input
time="2026-09-23T12:24:49+01:00" level=debug msg="Loaded ARCHIVED redo log file '/opt/oracle/oradata/recovery_area/FREE/archivelog/2026_09_23/o1_mf_1_2135_oc77l13d_.arc' into LogMiner" @service=redpanda-connect label="" path=root.input
time="2026-09-23T12:24:49+01:00" level=debug msg="Loaded ARCHIVED redo log file '/opt/oracle/oradata/recovery_area/FREE/archivelog/2026_09_23/o1_mf_1_2136_oc77mx5j_.arc' into LogMiner" @service=redpanda-connect label="" path=root.input
time="2026-09-23T12:24:49+01:00" level=debug msg="Loaded ARCHIVED redo log file '/opt/oracle/oradata/recovery_area/FREE/archivelog/2026_09_23/o1_mf_1_2137_oc77os8j_.arc' into LogMiner" @service=redpanda-connect label="" path=root.input
time="2026-09-23T12:24:49+01:00" level=debug msg="Loaded ARCHIVED redo log file '/opt/oracle/oradata/recovery_area/FREE/archivelog/2026_09_23/o1_mf_1_2138_oc77qock_.arc' into LogMiner" @service=redpanda-connect label="" path=root.input
time="2026-09-23T12:24:49+01:00" level=debug msg="Loaded ARCHIVED redo log file '/opt/oracle/oradata/recovery_area/FREE/archivelog/2026_09_23/o1_mf_1_2139_oc77skfo_.arc' into LogMiner" @service=redpanda-connect label="" path=root.input
time="2026-09-23T12:24:49+01:00" level=debug msg="Loaded ARCHIVED redo log file '/opt/oracle/oradata/recovery_area/FREE/archivelog/2026_09_23/o1_mf_1_2140_oc77vfjh_.arc' into LogMiner" @service=redpanda-connect label="" path=root.input
time="2026-09-23T12:24:49+01:00" level=debug msg="Loaded ARCHIVED redo log file '/opt/oracle/oradata/recovery_area/FREE/archivelog/2026_09_23/o1_mf_1_2141_oc77x9mo_.arc' into LogMiner" @service=redpanda-connect label="" path=root.input
time="2026-09-23T12:24:49+01:00" level=debug msg="Loaded ARCHIVED redo log file '/opt/oracle/oradata/recovery_area/FREE/archivelog/2026_09_23/o1_mf_1_2142_oc77z5ot_.arc' into LogMiner" @service=redpanda-connect label="" path=root.input
time="2026-09-23T12:24:49+01:00" level=debug msg="Loaded ARCHIVED redo log file '/opt/oracle/oradata/recovery_area/FREE/archivelog/2026_09_23/o1_mf_1_2143_oc7811s3_.arc' into LogMiner" @service=redpanda-connect label="" path=root.input
time="2026-09-23T12:24:49+01:00" level=debug msg="Loaded ARCHIVED redo log file '/opt/oracle/oradata/recovery_area/FREE/archivelog/2026_09_23/o1_mf_1_2144_oc782xvq_.arc' into LogMiner" @service=redpanda-connect label="" path=root.input
time="2026-09-23T12:24:49+01:00" level=debug msg="Loaded ARCHIVED redo log file '/opt/oracle/oradata/recovery_area/FREE/archivelog/2026_09_23/o1_mf_1_2145_oc784syn_.arc' into LogMiner" @service=redpanda-connect label="" path=root.input
time="2026-09-23T12:24:49+01:00" level=debug msg="Loaded ARCHIVED redo log file '/opt/oracle/oradata/recovery_area/FREE/archivelog/2026_09_23/o1_mf_1_2146_oc786p1r_.arc' into LogMiner" @service=redpanda-connect label="" path=root.input
time="2026-09-23T12:24:49+01:00" level=debug msg="Loaded ARCHIVED redo log file '/opt/oracle/oradata/recovery_area/FREE/archivelog/2026_09_23/o1_mf_1_2147_oc788l4t_.arc' into LogMiner" @service=redpanda-connect label="" path=root.input
time="2026-09-23T12:24:49+01:00" level=debug msg="Loaded ARCHIVED redo log file '/opt/oracle/oradata/recovery_area/FREE/archivelog/2026_09_23/o1_mf_1_2148_oc78bg7m_.arc' into LogMiner" @service=redpanda-connect label="" path=root.input
time="2026-09-23T12:24:49+01:00" level=debug msg="Loaded ARCHIVED redo log file '/opt/oracle/oradata/recovery_area/FREE/archivelog/2026_09_23/o1_mf_1_2149_oc78dbb6_.arc' into LogMiner" @service=redpanda-connect label="" path=root.input
time="2026-09-23T12:24:49+01:00" level=debug msg="Loaded ARCHIVED redo log file '/opt/oracle/oradata/recovery_area/FREE/archivelog/2026_09_23/o1_mf_1_2150_oc78g6dw_.arc' into LogMiner" @service=redpanda-connect label="" path=root.input
time="2026-09-23T12:24:49+01:00" level=debug msg="Loaded ARCHIVED redo log file '/opt/oracle/oradata/recovery_area/FREE/archivelog/2026_09_23/o1_mf_1_2151_oc78j2h7_.arc' into LogMiner" @service=redpanda-connect label="" path=root.input
time="2026-09-23T12:24:49+01:00" level=debug msg="Loaded ARCHIVED redo log file '/opt/oracle/oradata/recovery_area/FREE/archivelog/2026_09_23/o1_mf_1_2152_oc78kykm_.arc' into LogMiner" @service=redpanda-connect label="" path=root.input
time="2026-09-23T12:24:49+01:00" level=debug msg="Loaded ARCHIVED redo log file '/opt/oracle/oradata/recovery_area/FREE/archivelog/2026_09_23/o1_mf_1_2153_oc78mtmt_.arc' into LogMiner" @service=redpanda-connect label="" path=root.input
time="2026-09-23T12:24:49+01:00" level=debug msg="Loaded ARCHIVED redo log file '/opt/oracle/oradata/recovery_area/FREE/archivelog/2026_09_23/o1_mf_1_2154_oc78opoy_.arc' into LogMiner" @service=redpanda-connect label="" path=root.input
time="2026-09-23T12:24:49+01:00" level=debug msg="Loaded ARCHIVED redo log file '/opt/oracle/oradata/recovery_area/FREE/archivelog/2026_09_23/o1_mf_1_2155_oc78qhs3_.arc' into LogMiner" @service=redpanda-connect label="" path=root.input
time="2026-09-23T12:24:49+01:00" level=debug msg="Loaded ARCHIVED redo log file '/opt/oracle/oradata/recovery_area/FREE/archivelog/2026_09_23/o1_mf_1_2156_oc78scvd_.arc' into LogMiner" @service=redpanda-connect label="" path=root.input
time="2026-09-23T12:24:49+01:00" level=debug msg="Loaded ARCHIVED redo log file '/opt/oracle/oradata/recovery_area/FREE/archivelog/2026_09_23/o1_mf_1_2157_oc78v7y3_.arc' into LogMiner" @service=redpanda-connect label="" path=root.input
time="2026-09-23T12:24:49+01:00" level=debug msg="Loaded ARCHIVED redo log file '/opt/oracle/oradata/recovery_area/FREE/archivelog/2026_09_23/o1_mf_1_2158_oc78x41h_.arc' into LogMiner" @service=redpanda-connect label="" path=root.input
time="2026-09-23T12:24:49+01:00" level=debug msg="Loaded ARCHIVED redo log file '/opt/oracle/oradata/recovery_area/FREE/archivelog/2026_09_23/o1_mf_1_2159_oc78z039_.arc' into LogMiner" @service=redpanda-connect label="" path=root.input
time="2026-09-23T12:24:49+01:00" level=debug msg="Loaded ARCHIVED redo log file '/opt/oracle/oradata/recovery_area/FREE/archivelog/2026_09_23/o1_mf_1_2160_oc790w5h_.arc' into LogMiner" @service=redpanda-connect label="" path=root.input
time="2026-09-23T12:24:49+01:00" level=debug msg="Loaded ARCHIVED redo log file '/opt/oracle/oradata/recovery_area/FREE/archivelog/2026_09_23/o1_mf_1_2161_oc792r83_.arc' into LogMiner" @service=redpanda-connect label="" path=root.input
time="2026-09-23T12:24:49+01:00" level=debug msg="Loaded ARCHIVED redo log file '/opt/oracle/oradata/recovery_area/FREE/archivelog/2026_09_23/o1_mf_1_2162_oc794nc0_.arc' into LogMiner" @service=redpanda-connect label="" path=root.input
time="2026-09-23T12:24:49+01:00" level=debug msg="Loaded ARCHIVED redo log file '/opt/oracle/oradata/recovery_area/FREE/archivelog/2026_09_23/o1_mf_1_2163_oc796jfr_.arc' into LogMiner" @service=redpanda-connect label="" path=root.input
time="2026-09-23T12:24:49+01:00" level=debug msg="Loaded ARCHIVED redo log file '/opt/oracle/oradata/recovery_area/FREE/archivelog/2026_09_23/o1_mf_1_2164_oc798dj9_.arc' into LogMiner" @service=redpanda-connect label="" path=root.input
time="2026-09-23T12:24:49+01:00" level=debug msg="Loaded ARCHIVED redo log file '/opt/oracle/oradata/recovery_area/FREE/archivelog/2026_09_23/o1_mf_1_2165_oc79b8ln_.arc' into LogMiner" @service=redpanda-connect label="" path=root.input
time="2026-09-23T12:24:49+01:00" level=debug msg="Loaded ARCHIVED redo log file '/opt/oracle/oradata/recovery_area/FREE/archivelog/2026_09_23/o1_mf_1_2166_oc79d4nx_.arc' into LogMiner" @service=redpanda-connect label="" path=root.input
time="2026-09-23T12:24:49+01:00" level=debug msg="Loaded ARCHIVED redo log file '/opt/oracle/oradata/recovery_area/FREE/archivelog/2026_09_23/o1_mf_1_2167_oc79g0qc_.arc' into LogMiner" @service=redpanda-connect label="" path=root.input
time="2026-09-23T12:24:49+01:00" level=debug msg="Loaded ARCHIVED redo log file '/opt/oracle/oradata/recovery_area/FREE/archivelog/2026_09_23/o1_mf_1_2168_oc79hwsm_.arc' into LogMiner" @service=redpanda-connect label="" path=root.input
time="2026-09-23T12:24:49+01:00" level=debug msg="Loaded ARCHIVED redo log file '/opt/oracle/oradata/recovery_area/FREE/archivelog/2026_09_23/o1_mf_1_2169_oc79krv6_.arc' into LogMiner" @service=redpanda-connect label="" path=root.input
time="2026-09-23T12:24:49+01:00" level=debug msg="Loaded ARCHIVED redo log file '/opt/oracle/oradata/recovery_area/FREE/archivelog/2026_09_23/o1_mf_1_2170_oc79mnxz_.arc' into LogMiner" @service=redpanda-connect label="" path=root.input
time="2026-09-23T12:24:49+01:00" level=debug msg="Loaded ARCHIVED redo log file '/opt/oracle/oradata/recovery_area/FREE/archivelog/2026_09_23/o1_mf_1_2171_oc79ok11_.arc' into LogMiner" @service=redpanda-connect label="" path=root.input
time="2026-09-23T12:24:49+01:00" level=debug msg="Started LogMiner session from SCN 114413453 to SCN 114613453" @service=redpanda-connect label="" path=root.input
time="2026-09-23T12:24:49+01:00" level=debug msg="Executing LogMiner query with SCN range (scn=114413453 to 114613453 with window 200000)" @service=redpanda-connect label="" path=root.input
time="2026-09-23T12:24:49+01:00" level=debug msg="LogMiner query returned first row after 141.13875ms (scn=114413453 to 114613453)" @service=redpanda-connect label="" path=root.input
time="2026-09-23T12:24:58+01:00" level=debug msg="Collected 79 redo log file(s) for LogMiner: [ARCHIVED ARCHIVED ARCHIVED ARCHIVED ARCHIVED ARCHIVED ARCHIVED ARCHIVED ARCHIVED ARCHIVED ARCHIVED ARCHIVED ARCHIVED ARCHIVED ARCHIVED ARCHIVED ARCHIVED ARCHIVED ARCHIVED ARCHIVED ARCHIVED ARCHIVED ARCHIVED ARCHIVED ARCHIVED ARCHIVED ARCHIVED ARCHIVED ARCHIVED ARCHIVED ARCHIVED ARCHIVED ARCHIVED ARCHIVED ARCHIVED ARCHIVED ARCHIVED ARCHIVED ARCHIVED ARCHIVED ARCHIVED ARCHIVED ARCHIVED ARCHIVED ARCHIVED ARCHIVED ARCHIVED ARCHIVED ARCHIVED ARCHIVED ARCHIVED ARCHIVED ARCHIVED ARCHIVED ARCHIVED ARCHIVED ARCHIVED ARCHIVED ARCHIVED ARCHIVED ARCHIVED ARCHIVED ARCHIVED ARCHIVED ARCHIVED ARCHIVED ARCHIVED ARCHIVED ARCHIVED ARCHIVED ARCHIVED ARCHIVED ARCHIVED ARCHIVED ARCHIVED ARCHIVED ARCHIVED ARCHIVED ONLINE]" @service=redpanda-connect label="" path=root.input
time="2026-09-23T12:24:58+01:00" level=debug msg="Loaded ARCHIVED redo log file '/opt/oracle/oradata/recovery_area/FREE/archivelog/2026_09_23/o1_mf_1_2171_oc79ok11_.arc' into LogMiner" @service=redpanda-connect label="" path=root.input
time="2026-09-23T12:24:58+01:00" level=debug msg="Loaded ARCHIVED redo log file '/opt/oracle/oradata/recovery_area/FREE/archivelog/2026_09_23/o1_mf_1_2172_oc79qf2r_.arc' into LogMiner" @service=redpanda-connect label="" path=root.input
time="2026-09-23T12:24:58+01:00" level=debug msg="Loaded ARCHIVED redo log file '/opt/oracle/oradata/recovery_area/FREE/archivelog/2026_09_23/o1_mf_1_2173_oc79s958_.arc' into LogMiner" @service=redpanda-connect label="" path=root.input
time="2026-09-23T12:24:58+01:00" level=debug msg="Loaded ARCHIVED redo log file '/opt/oracle/oradata/recovery_area/FREE/archivelog/2026_09_23/o1_mf_1_2174_oc79v575_.arc' into LogMiner" @service=redpanda-connect label="" path=root.input
time="2026-09-23T12:24:58+01:00" level=debug msg="Loaded ARCHIVED redo log file '/opt/oracle/oradata/recovery_area/FREE/archivelog/2026_09_23/o1_mf_1_2175_oc79x1b9_.arc' into LogMiner" @service=redpanda-connect label="" path=root.input
time="2026-09-23T12:24:58+01:00" level=debug msg="Loaded ARCHIVED redo log file '/opt/oracle/oradata/recovery_area/FREE/archivelog/2026_09_23/o1_mf_1_2176_oc79yxf3_.arc' into LogMiner" @service=redpanda-connect label="" path=root.input
time="2026-09-23T12:24:58+01:00" level=debug msg="Loaded ARCHIVED redo log file '/opt/oracle/oradata/recovery_area/FREE/archivelog/2026_09_23/o1_mf_1_2177_oc7b0sj9_.arc' into LogMiner" @service=redpanda-connect label="" path=root.input
time="2026-09-23T12:24:58+01:00" level=debug msg="Loaded ARCHIVED redo log file '/opt/oracle/oradata/recovery_area/FREE/archivelog/2026_09_23/o1_mf_1_2178_oc7b2omc_.arc' into LogMiner" @service=redpanda-connect label="" path=root.input
time="2026-09-23T12:24:58+01:00" level=debug msg="Loaded ARCHIVED redo log file '/opt/oracle/oradata/recovery_area/FREE/archivelog/2026_09_23/o1_mf_1_2179_oc7b4kov_.arc' into LogMiner" @service=redpanda-connect label="" path=root.input
time="2026-09-23T12:24:58+01:00" level=debug msg="Loaded ARCHIVED redo log file '/opt/oracle/oradata/recovery_area/FREE/archivelog/2026_09_23/o1_mf_1_2180_oc7b6frq_.arc' into LogMiner" @service=redpanda-connect label="" path=root.input
time="2026-09-23T12:24:58+01:00" level=debug msg="Loaded ARCHIVED redo log file '/opt/oracle/oradata/recovery_area/FREE/archivelog/2026_09_23/o1_mf_1_2181_oc7b89vt_.arc' into LogMiner" @service=redpanda-connect label="" path=root.input
time="2026-09-23T12:24:58+01:00" level=debug msg="Loaded ARCHIVED redo log file '/opt/oracle/oradata/recovery_area/FREE/archivelog/2026_09_23/o1_mf_1_2182_oc7bb5yr_.arc' into LogMiner" @service=redpanda-connect label="" path=root.input
time="2026-09-23T12:24:58+01:00" level=debug msg="Loaded ARCHIVED redo log file '/opt/oracle/oradata/recovery_area/FREE/archivelog/2026_09_23/o1_mf_1_2183_oc7bd214_.arc' into LogMiner" @service=redpanda-connect label="" path=root.input
time="2026-09-23T12:24:58+01:00" level=debug msg="Loaded ARCHIVED redo log file '/opt/oracle/oradata/recovery_area/FREE/archivelog/2026_09_23/o1_mf_1_2184_oc7bfy2h_.arc' into LogMiner" @service=redpanda-connect label="" path=root.input
time="2026-09-23T12:24:58+01:00" level=debug msg="Loaded ARCHIVED redo log file '/opt/oracle/oradata/recovery_area/FREE/archivelog/2026_09_23/o1_mf_1_2185_oc7bht3b_.arc' into LogMiner" @service=redpanda-connect label="" path=root.input
time="2026-09-23T12:24:58+01:00" level=debug msg="Loaded ARCHIVED redo log file '/opt/oracle/oradata/recovery_area/FREE/archivelog/2026_09_23/o1_mf_1_2186_oc7bkp4x_.arc' into LogMiner" @service=redpanda-connect label="" path=root.input
time="2026-09-23T12:24:58+01:00" level=debug msg="Loaded ARCHIVED redo log file '/opt/oracle/oradata/recovery_area/FREE/archivelog/2026_09_23/o1_mf_1_2187_oc7bml76_.arc' into LogMiner" @service=redpanda-connect label="" path=root.input
time="2026-09-23T12:24:58+01:00" level=debug msg="Loaded ARCHIVED redo log file '/opt/oracle/oradata/recovery_area/FREE/archivelog/2026_09_23/o1_mf_1_2188_oc7bogbn_.arc' into LogMiner" @service=redpanda-connect label="" path=root.input
time="2026-09-23T12:24:58+01:00" level=debug msg="Loaded ARCHIVED redo log file '/opt/oracle/oradata/recovery_area/FREE/archivelog/2026_09_23/o1_mf_1_2189_oc7bqbf8_.arc' into LogMiner" @service=redpanda-connect label="" path=root.input
time="2026-09-23T12:24:58+01:00" level=debug msg="Loaded ARCHIVED redo log file '/opt/oracle/oradata/recovery_area/FREE/archivelog/2026_09_23/o1_mf_1_2190_oc7bs6j3_.arc' into LogMiner" @service=redpanda-connect label="" path=root.input
time="2026-09-23T12:24:58+01:00" level=debug msg="Loaded ARCHIVED redo log file '/opt/oracle/oradata/recovery_area/FREE/archivelog/2026_09_23/o1_mf_1_2191_oc7bv2l9_.arc' into LogMiner" @service=redpanda-connect label="" path=root.input
time="2026-09-23T12:24:58+01:00" level=debug msg="Loaded ARCHIVED redo log file '/opt/oracle/oradata/recovery_area/FREE/archivelog/2026_09_23/o1_mf_1_2192_oc7bwyol_.arc' into LogMiner" @service=redpanda-connect label="" path=root.input
time="2026-09-23T12:24:58+01:00" level=debug msg="Loaded ARCHIVED redo log file '/opt/oracle/oradata/recovery_area/FREE/archivelog/2026_09_23/o1_mf_1_2193_oc7byqqx_.arc' into LogMiner" @service=redpanda-connect label="" path=root.input
time="2026-09-23T12:24:58+01:00" level=debug msg="Loaded ARCHIVED redo log file '/opt/oracle/oradata/recovery_area/FREE/archivelog/2026_09_23/o1_mf_1_2194_oc7c0mvb_.arc' into LogMiner" @service=redpanda-connect label="" path=root.input
time="2026-09-23T12:24:58+01:00" level=debug msg="Loaded ARCHIVED redo log file '/opt/oracle/oradata/recovery_area/FREE/archivelog/2026_09_23/o1_mf_1_2195_oc7c2hy5_.arc' into LogMiner" @service=redpanda-connect label="" path=root.input
time="2026-09-23T12:24:58+01:00" level=debug msg="Loaded ARCHIVED redo log file '/opt/oracle/oradata/recovery_area/FREE/archivelog/2026_09_23/o1_mf_1_2196_oc7c4d14_.arc' into LogMiner" @service=redpanda-connect label="" path=root.input
time="2026-09-23T12:24:58+01:00" level=debug msg="Loaded ARCHIVED redo log file '/opt/oracle/oradata/recovery_area/FREE/archivelog/2026_09_23/o1_mf_1_2197_oc7c683p_.arc' into LogMiner" @service=redpanda-connect label="" path=root.input
time="2026-09-23T12:24:58+01:00" level=debug msg="Loaded ARCHIVED redo log file '/opt/oracle/oradata/recovery_area/FREE/archivelog/2026_09_23/o1_mf_1_2198_oc7c846l_.arc' into LogMiner" @service=redpanda-connect label="" path=root.input
time="2026-09-23T12:24:58+01:00" level=debug msg="Loaded ARCHIVED redo log file '/opt/oracle/oradata/recovery_area/FREE/archivelog/2026_09_23/o1_mf_1_2199_oc7cb083_.arc' into LogMiner" @service=redpanda-connect label="" path=root.input
time="2026-09-23T12:24:58+01:00" level=debug msg="Loaded ARCHIVED redo log file '/opt/oracle/oradata/recovery_area/FREE/archivelog/2026_09_23/o1_mf_1_2200_oc7ccw9z_.arc' into LogMiner" @service=redpanda-connect label="" path=root.input
time="2026-09-23T12:24:58+01:00" level=debug msg="Loaded ARCHIVED redo log file '/opt/oracle/oradata/recovery_area/FREE/archivelog/2026_09_23/o1_mf_1_2201_oc7cfrbs_.arc' into LogMiner" @service=redpanda-connect label="" path=root.input
time="2026-09-23T12:24:58+01:00" level=debug msg="Loaded ARCHIVED redo log file '/opt/oracle/oradata/recovery_area/FREE/archivelog/2026_09_23/o1_mf_1_2202_oc7chndd_.arc' into LogMiner" @service=redpanda-connect label="" path=root.input
time="2026-09-23T12:24:58+01:00" level=debug msg="Loaded ARCHIVED redo log file '/opt/oracle/oradata/recovery_area/FREE/archivelog/2026_09_23/o1_mf_1_2203_oc7ckjgl_.arc' into LogMiner" @service=redpanda-connect label="" path=root.input
time="2026-09-23T12:24:58+01:00" level=debug msg="Loaded ARCHIVED redo log file '/opt/oracle/oradata/recovery_area/FREE/archivelog/2026_09_23/o1_mf_1_2204_oc7cmdkg_.arc' into LogMiner" @service=redpanda-connect label="" path=root.input
time="2026-09-23T12:24:58+01:00" level=debug msg="Loaded ARCHIVED redo log file '/opt/oracle/oradata/recovery_area/FREE/archivelog/2026_09_23/o1_mf_1_2205_oc7co8no_.arc' into LogMiner" @service=redpanda-connect label="" path=root.input
time="2026-09-23T12:24:58+01:00" level=debug msg="Loaded ARCHIVED redo log file '/opt/oracle/oradata/recovery_area/FREE/archivelog/2026_09_23/o1_mf_1_2206_oc7cq4pl_.arc' into LogMiner" @service=redpanda-connect label="" path=root.input
time="2026-09-23T12:24:58+01:00" level=debug msg="Loaded ARCHIVED redo log file '/opt/oracle/oradata/recovery_area/FREE/archivelog/2026_09_23/o1_mf_1_2207_oc7cqwfm_.arc' into LogMiner" @service=redpanda-connect label="" path=root.input
time="2026-09-23T12:24:58+01:00" level=debug msg="Loaded ARCHIVED redo log file '/opt/oracle/oradata/recovery_area/FREE/archivelog/2026_09_23/o1_mf_1_2208_oc7cqwfz_.arc' into LogMiner" @service=redpanda-connect label="" path=root.input
time="2026-09-23T12:24:58+01:00" level=debug msg="Loaded ARCHIVED redo log file '/opt/oracle/oradata/recovery_area/FREE/archivelog/2026_09_23/o1_mf_1_2209_oc7cqwgj_.arc' into LogMiner" @service=redpanda-connect label="" path=root.input
time="2026-09-23T12:24:58+01:00" level=debug msg="Loaded ARCHIVED redo log file '/opt/oracle/oradata/recovery_area/FREE/archivelog/2026_09_23/o1_mf_1_2210_oc7cqwk9_.arc' into LogMiner" @service=redpanda-connect label="" path=root.input
time="2026-09-23T12:24:58+01:00" level=debug msg="Loaded ARCHIVED redo log file '/opt/oracle/oradata/recovery_area/FREE/archivelog/2026_09_23/o1_mf_1_2211_oc7cqwnm_.arc' into LogMiner" @service=redpanda-connect label="" path=root.input
time="2026-09-23T12:24:58+01:00" level=debug msg="Loaded ARCHIVED redo log file '/opt/oracle/oradata/recovery_area/FREE/archivelog/2026_09_23/o1_mf_1_2212_oc7cqwqt_.arc' into LogMiner" @service=redpanda-connect label="" path=root.input
time="2026-09-23T12:24:58+01:00" level=debug msg="Loaded ARCHIVED redo log file '/opt/oracle/oradata/recovery_area/FREE/archivelog/2026_09_23/o1_mf_1_2213_oc7cr2kc_.arc' into LogMiner" @service=redpanda-connect label="" path=root.input
time="2026-09-23T12:24:58+01:00" level=debug msg="Loaded ARCHIVED redo log file '/opt/oracle/oradata/recovery_area/FREE/archivelog/2026_09_23/o1_mf_1_2214_oc7cr2km_.arc' into LogMiner" @service=redpanda-connect label="" path=root.input
time="2026-09-23T12:24:58+01:00" level=debug msg="Loaded ARCHIVED redo log file '/opt/oracle/oradata/recovery_area/FREE/archivelog/2026_09_23/o1_mf_1_2215_oc7csvqz_.arc' into LogMiner" @service=redpanda-connect label="" path=root.input
time="2026-09-23T12:24:58+01:00" level=debug msg="Loaded ARCHIVED redo log file '/opt/oracle/oradata/recovery_area/FREE/archivelog/2026_09_23/o1_mf_1_2216_oc7cvqss_.arc' into LogMiner" @service=redpanda-connect label="" path=root.input
time="2026-09-23T12:24:58+01:00" level=debug msg="Loaded ARCHIVED redo log file '/opt/oracle/oradata/recovery_area/FREE/archivelog/2026_09_23/o1_mf_1_2217_oc7cxpvd_.arc' into LogMiner" @service=redpanda-connect label="" path=root.input
time="2026-09-23T12:24:58+01:00" level=debug msg="Loaded ARCHIVED redo log file '/opt/oracle/oradata/recovery_area/FREE/archivelog/2026_09_23/o1_mf_1_2218_oc7czlx0_.arc' into LogMiner" @service=redpanda-connect label="" path=root.input
time="2026-09-23T12:24:58+01:00" level=debug msg="Loaded ARCHIVED redo log file '/opt/oracle/oradata/recovery_area/FREE/archivelog/2026_09_23/o1_mf_1_2219_oc7d1hfq_.arc' into LogMiner" @service=redpanda-connect label="" path=root.input
time="2026-09-23T12:24:58+01:00" level=debug msg="Loaded ARCHIVED redo log file '/opt/oracle/oradata/recovery_area/FREE/archivelog/2026_09_23/o1_mf_1_2220_oc7d3bob_.arc' into LogMiner" @service=redpanda-connect label="" path=root.input
time="2026-09-23T12:24:58+01:00" level=debug msg="Loaded ARCHIVED redo log file '/opt/oracle/oradata/recovery_area/FREE/archivelog/2026_09_23/o1_mf_1_2221_oc7d56r2_.arc' into LogMiner" @service=redpanda-connect label="" path=root.input
time="2026-09-23T12:24:58+01:00" level=debug msg="Loaded ARCHIVED redo log file '/opt/oracle/oradata/recovery_area/FREE/archivelog/2026_09_23/o1_mf_1_2222_oc7d72tt_.arc' into LogMiner" @service=redpanda-connect label="" path=root.input
time="2026-09-23T12:24:58+01:00" level=debug msg="Loaded ARCHIVED redo log file '/opt/oracle/oradata/recovery_area/FREE/archivelog/2026_09_23/o1_mf_1_2223_oc7d8yy1_.arc' into LogMiner" @service=redpanda-connect label="" path=root.input
time="2026-09-23T12:24:58+01:00" level=debug msg="Loaded ARCHIVED redo log file '/opt/oracle/oradata/recovery_area/FREE/archivelog/2026_09_23/o1_mf_1_2224_oc7dbv11_.arc' into LogMiner" @service=redpanda-connect label="" path=root.input
time="2026-09-23T12:24:58+01:00" level=debug msg="Loaded ARCHIVED redo log file '/opt/oracle/oradata/recovery_area/FREE/archivelog/2026_09_23/o1_mf_1_2225_oc7ddq3b_.arc' into LogMiner" @service=redpanda-connect label="" path=root.input
time="2026-09-23T12:24:58+01:00" level=debug msg="Loaded ARCHIVED redo log file '/opt/oracle/oradata/recovery_area/FREE/archivelog/2026_09_23/o1_mf_1_2226_oc7dgm64_.arc' into LogMiner" @service=redpanda-connect label="" path=root.input
time="2026-09-23T12:24:58+01:00" level=debug msg="Loaded ARCHIVED redo log file '/opt/oracle/oradata/recovery_area/FREE/archivelog/2026_09_23/o1_mf_1_2227_oc7djh9w_.arc' into LogMiner" @service=redpanda-connect label="" path=root.input
time="2026-09-23T12:24:58+01:00" level=debug msg="Loaded ARCHIVED redo log file '/opt/oracle/oradata/recovery_area/FREE/archivelog/2026_09_23/o1_mf_1_2228_oc7dlcds_.arc' into LogMiner" @service=redpanda-connect label="" path=root.input
time="2026-09-23T12:24:58+01:00" level=debug msg="Loaded ARCHIVED redo log file '/opt/oracle/oradata/recovery_area/FREE/archivelog/2026_09_23/o1_mf_1_2229_oc7dn7h9_.arc' into LogMiner" @service=redpanda-connect label="" path=root.input
time="2026-09-23T12:24:58+01:00" level=debug msg="Loaded ARCHIVED redo log file '/opt/oracle/oradata/recovery_area/FREE/archivelog/2026_09_23/o1_mf_1_2230_oc7dp3kz_.arc' into LogMiner" @service=redpanda-connect label="" path=root.input
time="2026-09-23T12:24:58+01:00" level=debug msg="Loaded ARCHIVED redo log file '/opt/oracle/oradata/recovery_area/FREE/archivelog/2026_09_23/o1_mf_1_2231_oc7dqznw_.arc' into LogMiner" @service=redpanda-connect label="" path=root.input
time="2026-09-23T12:24:58+01:00" level=debug msg="Loaded ARCHIVED redo log file '/opt/oracle/oradata/recovery_area/FREE/archivelog/2026_09_23/o1_mf_1_2232_oc7dsvql_.arc' into LogMiner" @service=redpanda-connect label="" path=root.input
time="2026-09-23T12:24:58+01:00" level=debug msg="Loaded ARCHIVED redo log file '/opt/oracle/oradata/recovery_area/FREE/archivelog/2026_09_23/o1_mf_1_2233_oc7dvqtf_.arc' into LogMiner" @service=redpanda-connect label="" path=root.input
time="2026-09-23T12:24:58+01:00" level=debug msg="Loaded ARCHIVED redo log file '/opt/oracle/oradata/recovery_area/FREE/archivelog/2026_09_23/o1_mf_1_2234_oc7dxmx0_.arc' into LogMiner" @service=redpanda-connect label="" path=root.input
time="2026-09-23T12:24:58+01:00" level=debug msg="Loaded ARCHIVED redo log file '/opt/oracle/oradata/recovery_area/FREE/archivelog/2026_09_23/o1_mf_1_2235_oc7dzj0o_.arc' into LogMiner" @service=redpanda-connect label="" path=root.input
time="2026-09-23T12:24:58+01:00" level=debug msg="Loaded ARCHIVED redo log file '/opt/oracle/oradata/recovery_area/FREE/archivelog/2026_09_23/o1_mf_1_2236_oc7f1d39_.arc' into LogMiner" @service=redpanda-connect label="" path=root.input
time="2026-09-23T12:24:58+01:00" level=debug msg="Loaded ARCHIVED redo log file '/opt/oracle/oradata/recovery_area/FREE/archivelog/2026_09_23/o1_mf_1_2237_oc7f386k_.arc' into LogMiner" @service=redpanda-connect label="" path=root.input
time="2026-09-23T12:24:58+01:00" level=debug msg="Loaded ARCHIVED redo log file '/opt/oracle/oradata/recovery_area/FREE/archivelog/2026_09_23/o1_mf_1_2238_oc7f549w_.arc' into LogMiner" @service=redpanda-connect label="" path=root.input
time="2026-09-23T12:24:58+01:00" level=debug msg="Loaded ARCHIVED redo log file '/opt/oracle/oradata/recovery_area/FREE/archivelog/2026_09_23/o1_mf_1_2239_oc7f70g4_.arc' into LogMiner" @service=redpanda-connect label="" path=root.input
time="2026-09-23T12:24:58+01:00" level=debug msg="Loaded ARCHIVED redo log file '/opt/oracle/oradata/recovery_area/FREE/archivelog/2026_09_23/o1_mf_1_2240_oc7f8wk5_.arc' into LogMiner" @service=redpanda-connect label="" path=root.input
time="2026-09-23T12:24:58+01:00" level=debug msg="Loaded ARCHIVED redo log file '/opt/oracle/oradata/recovery_area/FREE/archivelog/2026_09_23/o1_mf_1_2241_oc7fbvn9_.arc' into LogMiner" @service=redpanda-connect label="" path=root.input
time="2026-09-23T12:24:58+01:00" level=debug msg="Loaded ARCHIVED redo log file '/opt/oracle/oradata/recovery_area/FREE/archivelog/2026_09_23/o1_mf_1_2242_oc7fdtpr_.arc' into LogMiner" @service=redpanda-connect label="" path=root.input
time="2026-09-23T12:24:58+01:00" level=debug msg="Loaded ARCHIVED redo log file '/opt/oracle/oradata/recovery_area/FREE/archivelog/2026_09_23/o1_mf_1_2243_oc7fgms2_.arc' into LogMiner" @service=redpanda-connect label="" path=root.input
time="2026-09-23T12:24:58+01:00" level=debug msg="Loaded ARCHIVED redo log file '/opt/oracle/oradata/recovery_area/FREE/archivelog/2026_09_23/o1_mf_1_2244_oc7fjhvj_.arc' into LogMiner" @service=redpanda-connect label="" path=root.input
time="2026-09-23T12:24:58+01:00" level=debug msg="Loaded ARCHIVED redo log file '/opt/oracle/oradata/recovery_area/FREE/archivelog/2026_09_23/o1_mf_1_2245_oc7flcwh_.arc' into LogMiner" @service=redpanda-connect label="" path=root.input
time="2026-09-23T12:24:58+01:00" level=debug msg="Loaded ARCHIVED redo log file '/opt/oracle/oradata/recovery_area/FREE/archivelog/2026_09_23/o1_mf_1_2246_oc7fn7yb_.arc' into LogMiner" @service=redpanda-connect label="" path=root.input
time="2026-09-23T12:24:58+01:00" level=debug msg="Loaded ARCHIVED redo log file '/opt/oracle/oradata/recovery_area/FREE/archivelog/2026_09_23/o1_mf_1_2247_oc7fp40f_.arc' into LogMiner" @service=redpanda-connect label="" path=root.input
time="2026-09-23T12:24:58+01:00" level=debug msg="Loaded ARCHIVED redo log file '/opt/oracle/oradata/recovery_area/FREE/archivelog/2026_09_23/o1_mf_1_2248_oc7fr00y_.arc' into LogMiner" @service=redpanda-connect label="" path=root.input
time="2026-09-23T12:24:58+01:00" level=debug msg="Loaded ONLINE redo log file '/opt/oracle/oradata/FREE/redo09.log' into LogMiner" @service=redpanda-connect label="" path=root.input
time="2026-09-23T12:24:58+01:00" level=debug msg="Started LogMiner session from SCN 114613453 to SCN 114719910" @service=redpanda-connect label="" path=root.input
time="2026-09-23T12:24:58+01:00" level=debug msg="Executing LogMiner query with SCN range (scn=114613453 to 114719910 with window 200000)" @service=redpanda-connect label="" path=root.input
time="2026-09-23T12:24:58+01:00" level=debug msg="LogMiner query returned first row after 209.692792ms (scn=114613453 to 114719910)" @service=redpanda-connect label="" path=root.input
time="2026-09-23T12:25:00+01:00" level=debug msg="Caught up with redo logs, backing off for 10s..." @service=redpanda-connect label="" path=root.input
